[{"InvoiceNo": "536598", "StockCode": "21421", "Description": "PORCELAIN ROSE LARGE ", "Quantity": "12", "InvoiceDate": "02-12-2010 7:48", "UnitPrice": "1.25", "CustomerID": "13090", "Country": "United Kingdom"},
{"InvoiceNo": "536598", "StockCode": "21422", "Description": "PORCELAIN ROSE SMALL", "Quantity": "16", "InvoiceDate": "02-12-2010 7:48", "UnitPrice": "0.85", "CustomerID": "13090", "Country": "United Kingdom"},
{"InvoiceNo": "536598", "StockCode": "22178", "Description": "VICTORIAN GLASS HANGING T-LIGHT", "Quantity": "24", "InvoiceDate": "02-12-2010 7:48", "UnitPrice": "1.25", "CustomerID": "13090", "Country": "United Kingdom"},
{"InvoiceNo": "536598", "StockCode": "22617", "Description": "BAKING SET SPACEBOY DESIGN", "Quantity": "24", "InvoiceDate": "02-12-2010 7:48", "UnitPrice": "4.25", "CustomerID": "13090", "Country": "United Kingdom"},
{"InvoiceNo": "536608", "StockCode": "22863", "Description": "SOAP DISH BROCANTE", "Quantity": "6", "InvoiceDate": "02-12-2010 9:37", "UnitPrice": "2.95", "CustomerID": "12855", "Country": "United Kingdom"},
{"InvoiceNo": "536608", "StockCode": "22962", "Description": "JAM JAR WITH PINK LID", "Quantity": "12", "InvoiceDate": "02-12-2010 9:37", "UnitPrice": "0.85", "CustomerID": "12855", "Country": "United Kingdom"},
{"InvoiceNo": "536608", "StockCode": "22963", "Description": "JAM JAR WITH GREEN LID", "Quantity": "12", "InvoiceDate": "02-12-2010 9:37", "UnitPrice": "0.85", "CustomerID": "12855", "Country": "United Kingdom"},
{"InvoiceNo": "536618", "StockCode": "20975", "Description": "12 PENCILS SMALL TUBE RED RETROSPOT", "Quantity": "24", "InvoiceDate": "02-12-2010 10:17", "UnitPrice": "0.65", "CustomerID": "17017", "Country": "United Kingdom"},
{"InvoiceNo": "536618", "StockCode": "21592", "Description": "RETROSPOT CIGAR BOX MATCHES ", "Quantity": "24", "InvoiceDate": "02-12-2010 10:17", "UnitPrice": "1.25", "CustomerID": "17017", "Country": "United Kingdom"},
{"InvoiceNo": "536618", "StockCode": "21791", "Description": "VINTAGE HEADS AND TAILS CARD GAME ", "Quantity": "24", "InvoiceDate": "02-12-2010 10:17", "UnitPrice": "1.25", "CustomerID": "17017", "Country": "United Kingdom"},
{"InvoiceNo": "536618", "StockCode": "21914", "Description": "BLUE HARMONICA IN BOX ", "Quantity": "36", "InvoiceDate": "02-12-2010 10:17", "UnitPrice": "1.25", "CustomerID": "17017", "Country": "United Kingdom"},
{"InvoiceNo": "536618", "StockCode": "21915", "Description": "RED  HARMONICA IN BOX ", "Quantity": "24", "InvoiceDate": "02-12-2010 10:17", "UnitPrice": "1.25", "CustomerID": "17017", "Country": "United Kingdom"},
{"InvoiceNo": "536618", "StockCode": "22197", "Description": "SMALL POPCORN HOLDER", "Quantity": "48", "InvoiceDate": "02-12-2010 10:17", "UnitPrice": "0.85", "CustomerID": "17017", "Country": "United Kingdom"},
{"InvoiceNo": "536618", "StockCode": "22198", "Description": "LARGE POPCORN HOLDER ", "Quantity": "24", "InvoiceDate": "02-12-2010 10:17", "UnitPrice": "1.65", "CustomerID": "17017", "Country": "United Kingdom"},
{"InvoiceNo": "536618", "StockCode": "22418", "Description": "10 COLOUR SPACEBOY PEN", "Quantity": "24", "InvoiceDate": "02-12-2010 10:17", "UnitPrice": "0.85", "CustomerID": "17017", "Country": "United Kingdom"},
{"InvoiceNo": "536618", "StockCode": "22434", "Description": "BALLOON PUMP WITH 10 BALLOONS", "Quantity": "16", "InvoiceDate": "02-12-2010 10:17", "UnitPrice": "1.95", "CustomerID": "17017", "Country": "United Kingdom"},
{"InvoiceNo": "536618", "StockCode": "22440", "Description": "BALLOON WATER BOMB PACK OF 35", "Quantity": "40", "InvoiceDate": "02-12-2010 10:17", "UnitPrice": "0.42", "CustomerID": "17017", "Country": "United Kingdom"},
{"InvoiceNo": "536618", "StockCode": "22466", "Description": "FAIRY TALE COTTAGE NIGHTLIGHT", "Quantity": "24", "InvoiceDate": "02-12-2010 10:17", "UnitPrice": "1.95", "CustomerID": "17017", "Country": "United Kingdom"},
{"InvoiceNo": "536618", "StockCode": "22551", "Description": "PLASTERS IN TIN SPACEBOY", "Quantity": "24", "InvoiceDate": "02-12-2010 10:17", "UnitPrice": "1.65", "CustomerID": "17017", "Country": "United Kingdom"},
{"InvoiceNo": "536618", "StockCode": "22555", "Description": "PLASTERS IN TIN STRONGMAN", "Quantity": "24", "InvoiceDate": "02-12-2010 10:17", "UnitPrice": "1.65", "CustomerID": "17017", "Country": "United Kingdom"},
{"InvoiceNo": "536618", "StockCode": "22556", "Description": "PLASTERS IN TIN CIRCUS PARADE ", "Quantity": "24", "InvoiceDate": "02-12-2010 10:17", "UnitPrice": "1.65", "CustomerID": "17017", "Country": "United Kingdom"},
{"InvoiceNo": "536618", "StockCode": "22564", "Description": "ALPHABET STENCIL CRAFT", "Quantity": "12", "InvoiceDate": "02-12-2010 10:17", "UnitPrice": "1.25", "CustomerID": "17017", "Country": "United Kingdom"},
{"InvoiceNo": "536618", "StockCode": "22909", "Description": "SET OF 20 VINTAGE CHRISTMAS NAPKINS", "Quantity": "36", "InvoiceDate": "02-12-2010 10:17", "UnitPrice": "0.85", "CustomerID": "17017", "Country": "United Kingdom"},
{"InvoiceNo": "536618", "StockCode": "22910", "Description": "PAPER CHAIN KIT VINTAGE CHRISTMAS", "Quantity": "40", "InvoiceDate": "02-12-2010 10:17", "UnitPrice": "2.55", "CustomerID": "17017", "Country": "United Kingdom"},
{"InvoiceNo": "536618", "StockCode": "22943", "Description": "CHRISTMAS LIGHTS 10 VINTAGE BAUBLES", "Quantity": "24", "InvoiceDate": "02-12-2010 10:17", "UnitPrice": "4.25", "CustomerID": "17017", "Country": "United Kingdom"},
{"InvoiceNo": "536618", "StockCode": "22952", "Description": "60 CAKE CASES VINTAGE CHRISTMAS", "Quantity": "48", "InvoiceDate": "02-12-2010 10:17", "UnitPrice": "0.55", "CustomerID": "17017", "Country": "United Kingdom"},
{"InvoiceNo": "536618", "StockCode": "84077", "Description": "WORLD WAR 2 GLIDERS ASSTD DESIGNS", "Quantity": "48", "InvoiceDate": "02-12-2010 10:17", "UnitPrice": "0.29", "CustomerID": "17017", "Country": "United Kingdom"},
{"InvoiceNo": "536618", "StockCode": "84375", "Description": "SET OF 20 KIDS COOKIE CUTTERS", "Quantity": "12", "InvoiceDate": "02-12-2010 10:17", "UnitPrice": "2.1", "CustomerID": "17017", "Country": "United Kingdom"},
{"InvoiceNo": "536628", "StockCode": "21068", "Description": "VINTAGE BILLBOARD LOVE/HATE MUG", "Quantity": "6", "InvoiceDate": "02-12-2010 10:54", "UnitPrice": "1.06", "CustomerID": "17850", "Country": "United Kingdom"},
{"InvoiceNo": "536628", "StockCode": "21071", "Description": "VINTAGE BILLBOARD DRINK ME MUG", "Quantity": "6", "InvoiceDate": "02-12-2010 10:54", "UnitPrice": "1.06", "CustomerID": "17850", "Country": "United Kingdom"},
{"InvoiceNo": "536628", "StockCode": "21730", "Description": "GLASS STAR FROSTED T-LIGHT HOLDER", "Quantity": "6", "InvoiceDate": "02-12-2010 10:54", "UnitPrice": "4.25", "CustomerID": "17850", "Country": "United Kingdom"},
{"InvoiceNo": "536628", "StockCode": "21871", "Description": "SAVE THE PLANET MUG", "Quantity": "6", "InvoiceDate": "02-12-2010 10:54", "UnitPrice": "1.06", "CustomerID": "17850", "Country": "United Kingdom"},
{"InvoiceNo": "536628", "StockCode": "22411", "Description": "JUMBO SHOPPER VINTAGE RED PAISLEY", "Quantity": "6", "InvoiceDate": "02-12-2010 10:54", "UnitPrice": "1.65", "CustomerID": "17850", "Country": "United Kingdom"},
{"InvoiceNo": "536628", "StockCode": "22752", "Description": "SET 7 BABUSHKA NESTING BOXES", "Quantity": "2", "InvoiceDate": "02-12-2010 10:54", "UnitPrice": "7.65", "CustomerID": "17850", "Country": "United Kingdom"},
{"InvoiceNo": "536628", "StockCode": "37370", "Description": "RETRO COFFEE MUGS ASSORTED", "Quantity": "6", "InvoiceDate": "02-12-2010 10:54", "UnitPrice": "1.06", "CustomerID": "17850", "Country": "United Kingdom"},
{"InvoiceNo": "536628", "StockCode": "71053", "Description": "WHITE METAL LANTERN", "Quantity": "6", "InvoiceDate": "02-12-2010 10:54", "UnitPrice": "3.39", "CustomerID": "17850", "Country": "United Kingdom"},
{"InvoiceNo": "536628", "StockCode": "82482", "Description": "WOODEN PICTURE FRAME WHITE FINISH", "Quantity": "6", "InvoiceDate": "02-12-2010 10:54", "UnitPrice": "2.1", "CustomerID": "17850", "Country": "United Kingdom"},
{"InvoiceNo": "536628", "StockCode": "82483", "Description": "WOOD 2 DRAWER CABINET WHITE FINISH", "Quantity": "4", "InvoiceDate": "02-12-2010 10:54", "UnitPrice": "4.95", "CustomerID": "17850", "Country": "United Kingdom"},
{"InvoiceNo": "536628", "StockCode": "82486", "Description": "WOOD S/3 CABINET ANT WHITE FINISH", "Quantity": "2", "InvoiceDate": "02-12-2010 10:54", "UnitPrice": "6.95", "CustomerID": "17850", "Country": "United Kingdom"},
{"InvoiceNo": "536628", "StockCode": "82494L", "Description": "WOODEN FRAME ANTIQUE WHITE ", "Quantity": "6", "InvoiceDate": "02-12-2010 10:54", "UnitPrice": "2.55", "CustomerID": "17850", "Country": "United Kingdom"},
{"InvoiceNo": "536628", "StockCode": "84029E", "Description": "RED WOOLLY HOTTIE WHITE HEART.", "Quantity": "6", "InvoiceDate": "02-12-2010 10:54", "UnitPrice": "3.39", "CustomerID": "17850", "Country": "United Kingdom"},
{"InvoiceNo": "536628", "StockCode": "84029G", "Description": "KNITTED UNION FLAG HOT WATER BOTTLE", "Quantity": "6", "InvoiceDate": "02-12-2010 10:54", "UnitPrice": "3.39", "CustomerID": "17850", "Country": "United Kingdom"},
{"InvoiceNo": "536628", "StockCode": "84406B", "Description": "CREAM CUPID HEARTS COAT HANGER", "Quantity": "6", "InvoiceDate": "02-12-2010 10:54", "UnitPrice": "2.75", "CustomerID": "17850", "Country": "United Kingdom"},
{"InvoiceNo": "536628", "StockCode": "85123A", "Description": "WHITE HANGING HEART T-LIGHT HOLDER", "Quantity": "6", "InvoiceDate": "02-12-2010 10:54", "UnitPrice": "2.55", "CustomerID": "17850", "Country": "United Kingdom"},
{"InvoiceNo": "536638", "StockCode": "20750", "Description": "RED RETROSPOT MINI CASES", "Quantity": "2", "InvoiceDate": "02-12-2010 11:41", "UnitPrice": "7.95", "CustomerID": "16244", "Country": "United Kingdom"},
{"InvoiceNo": "536638", "StockCode": "20974", "Description": "12 PENCILS SMALL TUBE SKULL", "Quantity": "24", "InvoiceDate": "02-12-2010 11:41", "UnitPrice": "0.65", "CustomerID": "16244", "Country": "United Kingdom"},
{"InvoiceNo": "536638", "StockCode": "20975", "Description": "12 PENCILS SMALL TUBE RED RETROSPOT", "Quantity": "24", "InvoiceDate": "02-12-2010 11:41", "UnitPrice": "0.65", "CustomerID": "16244", "Country": "United Kingdom"},
{"InvoiceNo": "536638", "StockCode": "20982", "Description": "12 PENCILS TALL TUBE SKULLS", "Quantity": "12", "InvoiceDate": "02-12-2010 11:41", "UnitPrice": "0.85", "CustomerID": "16244", "Country": "United Kingdom"},
{"InvoiceNo": "536638", "StockCode": "20983", "Description": "12 PENCILS TALL TUBE RED RETROSPOT", "Quantity": "12", "InvoiceDate": "02-12-2010 11:41", "UnitPrice": "0.85", "CustomerID": "16244", "Country": "United Kingdom"},
{"InvoiceNo": "536638", "StockCode": "20992", "Description": "JAZZ HEARTS PURSE NOTEBOOK", "Quantity": "12", "InvoiceDate": "02-12-2010 11:41", "UnitPrice": "0.85", "CustomerID": "16244", "Country": "United Kingdom"},
{"InvoiceNo": "536638", "StockCode": "21041", "Description": "RED RETROSPOT OVEN GLOVE DOUBLE", "Quantity": "6", "InvoiceDate": "02-12-2010 11:41", "UnitPrice": "2.95", "CustomerID": "16244", "Country": "United Kingdom"},
{"InvoiceNo": "536638", "StockCode": "21108", "Description": "FAIRY CAKE FLANNEL ASSORTED COLOUR", "Quantity": "9", "InvoiceDate": "02-12-2010 11:41", "UnitPrice": "2.55", "CustomerID": "16244", "Country": "United Kingdom"},
{"InvoiceNo": "536638", "StockCode": "21158", "Description": "MOODY GIRL DOOR HANGER ", "Quantity": "12", "InvoiceDate": "02-12-2010 11:41", "UnitPrice": "1.45", "CustomerID": "16244", "Country": "United Kingdom"},
{"InvoiceNo": "536638", "StockCode": "21159", "Description": "MOODY BOY  DOOR HANGER ", "Quantity": "12", "InvoiceDate": "02-12-2010 11:41", "UnitPrice": "1.45", "CustomerID": "16244", "Country": "United Kingdom"},
{"InvoiceNo": "536638", "StockCode": "21161", "Description": "KEEP OUT BOYS DOOR HANGER ", "Quantity": "12", "InvoiceDate": "02-12-2010 11:41", "UnitPrice": "1.45", "CustomerID": "16244", "Country": "United Kingdom"},
{"InvoiceNo": "536638", "StockCode": "21163", "Description": "DO NOT TOUCH MY STUFF DOOR HANGER ", "Quantity": "12", "InvoiceDate": "02-12-2010 11:41", "UnitPrice": "1.45", "CustomerID": "16244", "Country": "United Kingdom"},
{"InvoiceNo": "536638", "StockCode": "21216", "Description": "SET 3 RETROSPOT TEA,COFFEE,SUGAR", "Quantity": "4", "InvoiceDate": "02-12-2010 11:41", "UnitPrice": "4.95", "CustomerID": "16244", "Country": "United Kingdom"},
{"InvoiceNo": "536638", "StockCode": "21313", "Description": "GLASS HEART T-LIGHT HOLDER ", "Quantity": "12", "InvoiceDate": "02-12-2010 11:41", "UnitPrice": "0.85", "CustomerID": "16244", "Country": "United Kingdom"},
{"InvoiceNo": "536638", "StockCode": "21380", "Description": "WOODEN HAPPY BIRTHDAY GARLAND", "Quantity": "6", "InvoiceDate": "02-12-2010 11:41", "UnitPrice": "2.95", "CustomerID": "16244", "Country": "United Kingdom"},
{"InvoiceNo": "536638", "StockCode": "21381", "Description": "MINI WOODEN HAPPY BIRTHDAY GARLAND", "Quantity": "12", "InvoiceDate": "02-12-2010 11:41", "UnitPrice": "1.69", "CustomerID": "16244", "Country": "United Kingdom"},
{"InvoiceNo": "536638", "StockCode": "21383", "Description": "PACK OF 12 STICKY BUNNIES", "Quantity": "12", "InvoiceDate": "02-12-2010 11:41", "UnitPrice": "0.65", "CustomerID": "16244", "Country": "United Kingdom"},
{"InvoiceNo": "536638", "StockCode": "21390", "Description": "FILIGRIS HEART WITH BUTTERFLY", "Quantity": "24", "InvoiceDate": "02-12-2010 11:41", "UnitPrice": "1.25", "CustomerID": "16244", "Country": "United Kingdom"},
{"InvoiceNo": "536638", "StockCode": "21429", "Description": "RED GINGHAM ROSE JEWELLERY BOX", "Quantity": "8", "InvoiceDate": "02-12-2010 11:41", "UnitPrice": "1.65", "CustomerID": "16244", "Country": "United Kingdom"},
{"InvoiceNo": "536638", "StockCode": "21430", "Description": "SET/3 RED GINGHAM ROSE STORAGE BOX", "Quantity": "4", "InvoiceDate": "02-12-2010 11:41", "UnitPrice": "3.75", "CustomerID": "16244", "Country": "United Kingdom"},
{"InvoiceNo": "536638", "StockCode": "21527", "Description": "RED RETROSPOT TRADITIONAL TEAPOT ", "Quantity": "2", "InvoiceDate": "02-12-2010 11:41", "UnitPrice": "7.95", "CustomerID": "16244", "Country": "United Kingdom"},
{"InvoiceNo": "536638", "StockCode": "21533", "Description": "RETROSPOT LARGE MILK JUG", "Quantity": "3", "InvoiceDate": "02-12-2010 11:41", "UnitPrice": "4.95", "CustomerID": "16244", "Country": "United Kingdom"},
{"InvoiceNo": "536638", "StockCode": "21537", "Description": "RED RETROSPOT PUDDING BOWL", "Quantity": "4", "InvoiceDate": "02-12-2010 11:41", "UnitPrice": "4.25", "CustomerID": "16244", "Country": "United Kingdom"},
{"InvoiceNo": "536638", "StockCode": "21538", "Description": "DAIRY MAID  PUDDING BOWL", "Quantity": "4", "InvoiceDate": "02-12-2010 11:41", "UnitPrice": "3.75", "CustomerID": "16244", "Country": "United Kingdom"},
{"InvoiceNo": "536638", "StockCode": "22070", "Description": "SMALL RED RETROSPOT MUG IN BOX ", "Quantity": "6", "InvoiceDate": "02-12-2010 11:41", "UnitPrice": "3.75", "CustomerID": "16244", "Country": "United Kingdom"},
{"InvoiceNo": "536638", "StockCode": "22071", "Description": "SMALL WHITE RETROSPOT MUG IN BOX ", "Quantity": "6", "InvoiceDate": "02-12-2010 11:41", "UnitPrice": "3.75", "CustomerID": "16244", "Country": "United Kingdom"},
{"InvoiceNo": "536638", "StockCode": "22090", "Description": "PAPER BUNTING RETROSPOT", "Quantity": "6", "InvoiceDate": "02-12-2010 11:41", "UnitPrice": "2.95", "CustomerID": "16244", "Country": "United Kingdom"},
{"InvoiceNo": "536638", "StockCode": "22111", "Description": "SCOTTIE DOG HOT WATER BOTTLE", "Quantity": "3", "InvoiceDate": "02-12-2010 11:41", "UnitPrice": "4.95", "CustomerID": "16244", "Country": "United Kingdom"},
{"InvoiceNo": "536638", "StockCode": "22113", "Description": "GREY HEART HOT WATER BOTTLE", "Quantity": "4", "InvoiceDate": "02-12-2010 11:41", "UnitPrice": "3.75", "CustomerID": "16244", "Country": "United Kingdom"},
{"InvoiceNo": "536638", "StockCode": "22131", "Description": "FOOD CONTAINER SET 3 LOVE HEART ", "Quantity": "6", "InvoiceDate": "02-12-2010 11:41", "UnitPrice": "1.95", "CustomerID": "16244", "Country": "United Kingdom"},
{"InvoiceNo": "536638", "StockCode": "22188", "Description": "BLACK HEART CARD HOLDER", "Quantity": "4", "InvoiceDate": "02-12-2010 11:41", "UnitPrice": "3.95", "CustomerID": "16244", "Country": "United Kingdom"},
{"InvoiceNo": "536638", "StockCode": "22208", "Description": "WOOD STAMP SET THANK YOU", "Quantity": "12", "InvoiceDate": "02-12-2010 11:41", "UnitPrice": "1.65", "CustomerID": "16244", "Country": "United Kingdom"},
{"InvoiceNo": "536638", "StockCode": "22209", "Description": "WOOD STAMP SET HAPPY BIRTHDAY", "Quantity": "12", "InvoiceDate": "02-12-2010 11:41", "UnitPrice": "1.65", "CustomerID": "16244", "Country": "United Kingdom"},
{"InvoiceNo": "536638", "StockCode": "22210", "Description": "WOOD STAMP SET BEST WISHES", "Quantity": "12", "InvoiceDate": "02-12-2010 11:41", "UnitPrice": "1.65", "CustomerID": "16244", "Country": "United Kingdom"},
{"InvoiceNo": "536638", "StockCode": "22212", "Description": "FOUR HOOK  WHITE LOVEBIRDS", "Quantity": "6", "InvoiceDate": "02-12-2010 11:41", "UnitPrice": "2.1", "CustomerID": "16244", "Country": "United Kingdom"},
{"InvoiceNo": "536638", "StockCode": "22284", "Description": "HEN HOUSE DECORATION", "Quantity": "12", "InvoiceDate": "02-12-2010 11:41", "UnitPrice": "1.65", "CustomerID": "16244", "Country": "United Kingdom"},
{"InvoiceNo": "536638", "StockCode": "22285", "Description": "DECORATION HEN ON NEST, HANGING", "Quantity": "12", "InvoiceDate": "02-12-2010 11:41", "UnitPrice": "1.65", "CustomerID": "16244", "Country": "United Kingdom"},
{"InvoiceNo": "536638", "StockCode": "22297", "Description": "HEART IVORY TRELLIS SMALL", "Quantity": "24", "InvoiceDate": "02-12-2010 11:41", "UnitPrice": "1.25", "CustomerID": "16244", "Country": "United Kingdom"},
{"InvoiceNo": "536638", "StockCode": "22318", "Description": "FIVE HEART HANGING DECORATION", "Quantity": "6", "InvoiceDate": "02-12-2010 11:41", "UnitPrice": "2.95", "CustomerID": "16244", "Country": "United Kingdom"},
{"InvoiceNo": "536638", "StockCode": "22335", "Description": "HEART DECORATION PAINTED ZINC ", "Quantity": "24", "InvoiceDate": "02-12-2010 11:41", "UnitPrice": "0.65", "CustomerID": "16244", "Country": "United Kingdom"},
{"InvoiceNo": "536638", "StockCode": "22352", "Description": "LUNCH BOX WITH CUTLERY RETROSPOT ", "Quantity": "6", "InvoiceDate": "02-12-2010 11:41", "UnitPrice": "2.55", "CustomerID": "16244", "Country": "United Kingdom"},
{"InvoiceNo": "536638", "StockCode": "22469", "Description": "HEART OF WICKER SMALL", "Quantity": "12", "InvoiceDate": "02-12-2010 11:41", "UnitPrice": "1.65", "CustomerID": "16244", "Country": "United Kingdom"},
{"InvoiceNo": "536638", "StockCode": "22499", "Description": "WOODEN UNION JACK BUNTING", "Quantity": "3", "InvoiceDate": "02-12-2010 11:41", "UnitPrice": "5.95", "CustomerID": "16244", "Country": "United Kingdom"},
{"InvoiceNo": "536638", "StockCode": "22502", "Description": "PICNIC BASKET WICKER SMALL", "Quantity": "4", "InvoiceDate": "02-12-2010 11:41", "UnitPrice": "5.95", "CustomerID": "16244", "Country": "United Kingdom"},
{"InvoiceNo": "536638", "StockCode": "22637", "Description": "PIGGY BANK RETROSPOT ", "Quantity": "6", "InvoiceDate": "02-12-2010 11:41", "UnitPrice": "2.55", "CustomerID": "16244", "Country": "United Kingdom"},
{"InvoiceNo": "536638", "StockCode": "72741", "Description": "GRAND CHOCOLATECANDLE", "Quantity": "18", "InvoiceDate": "02-12-2010 11:41", "UnitPrice": "1.45", "CustomerID": "16244", "Country": "United Kingdom"},
{"InvoiceNo": "536638", "StockCode": "84836", "Description": "ZINC METAL HEART DECORATION", "Quantity": "12", "InvoiceDate": "02-12-2010 11:41", "UnitPrice": "1.25", "CustomerID": "16244", "Country": "United Kingdom"},
{"InvoiceNo": "536638", "StockCode": "84991", "Description": "60 TEATIME FAIRY CAKE CASES", "Quantity": "24", "InvoiceDate": "02-12-2010 11:41", "UnitPrice": "0.55", "CustomerID": "16244", "Country": "United Kingdom"},
{"InvoiceNo": "536638", "StockCode": "84992", "Description": "72 SWEETHEART FAIRY CAKE CASES", "Quantity": "24", "InvoiceDate": "02-12-2010 11:41", "UnitPrice": "0.55", "CustomerID": "16244", "Country": "United Kingdom"},
{"InvoiceNo": "536638", "StockCode": "85216", "Description": "ASSORTED CAKES FRIDGE MAGNETS", "Quantity": "12", "InvoiceDate": "02-12-2010 11:41", "UnitPrice": "0.65", "CustomerID": "16244", "Country": "United Kingdom"},
{"InvoiceNo": "536638", "StockCode": "47566B", "Description": "TEA TIME PARTY BUNTING", "Quantity": "5", "InvoiceDate": "02-12-2010 11:41", "UnitPrice": "4.65", "CustomerID": "16244", "Country": "United Kingdom"},
{"InvoiceNo": "536638", "StockCode": "47590A", "Description": "BLUE HAPPY BIRTHDAY BUNTING", "Quantity": "3", "InvoiceDate": "02-12-2010 11:41", "UnitPrice": "5.45", "CustomerID": "16244", "Country": "United Kingdom"},
{"InvoiceNo": "536638", "StockCode": "47590B", "Description": "PINK HAPPY BIRTHDAY BUNTING", "Quantity": "3", "InvoiceDate": "02-12-2010 11:41", "UnitPrice": "5.45", "CustomerID": "16244", "Country": "United Kingdom"},
{"InvoiceNo": "536638", "StockCode": "47599B", "Description": "BLUE PARTY BAGS ", "Quantity": "6", "InvoiceDate": "02-12-2010 11:41", "UnitPrice": "2.1", "CustomerID": "16244", "Country": "United Kingdom"},
{"InvoiceNo": "536638", "StockCode": "51014A", "Description": "FEATHER PEN,HOT PINK", "Quantity": "12", "InvoiceDate": "02-12-2010 11:41", "UnitPrice": "0.85", "CustomerID": "16244", "Country": "United Kingdom"},
{"InvoiceNo": "536638", "StockCode": "84031A", "Description": "CHARLIE+LOLA RED HOT WATER BOTTLE ", "Quantity": "3", "InvoiceDate": "02-12-2010 11:41", "UnitPrice": "4.65", "CustomerID": "16244", "Country": "United Kingdom"},
{"InvoiceNo": "536638", "StockCode": "84031B", "Description": "CHARLIE LOLA BLUE HOT WATER BOTTLE ", "Quantity": "3", "InvoiceDate": "02-12-2010 11:41", "UnitPrice": "4.65", "CustomerID": "16244", "Country": "United Kingdom"},
{"InvoiceNo": "536638", "StockCode": "84032B", "Description": "CHARLIE + LOLA RED HOT WATER BOTTLE", "Quantity": "6", "InvoiceDate": "02-12-2010 11:41", "UnitPrice": "2.95", "CustomerID": "16244", "Country": "United Kingdom"},
{"InvoiceNo": "536638", "StockCode": "84406B", "Description": "CREAM CUPID HEARTS COAT HANGER", "Quantity": "8", "InvoiceDate": "02-12-2010 11:41", "UnitPrice": "3.25", "CustomerID": "16244", "Country": "United Kingdom"},
{"InvoiceNo": "536638", "StockCode": "84509A", "Description": "SET OF 4 ENGLISH ROSE PLACEMATS", "Quantity": "4", "InvoiceDate": "02-12-2010 11:41", "UnitPrice": "3.75", "CustomerID": "16244", "Country": "United Kingdom"},
{"InvoiceNo": "536638", "StockCode": "84510A", "Description": "SET OF 4 ENGLISH ROSE COASTERS", "Quantity": "10", "InvoiceDate": "02-12-2010 11:41", "UnitPrice": "1.25", "CustomerID": "16244", "Country": "United Kingdom"},
{"InvoiceNo": "536638", "StockCode": "84970L", "Description": "SINGLE HEART ZINC T-LIGHT HOLDER", "Quantity": "12", "InvoiceDate": "02-12-2010 11:41", "UnitPrice": "0.95", "CustomerID": "16244", "Country": "United Kingdom"},
{"InvoiceNo": "536638", "StockCode": "84971S", "Description": "SMALL HEART FLOWERS HOOK ", "Quantity": "24", "InvoiceDate": "02-12-2010 11:41", "UnitPrice": "0.85", "CustomerID": "16244", "Country": "United Kingdom"},
{"InvoiceNo": "536688", "StockCode": "22632", "Description": "HAND WARMER RED POLKA DOT", "Quantity": "6", "InvoiceDate": "02-12-2010 12:24", "UnitPrice": "1.85", "CustomerID": "17850", "Country": "United Kingdom"},
{"InvoiceNo": "536688", "StockCode": "22633", "Description": "HAND WARMER UNION JACK", "Quantity": "6", "InvoiceDate": "02-12-2010 12:24", "UnitPrice": "1.85", "CustomerID": "17850", "Country": "United Kingdom"},
{"InvoiceNo": "536698", "StockCode": "20798", "Description": "CLEAR MILKSHAKE GLASS", "Quantity": "12", "InvoiceDate": "02-12-2010 12:28", "UnitPrice": "2.1", "CustomerID": "15363", "Country": "United Kingdom"},
{"InvoiceNo": "536698", "StockCode": "21249", "Description": "WOODLAND  HEIGHT CHART STICKERS ", "Quantity": "6", "InvoiceDate": "02-12-2010 12:28", "UnitPrice": "2.95", "CustomerID": "15363", "Country": "United Kingdom"},
{"InvoiceNo": "536698", "StockCode": "21561", "Description": "DINOSAUR LUNCH BOX WITH CUTLERY", "Quantity": "6", "InvoiceDate": "02-12-2010 12:28", "UnitPrice": "2.55", "CustomerID": "15363", "Country": "United Kingdom"},
{"InvoiceNo": "536698", "StockCode": "21731", "Description": "RED TOADSTOOL LED NIGHT LIGHT", "Quantity": "12", "InvoiceDate": "02-12-2010 12:28", "UnitPrice": "1.65", "CustomerID": "15363", "Country": "United Kingdom"},
{"InvoiceNo": "536698", "StockCode": "21743", "Description": "STAR PORTABLE TABLE LIGHT ", "Quantity": "12", "InvoiceDate": "02-12-2010 12:28", "UnitPrice": "2.95", "CustomerID": "15363", "Country": "United Kingdom"},
{"InvoiceNo": "536698", "StockCode": "21790", "Description": "VINTAGE SNAP CARDS", "Quantity": "12", "InvoiceDate": "02-12-2010 12:28", "UnitPrice": "0.85", "CustomerID": "15363", "Country": "United Kingdom"},
{"InvoiceNo": "536698", "StockCode": "21913", "Description": "VINTAGE SEASIDE JIGSAW PUZZLES", "Quantity": "4", "InvoiceDate": "02-12-2010 12:28", "UnitPrice": "3.75", "CustomerID": "15363", "Country": "United Kingdom"},
{"InvoiceNo": "536698", "StockCode": "22320", "Description": "BIRDS MOBILE VINTAGE DESIGN", "Quantity": "3", "InvoiceDate": "02-12-2010 12:28", "UnitPrice": "5.95", "CustomerID": "15363", "Country": "United Kingdom"},
{"InvoiceNo": "536698", "StockCode": "22382", "Description": "LUNCH BAG SPACEBOY DESIGN ", "Quantity": "10", "InvoiceDate": "02-12-2010 12:28", "UnitPrice": "1.65", "CustomerID": "15363", "Country": "United Kingdom"},
{"InvoiceNo": "536698", "StockCode": "22457", "Description": "NATURAL SLATE HEART CHALKBOARD ", "Quantity": "6", "InvoiceDate": "02-12-2010 12:28", "UnitPrice": "2.95", "CustomerID": "15363", "Country": "United Kingdom"},
{"InvoiceNo": "536698", "StockCode": "22493", "Description": "PAINT YOUR OWN CANVAS SET", "Quantity": "24", "InvoiceDate": "02-12-2010 12:28", "UnitPrice": "1.65", "CustomerID": "15363", "Country": "United Kingdom"},
{"InvoiceNo": "536698", "StockCode": "22669", "Description": "RED BABY BUNTING ", "Quantity": "5", "InvoiceDate": "02-12-2010 12:28", "UnitPrice": "2.95", "CustomerID": "15363", "Country": "United Kingdom"},
{"InvoiceNo": "536698", "StockCode": "22745", "Description": "POPPY'S PLAYHOUSE BEDROOM ", "Quantity": "12", "InvoiceDate": "02-12-2010 12:28", "UnitPrice": "2.1", "CustomerID": "15363", "Country": "United Kingdom"},
{"InvoiceNo": "536698", "StockCode": "22943", "Description": "CHRISTMAS LIGHTS 10 VINTAGE BAUBLES", "Quantity": "6", "InvoiceDate": "02-12-2010 12:28", "UnitPrice": "4.95", "CustomerID": "15363", "Country": "United Kingdom"},
{"InvoiceNo": "536698", "StockCode": "85227", "Description": "SET OF 6 3D KIT CARDS FOR KIDS", "Quantity": "12", "InvoiceDate": "02-12-2010 12:28", "UnitPrice": "0.85", "CustomerID": "15363", "Country": "United Kingdom"},
{"InvoiceNo": "536698", "StockCode": "85135B", "Description": "BLUE DRAGONFLY HELICOPTER", "Quantity": "2", "InvoiceDate": "02-12-2010 12:28", "UnitPrice": "7.95", "CustomerID": "15363", "Country": "United Kingdom"},
{"InvoiceNo": "536738", "StockCode": "20914", "Description": "SET/5 RED RETROSPOT LID GLASS BOWLS", "Quantity": "6", "InvoiceDate": "02-12-2010 13:06", "UnitPrice": "2.95", "CustomerID": "15827", "Country": "United Kingdom"},
{"InvoiceNo": "536738", "StockCode": "21217", "Description": "RED RETROSPOT ROUND CAKE TINS", "Quantity": "1", "InvoiceDate": "02-12-2010 13:06", "UnitPrice": "9.95", "CustomerID": "15827", "Country": "United Kingdom"},
{"InvoiceNo": "536738", "StockCode": "21843", "Description": "RED RETROSPOT CAKE STAND", "Quantity": "1", "InvoiceDate": "02-12-2010 13:06", "UnitPrice": "10.95", "CustomerID": "15827", "Country": "United Kingdom"},
{"InvoiceNo": "536738", "StockCode": "22806", "Description": "SET OF 6 T-LIGHTS WEDDING CAKE ", "Quantity": "6", "InvoiceDate": "02-12-2010 13:06", "UnitPrice": "2.95", "CustomerID": "15827", "Country": "United Kingdom"},
{"InvoiceNo": "536738", "StockCode": "22840", "Description": "ROUND CAKE TIN VINTAGE RED", "Quantity": "2", "InvoiceDate": "02-12-2010 13:06", "UnitPrice": "7.95", "CustomerID": "15827", "Country": "United Kingdom"},
{"InvoiceNo": "536738", "StockCode": "22841", "Description": "ROUND CAKE TIN VINTAGE GREEN", "Quantity": "2", "InvoiceDate": "02-12-2010 13:06", "UnitPrice": "7.95", "CustomerID": "15827", "Country": "United Kingdom"},
{"InvoiceNo": "536738", "StockCode": "22893", "Description": "MINI CAKE STAND T-LIGHT HOLDER", "Quantity": "24", "InvoiceDate": "02-12-2010 13:06", "UnitPrice": "0.42", "CustomerID": "15827", "Country": "United Kingdom"},
{"InvoiceNo": "536748", "StockCode": "22191", "Description": "IVORY DINER WALL CLOCK", "Quantity": "6", "InvoiceDate": "02-12-2010 13:45", "UnitPrice": "8.5", "CustomerID": "15107", "Country": "United Kingdom"},
{"InvoiceNo": "536748", "StockCode": "22426", "Description": "ENAMEL WASH BOWL CREAM", "Quantity": "4", "InvoiceDate": "02-12-2010 13:45", "UnitPrice": "3.75", "CustomerID": "15107", "Country": "United Kingdom"},
{"InvoiceNo": "536748", "StockCode": "22634", "Description": "CHILDS BREAKFAST SET SPACEBOY ", "Quantity": "2", "InvoiceDate": "02-12-2010 13:45", "UnitPrice": "9.95", "CustomerID": "15107", "Country": "United Kingdom"},
{"InvoiceNo": "536748", "StockCode": "84945", "Description": "MULTI COLOUR SILVER T-LIGHT HOLDER", "Quantity": "12", "InvoiceDate": "02-12-2010 13:45", "UnitPrice": "0.85", "CustomerID": "15107", "Country": "United Kingdom"},
{"InvoiceNo": "536748", "StockCode": "72760B", "Description": "VINTAGE CREAM 3 BASKET CAKE STAND", "Quantity": "2", "InvoiceDate": "02-12-2010 13:45", "UnitPrice": "9.95", "CustomerID": "15107", "Country": "United Kingdom"},
{"InvoiceNo": "C536758", "StockCode": "21314", "Description": "SMALL GLASS HEART TRINKET POT", "Quantity": "-1", "InvoiceDate": "02-12-2010 14:25", "UnitPrice": "2.1", "CustomerID": "13767", "Country": "United Kingdom"},
{"InvoiceNo": "536778", "StockCode": "15036", "Description": "ASSORTED COLOURS SILK FAN", "Quantity": "12", "InvoiceDate": "02-12-2010 15:03", "UnitPrice": "0.75", "CustomerID": "13138", "Country": "United Kingdom"},
{"InvoiceNo": "536778", "StockCode": "20967", "Description": "GREY FLORAL FELTCRAFT SHOULDER BAG", "Quantity": "4", "InvoiceDate": "02-12-2010 15:03", "UnitPrice": "3.75", "CustomerID": "13138", "Country": "United Kingdom"},
{"InvoiceNo": "536778", "StockCode": "20969", "Description": "RED FLORAL FELTCRAFT SHOULDER BAG", "Quantity": "4", "InvoiceDate": "02-12-2010 15:03", "UnitPrice": "3.75", "CustomerID": "13138", "Country": "United Kingdom"},
{"InvoiceNo": "536778", "StockCode": "20970", "Description": "PINK FLORAL FELTCRAFT SHOULDER BAG", "Quantity": "4", "InvoiceDate": "02-12-2010 15:03", "UnitPrice": "3.75", "CustomerID": "13138", "Country": "United Kingdom"},
{"InvoiceNo": "536778", "StockCode": "20971", "Description": "PINK BLUE FELT CRAFT TRINKET BOX", "Quantity": "12", "InvoiceDate": "02-12-2010 15:03", "UnitPrice": "1.25", "CustomerID": "13138", "Country": "United Kingdom"},
{"InvoiceNo": "536778", "StockCode": "21257", "Description": "VICTORIAN SEWING BOX MEDIUM", "Quantity": "2", "InvoiceDate": "02-12-2010 15:03", "UnitPrice": "7.95", "CustomerID": "13138", "Country": "United Kingdom"},
{"InvoiceNo": "536778", "StockCode": "21259", "Description": "VICTORIAN SEWING BOX SMALL ", "Quantity": "2", "InvoiceDate": "02-12-2010 15:03", "UnitPrice": "5.95", "CustomerID": "13138", "Country": "United Kingdom"},
{"InvoiceNo": "536778", "StockCode": "21408", "Description": "SPOTTY PINK DUCK DOORSTOP", "Quantity": "3", "InvoiceDate": "02-12-2010 15:03", "UnitPrice": "4.25", "CustomerID": "13138", "Country": "United Kingdom"},
{"InvoiceNo": "536778", "StockCode": "21422", "Description": "PORCELAIN ROSE SMALL", "Quantity": "16", "InvoiceDate": "02-12-2010 15:03", "UnitPrice": "0.85", "CustomerID": "13138", "Country": "United Kingdom"},
{"InvoiceNo": "536778", "StockCode": "22147", "Description": "FELTCRAFT BUTTERFLY HEARTS", "Quantity": "12", "InvoiceDate": "02-12-2010 15:03", "UnitPrice": "1.45", "CustomerID": "13138", "Country": "United Kingdom"},
{"InvoiceNo": "536778", "StockCode": "22149", "Description": "FELTCRAFT 6 FLOWER FRIENDS", "Quantity": "6", "InvoiceDate": "02-12-2010 15:03", "UnitPrice": "2.1", "CustomerID": "13138", "Country": "United Kingdom"},
{"InvoiceNo": "536778", "StockCode": "22585", "Description": "PACK OF 6 BIRDY GIFT TAGS", "Quantity": "12", "InvoiceDate": "02-12-2010 15:03", "UnitPrice": "1.25", "CustomerID": "13138", "Country": "United Kingdom"},
{"InvoiceNo": "536778", "StockCode": "22915", "Description": "ASSORTED BOTTLE TOP  MAGNETS ", "Quantity": "24", "InvoiceDate": "02-12-2010 15:03", "UnitPrice": "0.42", "CustomerID": "13138", "Country": "United Kingdom"},
{"InvoiceNo": "536778", "StockCode": "84836", "Description": "ZINC METAL HEART DECORATION", "Quantity": "12", "InvoiceDate": "02-12-2010 15:03", "UnitPrice": "1.25", "CustomerID": "13138", "Country": "United Kingdom"},
{"InvoiceNo": "536788", "StockCode": "22558", "Description": "CLOTHES PEGS RETROSPOT PACK 24 ", "Quantity": "60", "InvoiceDate": "02-12-2010 15:25", "UnitPrice": "1.25", "CustomerID": "15061", "Country": "United Kingdom"},
{"InvoiceNo": "536798", "StockCode": "21166", "Description": "COOK WITH WINE METAL SIGN ", "Quantity": "12", "InvoiceDate": "02-12-2010 15:55", "UnitPrice": "1.95", "CustomerID": "17838", "Country": "United Kingdom"},
{"InvoiceNo": "536798", "StockCode": "21169", "Description": "YOU'RE CONFUSING ME METAL SIGN ", "Quantity": "24", "InvoiceDate": "02-12-2010 15:55", "UnitPrice": "1.69", "CustomerID": "17838", "Country": "United Kingdom"},
{"InvoiceNo": "536798", "StockCode": "21174", "Description": "POTTERING IN THE SHED METAL SIGN", "Quantity": "12", "InvoiceDate": "02-12-2010 15:55", "UnitPrice": "1.95", "CustomerID": "17838", "Country": "United Kingdom"},
{"InvoiceNo": "536798", "StockCode": "21175", "Description": "GIN + TONIC DIET METAL SIGN", "Quantity": "12", "InvoiceDate": "02-12-2010 15:55", "UnitPrice": "2.1", "CustomerID": "17838", "Country": "United Kingdom"},
{"InvoiceNo": "536798", "StockCode": "21181", "Description": "PLEASE ONE PERSON METAL SIGN", "Quantity": "12", "InvoiceDate": "02-12-2010 15:55", "UnitPrice": "2.1", "CustomerID": "17838", "Country": "United Kingdom"},
{"InvoiceNo": "536798", "StockCode": "21874", "Description": "GIN AND TONIC MUG", "Quantity": "6", "InvoiceDate": "02-12-2010 15:55", "UnitPrice": "1.25", "CustomerID": "17838", "Country": "United Kingdom"},
{"InvoiceNo": "536798", "StockCode": "21874", "Description": "GIN AND TONIC MUG", "Quantity": "6", "InvoiceDate": "02-12-2010 15:55", "UnitPrice": "1.25", "CustomerID": "17838", "Country": "United Kingdom"},
{"InvoiceNo": "536798", "StockCode": "21877", "Description": "HOME SWEET HOME MUG", "Quantity": "6", "InvoiceDate": "02-12-2010 15:55", "UnitPrice": "1.25", "CustomerID": "17838", "Country": "United Kingdom"},
{"InvoiceNo": "536798", "StockCode": "21899", "Description": "KEY FOB , GARAGE DESIGN", "Quantity": "48", "InvoiceDate": "02-12-2010 15:55", "UnitPrice": "0.65", "CustomerID": "17838", "Country": "United Kingdom"},
{"InvoiceNo": "536798", "StockCode": "21900", "Description": "KEY FOB , SHED", "Quantity": "48", "InvoiceDate": "02-12-2010 15:55", "UnitPrice": "0.65", "CustomerID": "17838", "Country": "United Kingdom"},
{"InvoiceNo": "536798", "StockCode": "21901", "Description": "KEY FOB , BACK DOOR ", "Quantity": "48", "InvoiceDate": "02-12-2010 15:55", "UnitPrice": "0.65", "CustomerID": "17838", "Country": "United Kingdom"},
{"InvoiceNo": "536798", "StockCode": "21902", "Description": "KEY FOB , FRONT  DOOR ", "Quantity": "48", "InvoiceDate": "02-12-2010 15:55", "UnitPrice": "0.65", "CustomerID": "17838", "Country": "United Kingdom"},
{"InvoiceNo": "536798", "StockCode": "21908", "Description": "CHOCOLATE THIS WAY METAL SIGN", "Quantity": "12", "InvoiceDate": "02-12-2010 15:55", "UnitPrice": "2.1", "CustomerID": "17838", "Country": "United Kingdom"},
{"InvoiceNo": "536798", "StockCode": "21911", "Description": "GARDEN METAL SIGN ", "Quantity": "12", "InvoiceDate": "02-12-2010 15:55", "UnitPrice": "1.65", "CustomerID": "17838", "Country": "United Kingdom"},
{"InvoiceNo": "536798", "StockCode": "22413", "Description": "METAL SIGN TAKE IT OR LEAVE IT ", "Quantity": "12", "InvoiceDate": "02-12-2010 15:55", "UnitPrice": "2.95", "CustomerID": "17838", "Country": "United Kingdom"},
{"InvoiceNo": "536798", "StockCode": "22424", "Description": "ENAMEL BREAD BIN CREAM", "Quantity": "4", "InvoiceDate": "02-12-2010 15:55", "UnitPrice": "12.75", "CustomerID": "17838", "Country": "United Kingdom"},
{"InvoiceNo": "536798", "StockCode": "22426", "Description": "ENAMEL WASH BOWL CREAM", "Quantity": "4", "InvoiceDate": "02-12-2010 15:55", "UnitPrice": "3.75", "CustomerID": "17838", "Country": "United Kingdom"},
{"InvoiceNo": "536798", "StockCode": "22427", "Description": "ENAMEL FLOWER JUG CREAM", "Quantity": "1", "InvoiceDate": "02-12-2010 15:55", "UnitPrice": "5.95", "CustomerID": "17838", "Country": "United Kingdom"},
{"InvoiceNo": "536798", "StockCode": "22428", "Description": "ENAMEL FIRE BUCKET CREAM", "Quantity": "5", "InvoiceDate": "02-12-2010 15:55", "UnitPrice": "6.95", "CustomerID": "17838", "Country": "United Kingdom"},
{"InvoiceNo": "536798", "StockCode": "22429", "Description": "ENAMEL MEASURING JUG CREAM", "Quantity": "4", "InvoiceDate": "02-12-2010 15:55", "UnitPrice": "4.25", "CustomerID": "17838", "Country": "United Kingdom"},
{"InvoiceNo": "536798", "StockCode": "37370", "Description": "RETRO COFFEE MUGS ASSORTED", "Quantity": "6", "InvoiceDate": "02-12-2010 15:55", "UnitPrice": "1.25", "CustomerID": "17838", "Country": "United Kingdom"},
{"InvoiceNo": "536798", "StockCode": "48138", "Description": "DOORMAT UNION FLAG", "Quantity": "4", "InvoiceDate": "02-12-2010 15:55", "UnitPrice": "7.95", "CustomerID": "17838", "Country": "United Kingdom"},
{"InvoiceNo": "536798", "StockCode": "82551", "Description": "LAUNDRY 15C METAL SIGN", "Quantity": "24", "InvoiceDate": "02-12-2010 15:55", "UnitPrice": "1.45", "CustomerID": "17838", "Country": "United Kingdom"},
{"InvoiceNo": "536798", "StockCode": "82552", "Description": "WASHROOM METAL SIGN", "Quantity": "24", "InvoiceDate": "02-12-2010 15:55", "UnitPrice": "1.45", "CustomerID": "17838", "Country": "United Kingdom"},
{"InvoiceNo": "536798", "StockCode": "82567", "Description": "AIRLINE LOUNGE,METAL SIGN", "Quantity": "12", "InvoiceDate": "02-12-2010 15:55", "UnitPrice": "2.1", "CustomerID": "17838", "Country": "United Kingdom"},
{"InvoiceNo": "536798", "StockCode": "82578", "Description": "KITCHEN METAL SIGN", "Quantity": "12", "InvoiceDate": "02-12-2010 15:55", "UnitPrice": "0.55", "CustomerID": "17838", "Country": "United Kingdom"},
{"InvoiceNo": "536798", "StockCode": "82581", "Description": "TOILET METAL SIGN", "Quantity": "12", "InvoiceDate": "02-12-2010 15:55", "UnitPrice": "0.55", "CustomerID": "17838", "Country": "United Kingdom"},
{"InvoiceNo": "536798", "StockCode": "82583", "Description": "HOT BATHS METAL SIGN", "Quantity": "12", "InvoiceDate": "02-12-2010 15:55", "UnitPrice": "2.1", "CustomerID": "17838", "Country": "United Kingdom"},
{"InvoiceNo": "536798", "StockCode": "82583", "Description": "HOT BATHS METAL SIGN", "Quantity": "12", "InvoiceDate": "02-12-2010 15:55", "UnitPrice": "2.1", "CustomerID": "17838", "Country": "United Kingdom"},
{"InvoiceNo": "536798", "StockCode": "82599", "Description": "FANNY'S REST STOPMETAL SIGN", "Quantity": "12", "InvoiceDate": "02-12-2010 15:55", "UnitPrice": "2.1", "CustomerID": "17838", "Country": "United Kingdom"},
{"InvoiceNo": "536798", "StockCode": "79066K", "Description": "RETRO MOD TRAY", "Quantity": "6", "InvoiceDate": "02-12-2010 15:55", "UnitPrice": "0.85", "CustomerID": "17838", "Country": "United Kingdom"},
{"InvoiceNo": "536808", "StockCode": "21257", "Description": "VICTORIAN SEWING BOX MEDIUM", "Quantity": "2", "InvoiceDate": "02-12-2010 16:46", "UnitPrice": "7.95", "CustomerID": "17659", "Country": "United Kingdom"},
{"InvoiceNo": "536808", "StockCode": "21259", "Description": "VICTORIAN SEWING BOX SMALL ", "Quantity": "2", "InvoiceDate": "02-12-2010 16:46", "UnitPrice": "5.95", "CustomerID": "17659", "Country": "United Kingdom"},
{"InvoiceNo": "536808", "StockCode": "21481", "Description": "FAWN BLUE HOT WATER BOTTLE", "Quantity": "6", "InvoiceDate": "02-12-2010 16:46", "UnitPrice": "2.95", "CustomerID": "17659", "Country": "United Kingdom"},
{"InvoiceNo": "536808", "StockCode": "21669", "Description": "BLUE STRIPE CERAMIC DRAWER KNOB", "Quantity": "12", "InvoiceDate": "02-12-2010 16:46", "UnitPrice": "1.25", "CustomerID": "17659", "Country": "United Kingdom"},
{"InvoiceNo": "536808", "StockCode": "21733", "Description": "RED HANGING HEART T-LIGHT HOLDER", "Quantity": "6", "InvoiceDate": "02-12-2010 16:46", "UnitPrice": "2.95", "CustomerID": "17659", "Country": "United Kingdom"},
{"InvoiceNo": "536808", "StockCode": "22423", "Description": "REGENCY CAKESTAND 3 TIER", "Quantity": "1", "InvoiceDate": "02-12-2010 16:46", "UnitPrice": "12.75", "CustomerID": "17659", "Country": "United Kingdom"},
{"InvoiceNo": "536808", "StockCode": "22568", "Description": "FELTCRAFT CUSHION OWL", "Quantity": "8", "InvoiceDate": "02-12-2010 16:46", "UnitPrice": "3.75", "CustomerID": "17659", "Country": "United Kingdom"},
{"InvoiceNo": "536808", "StockCode": "22569", "Description": "FELTCRAFT CUSHION BUTTERFLY", "Quantity": "8", "InvoiceDate": "02-12-2010 16:46", "UnitPrice": "3.75", "CustomerID": "17659", "Country": "United Kingdom"},
{"InvoiceNo": "536808", "StockCode": "22570", "Description": "FELTCRAFT CUSHION RABBIT", "Quantity": "12", "InvoiceDate": "02-12-2010 16:46", "UnitPrice": "3.75", "CustomerID": "17659", "Country": "United Kingdom"},
{"InvoiceNo": "536808", "StockCode": "22634", "Description": "CHILDS BREAKFAST SET SPACEBOY ", "Quantity": "2", "InvoiceDate": "02-12-2010 16:46", "UnitPrice": "9.95", "CustomerID": "17659", "Country": "United Kingdom"},
{"InvoiceNo": "536808", "StockCode": "22846", "Description": "BREAD BIN DINER STYLE RED ", "Quantity": "1", "InvoiceDate": "02-12-2010 16:46", "UnitPrice": "16.95", "CustomerID": "17659", "Country": "United Kingdom"},
{"InvoiceNo": "536808", "StockCode": "84029E", "Description": "RED WOOLLY HOTTIE WHITE HEART.", "Quantity": "4", "InvoiceDate": "02-12-2010 16:46", "UnitPrice": "3.75", "CustomerID": "17659", "Country": "United Kingdom"},
{"InvoiceNo": "C536818", "StockCode": "84947", "Description": "ANTIQUE SILVER TEA GLASS ENGRAVED", "Quantity": "-1", "InvoiceDate": "02-12-2010 17:09", "UnitPrice": "1.25", "CustomerID": "16995", "Country": "United Kingdom"},
{"InvoiceNo": "C536828", "StockCode": "22832", "Description": "BROCANTE SHELF WITH HOOKS", "Quantity": "-1", "InvoiceDate": "02-12-2010 17:35", "UnitPrice": "10.75", "CustomerID": "14264", "Country": "United Kingdom"},
{"InvoiceNo": "C536828", "StockCode": "84946", "Description": "ANTIQUE SILVER TEA GLASS ETCHED", "Quantity": "-3", "InvoiceDate": "02-12-2010 17:35", "UnitPrice": "1.25", "CustomerID": "14264", "Country": "United Kingdom"},
{"InvoiceNo": "536838", "StockCode": "15036", "Description": "ASSORTED COLOURS SILK FAN", "Quantity": "24", "InvoiceDate": "02-12-2010 18:23", "UnitPrice": "0.75", "CustomerID": "14865", "Country": "United Kingdom"},
{"InvoiceNo": "536838", "StockCode": "40016", "Description": "CHINESE DRAGON PAPER LANTERNS", "Quantity": "24", "InvoiceDate": "02-12-2010 18:23", "UnitPrice": "0.42", "CustomerID": "14865", "Country": "United Kingdom"},
{"InvoiceNo": "536838", "StockCode": "72232", "Description": "FENG SHUI PILLAR CANDLE", "Quantity": "48", "InvoiceDate": "02-12-2010 18:23", "UnitPrice": "0.19", "CustomerID": "14865", "Country": "United Kingdom"}
]