[{"InvoiceNo": "C536606", "StockCode": "20914", "Description": "SET/5 RED RETROSPOT LID GLASS BOWLS", "Quantity": "-2", "InvoiceDate": "02-12-2010 9:10", "UnitPrice": "2.95", "CustomerID": "14092", "Country": "United Kingdom"},
{"InvoiceNo": "536616", "StockCode": "21137", "Description": "BLACK RECORD COVER FRAME", "Quantity": "72", "InvoiceDate": "02-12-2010 10:10", "UnitPrice": "3.39", "CustomerID": "17925", "Country": "United Kingdom"},
{"InvoiceNo": "536626", "StockCode": "22965", "Description": "3 TRADITIONAl BISCUIT CUTTERS  SET", "Quantity": "6", "InvoiceDate": "02-12-2010 10:46", "UnitPrice": "2.1", "CustomerID": "13418", "Country": "United Kingdom"},
{"InvoiceNo": "536636", "StockCode": "22086", "Description": "PAPER CHAIN KIT 50'S CHRISTMAS ", "Quantity": "36", "InvoiceDate": "02-12-2010 11:23", "UnitPrice": "2.95", "CustomerID": "15070", "Country": "United Kingdom"},
{"InvoiceNo": "536676", "StockCode": "21563", "Description": "RED HEART SHAPE LOVE BUCKET ", "Quantity": "6", "InvoiceDate": "02-12-2010 12:18", "UnitPrice": "2.95", "CustomerID": "16752", "Country": "United Kingdom"},
{"InvoiceNo": "536676", "StockCode": "21769", "Description": "VINTAGE POST OFFICE CABINET", "Quantity": "1", "InvoiceDate": "02-12-2010 12:18", "UnitPrice": "79.95", "CustomerID": "16752", "Country": "United Kingdom"},
{"InvoiceNo": "536676", "StockCode": "22168", "Description": "ORGANISER WOOD ANTIQUE WHITE ", "Quantity": "2", "InvoiceDate": "02-12-2010 12:18", "UnitPrice": "8.5", "CustomerID": "16752", "Country": "United Kingdom"},
{"InvoiceNo": "536676", "StockCode": "22442", "Description": "GROW YOUR OWN FLOWERS SET OF 3", "Quantity": "2", "InvoiceDate": "02-12-2010 12:18", "UnitPrice": "7.95", "CustomerID": "16752", "Country": "United Kingdom"},
{"InvoiceNo": "536676", "StockCode": "22595", "Description": "CHRISTMAS GINGHAM HEART", "Quantity": "12", "InvoiceDate": "02-12-2010 12:18", "UnitPrice": "0.85", "CustomerID": "16752", "Country": "United Kingdom"},
{"InvoiceNo": "536676", "StockCode": "22759", "Description": "SET OF 3 NOTEBOOKS IN PARCEL", "Quantity": "12", "InvoiceDate": "02-12-2010 12:18", "UnitPrice": "1.65", "CustomerID": "16752", "Country": "United Kingdom"},
{"InvoiceNo": "536676", "StockCode": "22797", "Description": "CHEST OF DRAWERS GINGHAM HEART ", "Quantity": "1", "InvoiceDate": "02-12-2010 12:18", "UnitPrice": "16.95", "CustomerID": "16752", "Country": "United Kingdom"},
{"InvoiceNo": "536676", "StockCode": "22969", "Description": "HOMEMADE JAM SCENTED CANDLES", "Quantity": "12", "InvoiceDate": "02-12-2010 12:18", "UnitPrice": "1.45", "CustomerID": "16752", "Country": "United Kingdom"},
{"InvoiceNo": "536676", "StockCode": "84846A", "Description": "SCENTED CANDLE IN DIGITALIS TIN", "Quantity": "6", "InvoiceDate": "02-12-2010 12:18", "UnitPrice": "2.1", "CustomerID": "16752", "Country": "United Kingdom"},
{"InvoiceNo": "536736", "StockCode": "21703", "Description": "BAG 125g SWIRLY MARBLES", "Quantity": "192", "InvoiceDate": "02-12-2010 12:59", "UnitPrice": "0.42", "CustomerID": "17381", "Country": "United Kingdom"},
{"InvoiceNo": "536736", "StockCode": "21790", "Description": "VINTAGE SNAP CARDS", "Quantity": "144", "InvoiceDate": "02-12-2010 12:59", "UnitPrice": "0.72", "CustomerID": "17381", "Country": "United Kingdom"},
{"InvoiceNo": "536736", "StockCode": "21791", "Description": "VINTAGE HEADS AND TAILS CARD GAME ", "Quantity": "216", "InvoiceDate": "02-12-2010 12:59", "UnitPrice": "1.06", "CustomerID": "17381", "Country": "United Kingdom"},
{"InvoiceNo": "536736", "StockCode": "22555", "Description": "PLASTERS IN TIN STRONGMAN", "Quantity": "144", "InvoiceDate": "02-12-2010 12:59", "UnitPrice": "1.65", "CustomerID": "17381", "Country": "United Kingdom"},
{"InvoiceNo": "536736", "StockCode": "22616", "Description": "PACK OF 12 LONDON TISSUES ", "Quantity": "600", "InvoiceDate": "02-12-2010 12:59", "UnitPrice": "0.29", "CustomerID": "17381", "Country": "United Kingdom"},
{"InvoiceNo": "536746", "StockCode": "21258", "Description": "VICTORIAN SEWING BOX LARGE", "Quantity": "1", "InvoiceDate": "02-12-2010 13:39", "UnitPrice": "12.75", "CustomerID": "16510", "Country": "United Kingdom"},
{"InvoiceNo": "536746", "StockCode": "21259", "Description": "VICTORIAN SEWING BOX SMALL ", "Quantity": "2", "InvoiceDate": "02-12-2010 13:39", "UnitPrice": "5.95", "CustomerID": "16510", "Country": "United Kingdom"},
{"InvoiceNo": "536746", "StockCode": "21587", "Description": "COSY HOUR GIANT TUBE MATCHES", "Quantity": "12", "InvoiceDate": "02-12-2010 13:39", "UnitPrice": "2.55", "CustomerID": "16510", "Country": "United Kingdom"},
{"InvoiceNo": "536746", "StockCode": "22082", "Description": "RIBBON REEL STRIPES DESIGN ", "Quantity": "10", "InvoiceDate": "02-12-2010 13:39", "UnitPrice": "1.65", "CustomerID": "16510", "Country": "United Kingdom"},
{"InvoiceNo": "536746", "StockCode": "22169", "Description": "FAMILY ALBUM WHITE PICTURE FRAME", "Quantity": "2", "InvoiceDate": "02-12-2010 13:39", "UnitPrice": "8.5", "CustomerID": "16510", "Country": "United Kingdom"},
{"InvoiceNo": "536746", "StockCode": "22604", "Description": "SET OF 4 NAPKIN CHARMS CUTLERY", "Quantity": "6", "InvoiceDate": "02-12-2010 13:39", "UnitPrice": "2.55", "CustomerID": "16510", "Country": "United Kingdom"},
{"InvoiceNo": "536746", "StockCode": "22767", "Description": "TRIPLE PHOTO FRAME CORNICE ", "Quantity": "2", "InvoiceDate": "02-12-2010 13:39", "UnitPrice": "9.95", "CustomerID": "16510", "Country": "United Kingdom"},
{"InvoiceNo": "536746", "StockCode": "22768", "Description": "FAMILY PHOTO FRAME CORNICE", "Quantity": "2", "InvoiceDate": "02-12-2010 13:39", "UnitPrice": "9.95", "CustomerID": "16510", "Country": "United Kingdom"},
{"InvoiceNo": "536746", "StockCode": "22795", "Description": "SWEETHEART RECIPE BOOK STAND", "Quantity": "4", "InvoiceDate": "02-12-2010 13:39", "UnitPrice": "6.75", "CustomerID": "16510", "Country": "United Kingdom"},
{"InvoiceNo": "536746", "StockCode": "22914", "Description": "BLUE COAT RACK PARIS FASHION", "Quantity": "3", "InvoiceDate": "02-12-2010 13:39", "UnitPrice": "4.95", "CustomerID": "16510", "Country": "United Kingdom"},
{"InvoiceNo": "536746", "StockCode": "22969", "Description": "HOMEMADE JAM SCENTED CANDLES", "Quantity": "12", "InvoiceDate": "02-12-2010 13:39", "UnitPrice": "1.45", "CustomerID": "16510", "Country": "United Kingdom"},
{"InvoiceNo": "536746", "StockCode": "84946", "Description": "ANTIQUE SILVER TEA GLASS ETCHED", "Quantity": "24", "InvoiceDate": "02-12-2010 13:39", "UnitPrice": "1.25", "CustomerID": "16510", "Country": "United Kingdom"},
{"InvoiceNo": "536746", "StockCode": "84947", "Description": "ANTIQUE SILVER TEA GLASS ENGRAVED", "Quantity": "12", "InvoiceDate": "02-12-2010 13:39", "UnitPrice": "1.25", "CustomerID": "16510", "Country": "United Kingdom"},
{"InvoiceNo": "536756", "StockCode": "10002", "Description": "INFLATABLE POLITICAL GLOBE ", "Quantity": "1", "InvoiceDate": "02-12-2010 14:23", "UnitPrice": "0.85", "CustomerID": "", "Country": "United Kingdom"},
{"InvoiceNo": "536756", "StockCode": "21349", "Description": "IVY HEART WREATH", "Quantity": "1", "InvoiceDate": "02-12-2010 14:23", "UnitPrice": "6.75", "CustomerID": "", "Country": "United Kingdom"},
{"InvoiceNo": "536756", "StockCode": "21488", "Description": "RED WHITE SCARF  HOT WATER BOTTLE", "Quantity": "1", "InvoiceDate": "02-12-2010 14:23", "UnitPrice": "3.95", "CustomerID": "", "Country": "United Kingdom"},
{"InvoiceNo": "536756", "StockCode": "21902", "Description": "KEY FOB , FRONT  DOOR ", "Quantity": "2", "InvoiceDate": "02-12-2010 14:23", "UnitPrice": "0.65", "CustomerID": "", "Country": "United Kingdom"},
{"InvoiceNo": "536756", "StockCode": "22086", "Description": "PAPER CHAIN KIT 50'S CHRISTMAS ", "Quantity": "1", "InvoiceDate": "02-12-2010 14:23", "UnitPrice": "2.95", "CustomerID": "", "Country": "United Kingdom"},
{"InvoiceNo": "536756", "StockCode": "22197", "Description": "SMALL POPCORN HOLDER", "Quantity": "3", "InvoiceDate": "02-12-2010 14:23", "UnitPrice": "0.85", "CustomerID": "", "Country": "United Kingdom"},
{"InvoiceNo": "536756", "StockCode": "22325", "Description": "MOBILE VINTAGE HEARTS ", "Quantity": "1", "InvoiceDate": "02-12-2010 14:23", "UnitPrice": "4.95", "CustomerID": "", "Country": "United Kingdom"},
{"InvoiceNo": "536756", "StockCode": "22439", "Description": "6 ROCKET BALLOONS ", "Quantity": "2", "InvoiceDate": "02-12-2010 14:23", "UnitPrice": "0.65", "CustomerID": "", "Country": "United Kingdom"},
{"InvoiceNo": "536756", "StockCode": "22863", "Description": "SOAP DISH BROCANTE", "Quantity": "1", "InvoiceDate": "02-12-2010 14:23", "UnitPrice": "2.95", "CustomerID": "", "Country": "United Kingdom"},
{"InvoiceNo": "536756", "StockCode": "22895", "Description": "SET OF 2 TEA TOWELS APPLE AND PEARS", "Quantity": "1", "InvoiceDate": "02-12-2010 14:23", "UnitPrice": "2.95", "CustomerID": "", "Country": "United Kingdom"},
{"InvoiceNo": "536756", "StockCode": "22897", "Description": "OVEN MITT APPLES DESIGN", "Quantity": "1", "InvoiceDate": "02-12-2010 14:23", "UnitPrice": "1.45", "CustomerID": "", "Country": "United Kingdom"},
{"InvoiceNo": "536756", "StockCode": "22909", "Description": "SET OF 20 VINTAGE CHRISTMAS NAPKINS", "Quantity": "1", "InvoiceDate": "02-12-2010 14:23", "UnitPrice": "0.85", "CustomerID": "", "Country": "United Kingdom"},
{"InvoiceNo": "536756", "StockCode": "22910", "Description": "PAPER CHAIN KIT VINTAGE CHRISTMAS", "Quantity": "1", "InvoiceDate": "02-12-2010 14:23", "UnitPrice": "2.95", "CustomerID": "", "Country": "United Kingdom"},
{"InvoiceNo": "536756", "StockCode": "22943", "Description": "CHRISTMAS LIGHTS 10 VINTAGE BAUBLES", "Quantity": "1", "InvoiceDate": "02-12-2010 14:23", "UnitPrice": "4.95", "CustomerID": "", "Country": "United Kingdom"},
{"InvoiceNo": "536756", "StockCode": "22945", "Description": "CHRISTMAS METAL TAGS ASSORTED ", "Quantity": "1", "InvoiceDate": "02-12-2010 14:23", "UnitPrice": "0.85", "CustomerID": "", "Country": "United Kingdom"},
{"InvoiceNo": "536756", "StockCode": "22968", "Description": "ROSE COTTAGE KEEPSAKE BOX ", "Quantity": "1", "InvoiceDate": "02-12-2010 14:23", "UnitPrice": "9.95", "CustomerID": "", "Country": "United Kingdom"},
{"InvoiceNo": "536756", "StockCode": "84946", "Description": "ANTIQUE SILVER TEA GLASS ETCHED", "Quantity": "1", "InvoiceDate": "02-12-2010 14:23", "UnitPrice": "1.25", "CustomerID": "", "Country": "United Kingdom"},
{"InvoiceNo": "536756", "StockCode": "48173C", "Description": "DOORMAT BLACK FLOCK ", "Quantity": "1", "InvoiceDate": "02-12-2010 14:23", "UnitPrice": "7.95", "CustomerID": "", "Country": "United Kingdom"},
{"InvoiceNo": "536756", "StockCode": "85014A", "Description": "BLACK/BLUE POLKADOT UMBRELLA", "Quantity": "1", "InvoiceDate": "02-12-2010 14:23", "UnitPrice": "5.95", "CustomerID": "", "Country": "United Kingdom"},
{"InvoiceNo": "536786", "StockCode": "22617", "Description": "BAKING SET SPACEBOY DESIGN", "Quantity": "48", "InvoiceDate": "02-12-2010 15:23", "UnitPrice": "4.25", "CustomerID": "15061", "Country": "United Kingdom"},
{"InvoiceNo": "536786", "StockCode": "85178", "Description": "VICTORIAN SEWING KIT", "Quantity": "96", "InvoiceDate": "02-12-2010 15:23", "UnitPrice": "1.25", "CustomerID": "15061", "Country": "United Kingdom"},
{"InvoiceNo": "536796", "StockCode": "20665", "Description": "RED RETROSPOT PURSE ", "Quantity": "1", "InvoiceDate": "02-12-2010 15:46", "UnitPrice": "2.95", "CustomerID": "15574", "Country": "United Kingdom"},
{"InvoiceNo": "536796", "StockCode": "20668", "Description": "DISCO BALL CHRISTMAS DECORATION", "Quantity": "10", "InvoiceDate": "02-12-2010 15:46", "UnitPrice": "0.12", "CustomerID": "15574", "Country": "United Kingdom"},
{"InvoiceNo": "536796", "StockCode": "20719", "Description": "WOODLAND CHARLOTTE BAG", "Quantity": "1", "InvoiceDate": "02-12-2010 15:46", "UnitPrice": "0.85", "CustomerID": "15574", "Country": "United Kingdom"},
{"InvoiceNo": "536796", "StockCode": "20719", "Description": "WOODLAND CHARLOTTE BAG", "Quantity": "1", "InvoiceDate": "02-12-2010 15:46", "UnitPrice": "0.85", "CustomerID": "15574", "Country": "United Kingdom"},
{"InvoiceNo": "536796", "StockCode": "20724", "Description": "RED RETROSPOT CHARLOTTE BAG", "Quantity": "1", "InvoiceDate": "02-12-2010 15:46", "UnitPrice": "0.85", "CustomerID": "15574", "Country": "United Kingdom"},
{"InvoiceNo": "536796", "StockCode": "20728", "Description": "LUNCH BAG CARS BLUE", "Quantity": "1", "InvoiceDate": "02-12-2010 15:46", "UnitPrice": "1.65", "CustomerID": "15574", "Country": "United Kingdom"},
{"InvoiceNo": "536796", "StockCode": "20751", "Description": "FUNKY WASHING UP GLOVES ASSORTED", "Quantity": "1", "InvoiceDate": "02-12-2010 15:46", "UnitPrice": "2.1", "CustomerID": "15574", "Country": "United Kingdom"},
{"InvoiceNo": "536796", "StockCode": "20752", "Description": "BLUE POLKADOT WASHING UP GLOVES", "Quantity": "1", "InvoiceDate": "02-12-2010 15:46", "UnitPrice": "2.1", "CustomerID": "15574", "Country": "United Kingdom"},
{"InvoiceNo": "536796", "StockCode": "20766", "Description": "GARDEN PATH SKETCHBOOK", "Quantity": "1", "InvoiceDate": "02-12-2010 15:46", "UnitPrice": "3.75", "CustomerID": "15574", "Country": "United Kingdom"},
{"InvoiceNo": "536796", "StockCode": "20977", "Description": "36 PENCILS TUBE WOODLAND", "Quantity": "2", "InvoiceDate": "02-12-2010 15:46", "UnitPrice": "1.25", "CustomerID": "15574", "Country": "United Kingdom"},
{"InvoiceNo": "536796", "StockCode": "20979", "Description": "36 PENCILS TUBE RED RETROSPOT", "Quantity": "1", "InvoiceDate": "02-12-2010 15:46", "UnitPrice": "1.25", "CustomerID": "15574", "Country": "United Kingdom"},
{"InvoiceNo": "536796", "StockCode": "21025", "Description": "SPACE FROG", "Quantity": "1", "InvoiceDate": "02-12-2010 15:46", "UnitPrice": "1.25", "CustomerID": "15574", "Country": "United Kingdom"},
{"InvoiceNo": "536796", "StockCode": "21026", "Description": "SPACE OWL", "Quantity": "1", "InvoiceDate": "02-12-2010 15:46", "UnitPrice": "1.25", "CustomerID": "15574", "Country": "United Kingdom"},
{"InvoiceNo": "536796", "StockCode": "21026", "Description": "SPACE OWL", "Quantity": "1", "InvoiceDate": "02-12-2010 15:46", "UnitPrice": "1.25", "CustomerID": "15574", "Country": "United Kingdom"},
{"InvoiceNo": "536796", "StockCode": "21030", "Description": "SPACE CADET RED", "Quantity": "1", "InvoiceDate": "02-12-2010 15:46", "UnitPrice": "1.25", "CustomerID": "15574", "Country": "United Kingdom"},
{"InvoiceNo": "536796", "StockCode": "21031", "Description": "SPACE CADET BLACK", "Quantity": "1", "InvoiceDate": "02-12-2010 15:46", "UnitPrice": "1.25", "CustomerID": "15574", "Country": "United Kingdom"},
{"InvoiceNo": "536796", "StockCode": "21032", "Description": "SPACE CADET WHITE", "Quantity": "2", "InvoiceDate": "02-12-2010 15:46", "UnitPrice": "1.25", "CustomerID": "15574", "Country": "United Kingdom"},
{"InvoiceNo": "536796", "StockCode": "21121", "Description": "SET/10 RED POLKADOT PARTY CANDLES", "Quantity": "1", "InvoiceDate": "02-12-2010 15:46", "UnitPrice": "1.25", "CustomerID": "15574", "Country": "United Kingdom"},
{"InvoiceNo": "536796", "StockCode": "21135", "Description": "VICTORIAN  METAL POSTCARD SPRING", "Quantity": "8", "InvoiceDate": "02-12-2010 15:46", "UnitPrice": "1.69", "CustomerID": "15574", "Country": "United Kingdom"},
{"InvoiceNo": "536796", "StockCode": "21268", "Description": "VINTAGE BLUE TINSEL REEL", "Quantity": "2", "InvoiceDate": "02-12-2010 15:46", "UnitPrice": "0.42", "CustomerID": "15574", "Country": "United Kingdom"},
{"InvoiceNo": "536796", "StockCode": "21327", "Description": "SKULLS WRITING SET ", "Quantity": "1", "InvoiceDate": "02-12-2010 15:46", "UnitPrice": "1.65", "CustomerID": "15574", "Country": "United Kingdom"},
{"InvoiceNo": "536796", "StockCode": "21327", "Description": "SKULLS WRITING SET ", "Quantity": "2", "InvoiceDate": "02-12-2010 15:46", "UnitPrice": "1.65", "CustomerID": "15574", "Country": "United Kingdom"},
{"InvoiceNo": "536796", "StockCode": "21328", "Description": "BALLOONS  WRITING SET ", "Quantity": "1", "InvoiceDate": "02-12-2010 15:46", "UnitPrice": "1.65", "CustomerID": "15574", "Country": "United Kingdom"},
{"InvoiceNo": "536796", "StockCode": "21328", "Description": "BALLOONS  WRITING SET ", "Quantity": "1", "InvoiceDate": "02-12-2010 15:46", "UnitPrice": "1.65", "CustomerID": "15574", "Country": "United Kingdom"},
{"InvoiceNo": "536796", "StockCode": "21354", "Description": "TOAST ITS - BEST MUM", "Quantity": "1", "InvoiceDate": "02-12-2010 15:46", "UnitPrice": "1.25", "CustomerID": "15574", "Country": "United Kingdom"},
{"InvoiceNo": "536796", "StockCode": "21357", "Description": "TOAST ITS - DINOSAUR", "Quantity": "1", "InvoiceDate": "02-12-2010 15:46", "UnitPrice": "1.25", "CustomerID": "15574", "Country": "United Kingdom"},
{"InvoiceNo": "536796", "StockCode": "21392", "Description": "RED POLKADOT PUDDING BOWL", "Quantity": "1", "InvoiceDate": "02-12-2010 15:46", "UnitPrice": "2.1", "CustomerID": "15574", "Country": "United Kingdom"},
{"InvoiceNo": "536796", "StockCode": "21392", "Description": "RED POLKADOT PUDDING BOWL", "Quantity": "2", "InvoiceDate": "02-12-2010 15:46", "UnitPrice": "2.1", "CustomerID": "15574", "Country": "United Kingdom"},
{"InvoiceNo": "536796", "StockCode": "21393", "Description": "BLUE POLKADOT PUDDING BOWL", "Quantity": "1", "InvoiceDate": "02-12-2010 15:46", "UnitPrice": "2.1", "CustomerID": "15574", "Country": "United Kingdom"},
{"InvoiceNo": "536796", "StockCode": "21393", "Description": "BLUE POLKADOT PUDDING BOWL", "Quantity": "2", "InvoiceDate": "02-12-2010 15:46", "UnitPrice": "2.1", "CustomerID": "15574", "Country": "United Kingdom"},
{"InvoiceNo": "536796", "StockCode": "21398", "Description": "RED POLKADOT COFFEE  MUG", "Quantity": "2", "InvoiceDate": "02-12-2010 15:46", "UnitPrice": "2.1", "CustomerID": "15574", "Country": "United Kingdom"},
{"InvoiceNo": "536796", "StockCode": "21399", "Description": "BLUE POLKADOT COFFEE MUG", "Quantity": "2", "InvoiceDate": "02-12-2010 15:46", "UnitPrice": "2.1", "CustomerID": "15574", "Country": "United Kingdom"},
{"InvoiceNo": "536796", "StockCode": "21426", "Description": "WOODLAND STORAGE BOX SMALL", "Quantity": "1", "InvoiceDate": "02-12-2010 15:46", "UnitPrice": "2.1", "CustomerID": "15574", "Country": "United Kingdom"},
{"InvoiceNo": "536796", "StockCode": "21430", "Description": "SET/3 RED GINGHAM ROSE STORAGE BOX", "Quantity": "2", "InvoiceDate": "02-12-2010 15:46", "UnitPrice": "3.75", "CustomerID": "15574", "Country": "United Kingdom"},
{"InvoiceNo": "536796", "StockCode": "21484", "Description": "CHICK GREY HOT WATER BOTTLE", "Quantity": "1", "InvoiceDate": "02-12-2010 15:46", "UnitPrice": "3.45", "CustomerID": "15574", "Country": "United Kingdom"},
{"InvoiceNo": "536796", "StockCode": "21559", "Description": "STRAWBERRY LUNCH BOX WITH CUTLERY", "Quantity": "1", "InvoiceDate": "02-12-2010 15:46", "UnitPrice": "2.55", "CustomerID": "15574", "Country": "United Kingdom"},
{"InvoiceNo": "536796", "StockCode": "21577", "Description": "SAVE THE PLANET COTTON TOTE BAG", "Quantity": "2", "InvoiceDate": "02-12-2010 15:46", "UnitPrice": "2.25", "CustomerID": "15574", "Country": "United Kingdom"},
{"InvoiceNo": "536796", "StockCode": "21578", "Description": "WOODLAND DESIGN  COTTON TOTE BAG", "Quantity": "1", "InvoiceDate": "02-12-2010 15:46", "UnitPrice": "2.25", "CustomerID": "15574", "Country": "United Kingdom"},
{"InvoiceNo": "536796", "StockCode": "21578", "Description": "WOODLAND DESIGN  COTTON TOTE BAG", "Quantity": "1", "InvoiceDate": "02-12-2010 15:46", "UnitPrice": "2.25", "CustomerID": "15574", "Country": "United Kingdom"},
{"InvoiceNo": "536796", "StockCode": "21581", "Description": "SKULLS  DESIGN  COTTON TOTE BAG", "Quantity": "1", "InvoiceDate": "02-12-2010 15:46", "UnitPrice": "2.25", "CustomerID": "15574", "Country": "United Kingdom"},
{"InvoiceNo": "536796", "StockCode": "21587", "Description": "COSY HOUR GIANT TUBE MATCHES", "Quantity": "5", "InvoiceDate": "02-12-2010 15:46", "UnitPrice": "2.55", "CustomerID": "15574", "Country": "United Kingdom"},
{"InvoiceNo": "536796", "StockCode": "21587", "Description": "COSY HOUR GIANT TUBE MATCHES", "Quantity": "1", "InvoiceDate": "02-12-2010 15:46", "UnitPrice": "2.55", "CustomerID": "15574", "Country": "United Kingdom"},
{"InvoiceNo": "536796", "StockCode": "21591", "Description": "COSY HOUR CIGAR BOX MATCHES ", "Quantity": "1", "InvoiceDate": "02-12-2010 15:46", "UnitPrice": "1.25", "CustomerID": "15574", "Country": "United Kingdom"},
{"InvoiceNo": "536796", "StockCode": "21591", "Description": "COSY HOUR CIGAR BOX MATCHES ", "Quantity": "3", "InvoiceDate": "02-12-2010 15:46", "UnitPrice": "1.25", "CustomerID": "15574", "Country": "United Kingdom"},
{"InvoiceNo": "536796", "StockCode": "21625", "Description": "VINTAGE UNION JACK APRON", "Quantity": "1", "InvoiceDate": "02-12-2010 15:46", "UnitPrice": "6.95", "CustomerID": "15574", "Country": "United Kingdom"},
{"InvoiceNo": "536796", "StockCode": "21714", "Description": "CITRONELLA CANDLE GARDEN POT", "Quantity": "1", "InvoiceDate": "02-12-2010 15:46", "UnitPrice": "1.25", "CustomerID": "15574", "Country": "United Kingdom"},
{"InvoiceNo": "536796", "StockCode": "21719", "Description": "LOVELY BONBON STICKER SHEET", "Quantity": "1", "InvoiceDate": "02-12-2010 15:46", "UnitPrice": "0.85", "CustomerID": "15574", "Country": "United Kingdom"},
{"InvoiceNo": "536796", "StockCode": "21892", "Description": "TRADITIONAL WOODEN CATCH CUP GAME ", "Quantity": "1", "InvoiceDate": "02-12-2010 15:46", "UnitPrice": "1.25", "CustomerID": "15574", "Country": "United Kingdom"},
{"InvoiceNo": "536796", "StockCode": "21935", "Description": "SUKI  SHOULDER BAG", "Quantity": "1", "InvoiceDate": "02-12-2010 15:46", "UnitPrice": "1.65", "CustomerID": "15574", "Country": "United Kingdom"},
{"InvoiceNo": "536796", "StockCode": "21967", "Description": "PACK OF 12 SKULL TISSUES", "Quantity": "1", "InvoiceDate": "02-12-2010 15:46", "UnitPrice": "0.29", "CustomerID": "15574", "Country": "United Kingdom"},
{"InvoiceNo": "536796", "StockCode": "21967", "Description": "PACK OF 12 SKULL TISSUES", "Quantity": "1", "InvoiceDate": "02-12-2010 15:46", "UnitPrice": "0.29", "CustomerID": "15574", "Country": "United Kingdom"},
{"InvoiceNo": "536796", "StockCode": "21967", "Description": "PACK OF 12 SKULL TISSUES", "Quantity": "1", "InvoiceDate": "02-12-2010 15:46", "UnitPrice": "0.29", "CustomerID": "15574", "Country": "United Kingdom"},
{"InvoiceNo": "536796", "StockCode": "21981", "Description": "PACK OF 12 WOODLAND TISSUES ", "Quantity": "1", "InvoiceDate": "02-12-2010 15:46", "UnitPrice": "0.29", "CustomerID": "15574", "Country": "United Kingdom"},
{"InvoiceNo": "536796", "StockCode": "21981", "Description": "PACK OF 12 WOODLAND TISSUES ", "Quantity": "1", "InvoiceDate": "02-12-2010 15:46", "UnitPrice": "0.29", "CustomerID": "15574", "Country": "United Kingdom"},
{"InvoiceNo": "536796", "StockCode": "21982", "Description": "PACK OF 12 SUKI TISSUES ", "Quantity": "1", "InvoiceDate": "02-12-2010 15:46", "UnitPrice": "0.29", "CustomerID": "15574", "Country": "United Kingdom"},
{"InvoiceNo": "536796", "StockCode": "21982", "Description": "PACK OF 12 SUKI TISSUES ", "Quantity": "1", "InvoiceDate": "02-12-2010 15:46", "UnitPrice": "0.29", "CustomerID": "15574", "Country": "United Kingdom"},
{"InvoiceNo": "536796", "StockCode": "21984", "Description": "PACK OF 12 PINK PAISLEY TISSUES ", "Quantity": "1", "InvoiceDate": "02-12-2010 15:46", "UnitPrice": "0.29", "CustomerID": "15574", "Country": "United Kingdom"},
{"InvoiceNo": "536796", "StockCode": "21990", "Description": "MODERN FLORAL STATIONERY SET", "Quantity": "1", "InvoiceDate": "02-12-2010 15:46", "UnitPrice": "2.95", "CustomerID": "15574", "Country": "United Kingdom"},
{"InvoiceNo": "536796", "StockCode": "21993", "Description": "FLORAL FOLK STATIONERY SET", "Quantity": "1", "InvoiceDate": "02-12-2010 15:46", "UnitPrice": "2.95", "CustomerID": "15574", "Country": "United Kingdom"},
{"InvoiceNo": "536796", "StockCode": "22077", "Description": "6 RIBBONS RUSTIC CHARM", "Quantity": "1", "InvoiceDate": "02-12-2010 15:46", "UnitPrice": "1.65", "CustomerID": "15574", "Country": "United Kingdom"},
{"InvoiceNo": "536796", "StockCode": "22082", "Description": "RIBBON REEL STRIPES DESIGN ", "Quantity": "1", "InvoiceDate": "02-12-2010 15:46", "UnitPrice": "1.65", "CustomerID": "15574", "Country": "United Kingdom"},
{"InvoiceNo": "536796", "StockCode": "22087", "Description": "PAPER BUNTING WHITE LACE", "Quantity": "2", "InvoiceDate": "02-12-2010 15:46", "UnitPrice": "2.95", "CustomerID": "15574", "Country": "United Kingdom"},
{"InvoiceNo": "536796", "StockCode": "22174", "Description": "PHOTO CUBE", "Quantity": "1", "InvoiceDate": "02-12-2010 15:46", "UnitPrice": "1.65", "CustomerID": "15574", "Country": "United Kingdom"},
{"InvoiceNo": "536796", "StockCode": "22181", "Description": "SNOWSTORM PHOTO FRAME FRIDGE MAGNET", "Quantity": "2", "InvoiceDate": "02-12-2010 15:46", "UnitPrice": "0.85", "CustomerID": "15574", "Country": "United Kingdom"},
{"InvoiceNo": "536796", "StockCode": "22328", "Description": "ROUND SNACK BOXES SET OF 4 FRUITS ", "Quantity": "1", "InvoiceDate": "02-12-2010 15:46", "UnitPrice": "2.95", "CustomerID": "15574", "Country": "United Kingdom"},
{"InvoiceNo": "536796", "StockCode": "22350", "Description": "ILLUSTRATED CAT BOWL ", "Quantity": "1", "InvoiceDate": "02-12-2010 15:46", "UnitPrice": "2.55", "CustomerID": "15574", "Country": "United Kingdom"},
{"InvoiceNo": "536796", "StockCode": "22376", "Description": "AIRLINE BAG VINTAGE JET SET WHITE", "Quantity": "1", "InvoiceDate": "02-12-2010 15:46", "UnitPrice": "4.25", "CustomerID": "15574", "Country": "United Kingdom"},
{"InvoiceNo": "536796", "StockCode": "22376", "Description": "AIRLINE BAG VINTAGE JET SET WHITE", "Quantity": "2", "InvoiceDate": "02-12-2010 15:46", "UnitPrice": "4.25", "CustomerID": "15574", "Country": "United Kingdom"},
{"InvoiceNo": "536796", "StockCode": "22376", "Description": "AIRLINE BAG VINTAGE JET SET WHITE", "Quantity": "2", "InvoiceDate": "02-12-2010 15:46", "UnitPrice": "4.25", "CustomerID": "15574", "Country": "United Kingdom"},
{"InvoiceNo": "536796", "StockCode": "22435", "Description": "SET OF 9 HEART SHAPED BALLOONS", "Quantity": "1", "InvoiceDate": "02-12-2010 15:46", "UnitPrice": "1.25", "CustomerID": "15574", "Country": "United Kingdom"},
{"InvoiceNo": "536796", "StockCode": "22553", "Description": "PLASTERS IN TIN SKULLS", "Quantity": "1", "InvoiceDate": "02-12-2010 15:46", "UnitPrice": "1.65", "CustomerID": "15574", "Country": "United Kingdom"},
{"InvoiceNo": "536796", "StockCode": "22553", "Description": "PLASTERS IN TIN SKULLS", "Quantity": "1", "InvoiceDate": "02-12-2010 15:46", "UnitPrice": "1.65", "CustomerID": "15574", "Country": "United Kingdom"},
{"InvoiceNo": "536796", "StockCode": "22554", "Description": "PLASTERS IN TIN WOODLAND ANIMALS", "Quantity": "1", "InvoiceDate": "02-12-2010 15:46", "UnitPrice": "1.65", "CustomerID": "15574", "Country": "United Kingdom"},
{"InvoiceNo": "536796", "StockCode": "22555", "Description": "PLASTERS IN TIN STRONGMAN", "Quantity": "1", "InvoiceDate": "02-12-2010 15:46", "UnitPrice": "1.65", "CustomerID": "15574", "Country": "United Kingdom"},
{"InvoiceNo": "536796", "StockCode": "22557", "Description": "PLASTERS IN TIN VINTAGE PAISLEY ", "Quantity": "1", "InvoiceDate": "02-12-2010 15:46", "UnitPrice": "1.65", "CustomerID": "15574", "Country": "United Kingdom"},
{"InvoiceNo": "536796", "StockCode": "22561", "Description": "WOODEN SCHOOL COLOURING SET", "Quantity": "1", "InvoiceDate": "02-12-2010 15:46", "UnitPrice": "1.65", "CustomerID": "15574", "Country": "United Kingdom"},
{"InvoiceNo": "536796", "StockCode": "22561", "Description": "WOODEN SCHOOL COLOURING SET", "Quantity": "1", "InvoiceDate": "02-12-2010 15:46", "UnitPrice": "1.65", "CustomerID": "15574", "Country": "United Kingdom"},
{"InvoiceNo": "536796", "StockCode": "22562", "Description": "MONSTERS STENCIL CRAFT", "Quantity": "1", "InvoiceDate": "02-12-2010 15:46", "UnitPrice": "1.25", "CustomerID": "15574", "Country": "United Kingdom"},
{"InvoiceNo": "536796", "StockCode": "22585", "Description": "PACK OF 6 BIRDY GIFT TAGS", "Quantity": "1", "InvoiceDate": "02-12-2010 15:46", "UnitPrice": "1.25", "CustomerID": "15574", "Country": "United Kingdom"},
{"InvoiceNo": "536796", "StockCode": "22585", "Description": "PACK OF 6 BIRDY GIFT TAGS", "Quantity": "1", "InvoiceDate": "02-12-2010 15:46", "UnitPrice": "1.25", "CustomerID": "15574", "Country": "United Kingdom"},
{"InvoiceNo": "536796", "StockCode": "22607", "Description": "WOODEN ROUNDERS GARDEN SET ", "Quantity": "3", "InvoiceDate": "02-12-2010 15:46", "UnitPrice": "9.95", "CustomerID": "15574", "Country": "United Kingdom"},
{"InvoiceNo": "536796", "StockCode": "22616", "Description": "PACK OF 12 LONDON TISSUES ", "Quantity": "1", "InvoiceDate": "02-12-2010 15:46", "UnitPrice": "0.29", "CustomerID": "15574", "Country": "United Kingdom"},
{"InvoiceNo": "536796", "StockCode": "22616", "Description": "PACK OF 12 LONDON TISSUES ", "Quantity": "3", "InvoiceDate": "02-12-2010 15:46", "UnitPrice": "0.29", "CustomerID": "15574", "Country": "United Kingdom"},
{"InvoiceNo": "536796", "StockCode": "22617", "Description": "BAKING SET SPACEBOY DESIGN", "Quantity": "1", "InvoiceDate": "02-12-2010 15:46", "UnitPrice": "4.95", "CustomerID": "15574", "Country": "United Kingdom"},
{"InvoiceNo": "536796", "StockCode": "22619", "Description": "SET OF 6 SOLDIER SKITTLES", "Quantity": "1", "InvoiceDate": "02-12-2010 15:46", "UnitPrice": "3.75", "CustomerID": "15574", "Country": "United Kingdom"},
{"InvoiceNo": "536796", "StockCode": "22623", "Description": "BOX OF VINTAGE JIGSAW BLOCKS ", "Quantity": "1", "InvoiceDate": "02-12-2010 15:46", "UnitPrice": "4.95", "CustomerID": "15574", "Country": "United Kingdom"},
{"InvoiceNo": "536796", "StockCode": "22634", "Description": "CHILDS BREAKFAST SET SPACEBOY ", "Quantity": "1", "InvoiceDate": "02-12-2010 15:46", "UnitPrice": "9.95", "CustomerID": "15574", "Country": "United Kingdom"},
{"InvoiceNo": "536796", "StockCode": "22635", "Description": "CHILDS BREAKFAST SET DOLLY GIRL ", "Quantity": "2", "InvoiceDate": "02-12-2010 15:46", "UnitPrice": "9.95", "CustomerID": "15574", "Country": "United Kingdom"},
{"InvoiceNo": "536796", "StockCode": "22636", "Description": "CHILDS BREAKFAST SET CIRCUS PARADE", "Quantity": "3", "InvoiceDate": "02-12-2010 15:46", "UnitPrice": "8.5", "CustomerID": "15574", "Country": "United Kingdom"},
{"InvoiceNo": "536796", "StockCode": "22659", "Description": "LUNCH BOX I LOVE LONDON", "Quantity": "1", "InvoiceDate": "02-12-2010 15:46", "UnitPrice": "1.95", "CustomerID": "15574", "Country": "United Kingdom"},
{"InvoiceNo": "536796", "StockCode": "22661", "Description": "CHARLOTTE BAG DOLLY GIRL DESIGN", "Quantity": "1", "InvoiceDate": "02-12-2010 15:46", "UnitPrice": "0.85", "CustomerID": "15574", "Country": "United Kingdom"},
{"InvoiceNo": "536796", "StockCode": "22744", "Description": "MAKE YOUR OWN MONSOON CARD KIT", "Quantity": "2", "InvoiceDate": "02-12-2010 15:46", "UnitPrice": "2.95", "CustomerID": "15574", "Country": "United Kingdom"},
{"InvoiceNo": "536796", "StockCode": "22745", "Description": "POPPY'S PLAYHOUSE BEDROOM ", "Quantity": "1", "InvoiceDate": "02-12-2010 15:46", "UnitPrice": "2.1", "CustomerID": "15574", "Country": "United Kingdom"},
{"InvoiceNo": "536796", "StockCode": "22745", "Description": "POPPY'S PLAYHOUSE BEDROOM ", "Quantity": "1", "InvoiceDate": "02-12-2010 15:46", "UnitPrice": "2.1", "CustomerID": "15574", "Country": "United Kingdom"},
{"InvoiceNo": "536796", "StockCode": "22748", "Description": "POPPY'S PLAYHOUSE KITCHEN", "Quantity": "1", "InvoiceDate": "02-12-2010 15:46", "UnitPrice": "2.1", "CustomerID": "15574", "Country": "United Kingdom"},
{"InvoiceNo": "536796", "StockCode": "22791", "Description": "T-LIGHT GLASS FLUTED ANTIQUE", "Quantity": "6", "InvoiceDate": "02-12-2010 15:46", "UnitPrice": "1.25", "CustomerID": "15574", "Country": "United Kingdom"},
{"InvoiceNo": "536796", "StockCode": "22899", "Description": "CHILDREN'S APRON DOLLY GIRL ", "Quantity": "1", "InvoiceDate": "02-12-2010 15:46", "UnitPrice": "2.1", "CustomerID": "15574", "Country": "United Kingdom"},
{"InvoiceNo": "536796", "StockCode": "22902", "Description": "TOTE BAG I LOVE LONDON", "Quantity": "1", "InvoiceDate": "02-12-2010 15:46", "UnitPrice": "2.1", "CustomerID": "15574", "Country": "United Kingdom"},
{"InvoiceNo": "536796", "StockCode": "22902", "Description": "TOTE BAG I LOVE LONDON", "Quantity": "1", "InvoiceDate": "02-12-2010 15:46", "UnitPrice": "2.1", "CustomerID": "15574", "Country": "United Kingdom"},
{"InvoiceNo": "536796", "StockCode": "22906", "Description": "12 MESSAGE CARDS WITH ENVELOPES", "Quantity": "1", "InvoiceDate": "02-12-2010 15:46", "UnitPrice": "1.65", "CustomerID": "15574", "Country": "United Kingdom"},
{"InvoiceNo": "536796", "StockCode": "22906", "Description": "12 MESSAGE CARDS WITH ENVELOPES", "Quantity": "1", "InvoiceDate": "02-12-2010 15:46", "UnitPrice": "1.65", "CustomerID": "15574", "Country": "United Kingdom"},
{"InvoiceNo": "536796", "StockCode": "22909", "Description": "SET OF 20 VINTAGE CHRISTMAS NAPKINS", "Quantity": "2", "InvoiceDate": "02-12-2010 15:46", "UnitPrice": "0.85", "CustomerID": "15574", "Country": "United Kingdom"},
{"InvoiceNo": "536796", "StockCode": "22909", "Description": "SET OF 20 VINTAGE CHRISTMAS NAPKINS", "Quantity": "1", "InvoiceDate": "02-12-2010 15:46", "UnitPrice": "0.85", "CustomerID": "15574", "Country": "United Kingdom"},
{"InvoiceNo": "536796", "StockCode": "22952", "Description": "60 CAKE CASES VINTAGE CHRISTMAS", "Quantity": "1", "InvoiceDate": "02-12-2010 15:46", "UnitPrice": "0.55", "CustomerID": "15574", "Country": "United Kingdom"},
{"InvoiceNo": "536796", "StockCode": "22952", "Description": "60 CAKE CASES VINTAGE CHRISTMAS", "Quantity": "1", "InvoiceDate": "02-12-2010 15:46", "UnitPrice": "0.55", "CustomerID": "15574", "Country": "United Kingdom"},
{"InvoiceNo": "536796", "StockCode": "22972", "Description": "CHILDREN'S SPACEBOY MUG", "Quantity": "1", "InvoiceDate": "02-12-2010 15:46", "UnitPrice": "1.65", "CustomerID": "15574", "Country": "United Kingdom"},
{"InvoiceNo": "536796", "StockCode": "22973", "Description": "CHILDREN'S CIRCUS PARADE MUG", "Quantity": "1", "InvoiceDate": "02-12-2010 15:46", "UnitPrice": "1.65", "CustomerID": "15574", "Country": "United Kingdom"},
{"InvoiceNo": "536796", "StockCode": "22974", "Description": "CHILDRENS DOLLY GIRL MUG", "Quantity": "1", "InvoiceDate": "02-12-2010 15:46", "UnitPrice": "1.65", "CustomerID": "15574", "Country": "United Kingdom"},
{"InvoiceNo": "536796", "StockCode": "22976", "Description": "CIRCUS PARADE CHILDRENS EGG CUP ", "Quantity": "1", "InvoiceDate": "02-12-2010 15:46", "UnitPrice": "1.25", "CustomerID": "15574", "Country": "United Kingdom"},
{"InvoiceNo": "536796", "StockCode": "22977", "Description": "DOLLY GIRL CHILDRENS EGG CUP", "Quantity": "1", "InvoiceDate": "02-12-2010 15:46", "UnitPrice": "1.25", "CustomerID": "15574", "Country": "United Kingdom"},
{"InvoiceNo": "536796", "StockCode": "22988", "Description": "SOLDIERS EGG CUP ", "Quantity": "1", "InvoiceDate": "02-12-2010 15:46", "UnitPrice": "1.25", "CustomerID": "15574", "Country": "United Kingdom"},
{"InvoiceNo": "536796", "StockCode": "72598", "Description": "SET/12 TAPER CANDLES", "Quantity": "1", "InvoiceDate": "02-12-2010 15:46", "UnitPrice": "0.85", "CustomerID": "15574", "Country": "United Kingdom"},
{"InvoiceNo": "536796", "StockCode": "84347", "Description": "ROTATING SILVER ANGELS T-LIGHT HLDR", "Quantity": "1", "InvoiceDate": "02-12-2010 15:46", "UnitPrice": "2.55", "CustomerID": "15574", "Country": "United Kingdom"},
{"InvoiceNo": "536796", "StockCode": "84832", "Description": "ZINC WILLIE WINKIE  CANDLE STICK", "Quantity": "2", "InvoiceDate": "02-12-2010 15:46", "UnitPrice": "0.85", "CustomerID": "15574", "Country": "United Kingdom"},
{"InvoiceNo": "536796", "StockCode": "84879", "Description": "ASSORTED COLOUR BIRD ORNAMENT", "Quantity": "1", "InvoiceDate": "02-12-2010 15:46", "UnitPrice": "1.69", "CustomerID": "15574", "Country": "United Kingdom"},
{"InvoiceNo": "536796", "StockCode": "84879", "Description": "ASSORTED COLOUR BIRD ORNAMENT", "Quantity": "5", "InvoiceDate": "02-12-2010 15:46", "UnitPrice": "1.69", "CustomerID": "15574", "Country": "United Kingdom"},
{"InvoiceNo": "536796", "StockCode": "85144", "Description": "JARDIN ETCHED GLASS BUTTER DISH", "Quantity": "1", "InvoiceDate": "02-12-2010 15:46", "UnitPrice": "7.25", "CustomerID": "15574", "Country": "United Kingdom"},
{"InvoiceNo": "536796", "StockCode": "16258A", "Description": "SWIRLY CIRCULAR RUBBERS IN BAG", "Quantity": "1", "InvoiceDate": "02-12-2010 15:46", "UnitPrice": "0.42", "CustomerID": "15574", "Country": "United Kingdom"},
{"InvoiceNo": "536796", "StockCode": "84952B", "Description": "BLACK LOVE BIRD T-LIGHT HOLDER", "Quantity": "1", "InvoiceDate": "02-12-2010 15:46", "UnitPrice": "3.75", "CustomerID": "15574", "Country": "United Kingdom"},
{"InvoiceNo": "536796", "StockCode": "84952C", "Description": "MIRROR LOVE BIRD T-LIGHT HOLDER", "Quantity": "1", "InvoiceDate": "02-12-2010 15:46", "UnitPrice": "3.75", "CustomerID": "15574", "Country": "United Kingdom"},
{"InvoiceNo": "536796", "StockCode": "84985A", "Description": "SET OF 72 GREEN PAPER DOILIES", "Quantity": "1", "InvoiceDate": "02-12-2010 15:46", "UnitPrice": "1.45", "CustomerID": "15574", "Country": "United Kingdom"},
{"InvoiceNo": "536806", "StockCode": "21803", "Description": "CHRISTMAS TREE STAR DECORATION", "Quantity": "36", "InvoiceDate": "02-12-2010 16:42", "UnitPrice": "0.42", "CustomerID": "12971", "Country": "United Kingdom"},
{"InvoiceNo": "536806", "StockCode": "22579", "Description": "WOODEN TREE CHRISTMAS SCANDINAVIAN", "Quantity": "12", "InvoiceDate": "02-12-2010 16:42", "UnitPrice": "0.85", "CustomerID": "12971", "Country": "United Kingdom"},
{"InvoiceNo": "536806", "StockCode": "82578", "Description": "KITCHEN METAL SIGN", "Quantity": "12", "InvoiceDate": "02-12-2010 16:42", "UnitPrice": "0.55", "CustomerID": "12971", "Country": "United Kingdom"},
{"InvoiceNo": "536806", "StockCode": "82580", "Description": "BATHROOM METAL SIGN", "Quantity": "12", "InvoiceDate": "02-12-2010 16:42", "UnitPrice": "0.55", "CustomerID": "12971", "Country": "United Kingdom"},
{"InvoiceNo": "536806", "StockCode": "82581", "Description": "TOILET METAL SIGN", "Quantity": "12", "InvoiceDate": "02-12-2010 16:42", "UnitPrice": "0.55", "CustomerID": "12971", "Country": "United Kingdom"},
{"InvoiceNo": "C536816", "StockCode": "21129", "Description": "SILVER FISHING GNOME ", "Quantity": "-2", "InvoiceDate": "02-12-2010 17:06", "UnitPrice": "6.95", "CustomerID": "14443", "Country": "United Kingdom"},
{"InvoiceNo": "C536826", "StockCode": "35004B", "Description": "SET OF 3 BLACK FLYING DUCKS", "Quantity": "-2", "InvoiceDate": "02-12-2010 17:30", "UnitPrice": "4.65", "CustomerID": "17924", "Country": "United Kingdom"},
{"InvoiceNo": "C536826", "StockCode": "35004B", "Description": "SET OF 3 BLACK FLYING DUCKS", "Quantity": "-3", "InvoiceDate": "02-12-2010 17:30", "UnitPrice": "4.65", "CustomerID": "17924", "Country": "United Kingdom"},
{"InvoiceNo": "536836", "StockCode": "21035", "Description": "SET/2 RED RETROSPOT TEA TOWELS ", "Quantity": "1", "InvoiceDate": "02-12-2010 18:08", "UnitPrice": "2.95", "CustomerID": "18168", "Country": "United Kingdom"},
{"InvoiceNo": "536836", "StockCode": "21039", "Description": "RED RETROSPOT SHOPPING BAG", "Quantity": "1", "InvoiceDate": "02-12-2010 18:08", "UnitPrice": "2.55", "CustomerID": "18168", "Country": "United Kingdom"},
{"InvoiceNo": "536836", "StockCode": "21041", "Description": "RED RETROSPOT OVEN GLOVE DOUBLE", "Quantity": "1", "InvoiceDate": "02-12-2010 18:08", "UnitPrice": "2.95", "CustomerID": "18168", "Country": "United Kingdom"},
{"InvoiceNo": "536836", "StockCode": "21154", "Description": "RED RETROSPOT OVEN GLOVE ", "Quantity": "1", "InvoiceDate": "02-12-2010 18:08", "UnitPrice": "1.25", "CustomerID": "18168", "Country": "United Kingdom"},
{"InvoiceNo": "536836", "StockCode": "21154", "Description": "RED RETROSPOT OVEN GLOVE ", "Quantity": "2", "InvoiceDate": "02-12-2010 18:08", "UnitPrice": "1.25", "CustomerID": "18168", "Country": "United Kingdom"},
{"InvoiceNo": "536836", "StockCode": "21155", "Description": "RED RETROSPOT PEG BAG", "Quantity": "1", "InvoiceDate": "02-12-2010 18:08", "UnitPrice": "2.1", "CustomerID": "18168", "Country": "United Kingdom"},
{"InvoiceNo": "536836", "StockCode": "21157", "Description": "RED RETROSPOT WASHBAG", "Quantity": "1", "InvoiceDate": "02-12-2010 18:08", "UnitPrice": "2.1", "CustomerID": "18168", "Country": "United Kingdom"},
{"InvoiceNo": "536836", "StockCode": "21218", "Description": "RED SPOTTY BISCUIT TIN", "Quantity": "2", "InvoiceDate": "02-12-2010 18:08", "UnitPrice": "3.75", "CustomerID": "18168", "Country": "United Kingdom"},
{"InvoiceNo": "536836", "StockCode": "21231", "Description": "SWEETHEART CERAMIC TRINKET BOX", "Quantity": "20", "InvoiceDate": "02-12-2010 18:08", "UnitPrice": "1.25", "CustomerID": "18168", "Country": "United Kingdom"},
{"InvoiceNo": "536836", "StockCode": "21232", "Description": "STRAWBERRY CERAMIC TRINKET BOX", "Quantity": "20", "InvoiceDate": "02-12-2010 18:08", "UnitPrice": "1.25", "CustomerID": "18168", "Country": "United Kingdom"},
{"InvoiceNo": "536836", "StockCode": "21531", "Description": "RED RETROSPOT SUGAR JAM BOWL", "Quantity": "2", "InvoiceDate": "02-12-2010 18:08", "UnitPrice": "2.55", "CustomerID": "18168", "Country": "United Kingdom"},
{"InvoiceNo": "536836", "StockCode": "21539", "Description": "RED RETROSPOT BUTTER DISH", "Quantity": "3", "InvoiceDate": "02-12-2010 18:08", "UnitPrice": "4.95", "CustomerID": "18168", "Country": "United Kingdom"},
{"InvoiceNo": "536836", "StockCode": "21843", "Description": "RED RETROSPOT CAKE STAND", "Quantity": "2", "InvoiceDate": "02-12-2010 18:08", "UnitPrice": "10.95", "CustomerID": "18168", "Country": "United Kingdom"},
{"InvoiceNo": "536836", "StockCode": "22060", "Description": "LARGE CAKE STAND HANGING HEARTS", "Quantity": "2", "InvoiceDate": "02-12-2010 18:08", "UnitPrice": "9.95", "CustomerID": "18168", "Country": "United Kingdom"},
{"InvoiceNo": "536836", "StockCode": "22061", "Description": "LARGE CAKE STAND  HANGING STRAWBERY", "Quantity": "2", "InvoiceDate": "02-12-2010 18:08", "UnitPrice": "9.95", "CustomerID": "18168", "Country": "United Kingdom"},
{"InvoiceNo": "536836", "StockCode": "22180", "Description": "RETROSPOT LAMP", "Quantity": "1", "InvoiceDate": "02-12-2010 18:08", "UnitPrice": "9.95", "CustomerID": "18168", "Country": "United Kingdom"},
{"InvoiceNo": "536836", "StockCode": "22193", "Description": "RED DINER WALL CLOCK", "Quantity": "1", "InvoiceDate": "02-12-2010 18:08", "UnitPrice": "8.5", "CustomerID": "18168", "Country": "United Kingdom"},
{"InvoiceNo": "536836", "StockCode": "22197", "Description": "SMALL POPCORN HOLDER", "Quantity": "2", "InvoiceDate": "02-12-2010 18:08", "UnitPrice": "0.85", "CustomerID": "18168", "Country": "United Kingdom"},
{"InvoiceNo": "536836", "StockCode": "22198", "Description": "LARGE POPCORN HOLDER ", "Quantity": "2", "InvoiceDate": "02-12-2010 18:08", "UnitPrice": "1.65", "CustomerID": "18168", "Country": "United Kingdom"},
{"InvoiceNo": "536836", "StockCode": "22633", "Description": "HAND WARMER UNION JACK", "Quantity": "4", "InvoiceDate": "02-12-2010 18:08", "UnitPrice": "2.1", "CustomerID": "18168", "Country": "United Kingdom"},
{"InvoiceNo": "536836", "StockCode": "22649", "Description": "STRAWBERRY FAIRY CAKE TEAPOT", "Quantity": "1", "InvoiceDate": "02-12-2010 18:08", "UnitPrice": "4.95", "CustomerID": "18168", "Country": "United Kingdom"},
{"InvoiceNo": "536836", "StockCode": "37449", "Description": "CERAMIC CAKE STAND + HANGING CAKES", "Quantity": "2", "InvoiceDate": "02-12-2010 18:08", "UnitPrice": "9.95", "CustomerID": "18168", "Country": "United Kingdom"},
{"InvoiceNo": "536836", "StockCode": "16156S", "Description": "WRAP PINK FAIRY CAKES ", "Quantity": "25", "InvoiceDate": "02-12-2010 18:08", "UnitPrice": "0.42", "CustomerID": "18168", "Country": "United Kingdom"},
{"InvoiceNo": "536836", "StockCode": "16161P", "Description": "WRAP ENGLISH ROSE ", "Quantity": "25", "InvoiceDate": "02-12-2010 18:08", "UnitPrice": "0.42", "CustomerID": "18168", "Country": "United Kingdom"},
{"InvoiceNo": "536836", "StockCode": "47559B", "Description": "TEA TIME OVEN GLOVE", "Quantity": "6", "InvoiceDate": "02-12-2010 18:08", "UnitPrice": "1.25", "CustomerID": "18168", "Country": "United Kingdom"},
{"InvoiceNo": "536836", "StockCode": "47567B", "Description": "TEA TIME KITCHEN APRON", "Quantity": "2", "InvoiceDate": "02-12-2010 18:08", "UnitPrice": "5.95", "CustomerID": "18168", "Country": "United Kingdom"},
{"InvoiceNo": "536836", "StockCode": "47570B", "Description": "TEA TIME TABLE CLOTH", "Quantity": "1", "InvoiceDate": "02-12-2010 18:08", "UnitPrice": "10.65", "CustomerID": "18168", "Country": "United Kingdom"},
{"InvoiceNo": "536846", "StockCode": "20681", "Description": "PINK POLKADOT CHILDRENS UMBRELLA", "Quantity": "2", "InvoiceDate": "02-12-2010 19:59", "UnitPrice": "3.25", "CustomerID": "14573", "Country": "United Kingdom"},
{"InvoiceNo": "536846", "StockCode": "20728", "Description": "LUNCH BAG CARS BLUE", "Quantity": "2", "InvoiceDate": "02-12-2010 19:59", "UnitPrice": "1.65", "CustomerID": "14573", "Country": "United Kingdom"},
{"InvoiceNo": "536846", "StockCode": "20914", "Description": "SET/5 RED RETROSPOT LID GLASS BOWLS", "Quantity": "3", "InvoiceDate": "02-12-2010 19:59", "UnitPrice": "2.95", "CustomerID": "14573", "Country": "United Kingdom"},
{"InvoiceNo": "536846", "StockCode": "20971", "Description": "PINK BLUE FELT CRAFT TRINKET BOX", "Quantity": "1", "InvoiceDate": "02-12-2010 19:59", "UnitPrice": "1.25", "CustomerID": "14573", "Country": "United Kingdom"},
{"InvoiceNo": "536846", "StockCode": "20972", "Description": "PINK CREAM FELT CRAFT TRINKET BOX ", "Quantity": "1", "InvoiceDate": "02-12-2010 19:59", "UnitPrice": "1.25", "CustomerID": "14573", "Country": "United Kingdom"},
{"InvoiceNo": "536846", "StockCode": "20974", "Description": "12 PENCILS SMALL TUBE SKULL", "Quantity": "1", "InvoiceDate": "02-12-2010 19:59", "UnitPrice": "0.65", "CustomerID": "14573", "Country": "United Kingdom"},
{"InvoiceNo": "536846", "StockCode": "20974", "Description": "12 PENCILS SMALL TUBE SKULL", "Quantity": "1", "InvoiceDate": "02-12-2010 19:59", "UnitPrice": "0.65", "CustomerID": "14573", "Country": "United Kingdom"},
{"InvoiceNo": "536846", "StockCode": "20975", "Description": "12 PENCILS SMALL TUBE RED RETROSPOT", "Quantity": "6", "InvoiceDate": "02-12-2010 19:59", "UnitPrice": "0.65", "CustomerID": "14573", "Country": "United Kingdom"},
{"InvoiceNo": "536846", "StockCode": "20982", "Description": "12 PENCILS TALL TUBE SKULLS", "Quantity": "1", "InvoiceDate": "02-12-2010 19:59", "UnitPrice": "0.85", "CustomerID": "14573", "Country": "United Kingdom"},
{"InvoiceNo": "536846", "StockCode": "20982", "Description": "12 PENCILS TALL TUBE SKULLS", "Quantity": "1", "InvoiceDate": "02-12-2010 19:59", "UnitPrice": "0.85", "CustomerID": "14573", "Country": "United Kingdom"},
{"InvoiceNo": "536846", "StockCode": "20983", "Description": "12 PENCILS TALL TUBE RED RETROSPOT", "Quantity": "1", "InvoiceDate": "02-12-2010 19:59", "UnitPrice": "0.85", "CustomerID": "14573", "Country": "United Kingdom"},
{"InvoiceNo": "536846", "StockCode": "20983", "Description": "12 PENCILS TALL TUBE RED RETROSPOT", "Quantity": "1", "InvoiceDate": "02-12-2010 19:59", "UnitPrice": "0.85", "CustomerID": "14573", "Country": "United Kingdom"},
{"InvoiceNo": "536846", "StockCode": "20983", "Description": "12 PENCILS TALL TUBE RED RETROSPOT", "Quantity": "4", "InvoiceDate": "02-12-2010 19:59", "UnitPrice": "0.85", "CustomerID": "14573", "Country": "United Kingdom"},
{"InvoiceNo": "536846", "StockCode": "21034", "Description": "REX CASH+CARRY JUMBO SHOPPER", "Quantity": "2", "InvoiceDate": "02-12-2010 19:59", "UnitPrice": "0.95", "CustomerID": "14573", "Country": "United Kingdom"},
{"InvoiceNo": "536846", "StockCode": "21034", "Description": "REX CASH+CARRY JUMBO SHOPPER", "Quantity": "1", "InvoiceDate": "02-12-2010 19:59", "UnitPrice": "0.95", "CustomerID": "14573", "Country": "United Kingdom"},
{"InvoiceNo": "536846", "StockCode": "21156", "Description": "RETROSPOT CHILDRENS APRON", "Quantity": "2", "InvoiceDate": "02-12-2010 19:59", "UnitPrice": "1.95", "CustomerID": "14573", "Country": "United Kingdom"},
{"InvoiceNo": "536846", "StockCode": "21668", "Description": "RED STRIPE CERAMIC DRAWER KNOB", "Quantity": "2", "InvoiceDate": "02-12-2010 19:59", "UnitPrice": "1.25", "CustomerID": "14573", "Country": "United Kingdom"},
{"InvoiceNo": "536846", "StockCode": "21668", "Description": "RED STRIPE CERAMIC DRAWER KNOB", "Quantity": "2", "InvoiceDate": "02-12-2010 19:59", "UnitPrice": "1.25", "CustomerID": "14573", "Country": "United Kingdom"},
{"InvoiceNo": "536846", "StockCode": "21669", "Description": "BLUE STRIPE CERAMIC DRAWER KNOB", "Quantity": "4", "InvoiceDate": "02-12-2010 19:59", "UnitPrice": "1.25", "CustomerID": "14573", "Country": "United Kingdom"},
{"InvoiceNo": "536846", "StockCode": "21670", "Description": "BLUE SPOT CERAMIC DRAWER KNOB", "Quantity": "4", "InvoiceDate": "02-12-2010 19:59", "UnitPrice": "1.25", "CustomerID": "14573", "Country": "United Kingdom"},
{"InvoiceNo": "536846", "StockCode": "21671", "Description": "RED SPOT CERAMIC DRAWER KNOB", "Quantity": "4", "InvoiceDate": "02-12-2010 19:59", "UnitPrice": "1.25", "CustomerID": "14573", "Country": "United Kingdom"},
{"InvoiceNo": "536846", "StockCode": "21673", "Description": "WHITE SPOT BLUE CERAMIC DRAWER KNOB", "Quantity": "2", "InvoiceDate": "02-12-2010 19:59", "UnitPrice": "1.25", "CustomerID": "14573", "Country": "United Kingdom"},
{"InvoiceNo": "536846", "StockCode": "21673", "Description": "WHITE SPOT BLUE CERAMIC DRAWER KNOB", "Quantity": "2", "InvoiceDate": "02-12-2010 19:59", "UnitPrice": "1.25", "CustomerID": "14573", "Country": "United Kingdom"},
{"InvoiceNo": "536846", "StockCode": "21754", "Description": "HOME BUILDING BLOCK WORD", "Quantity": "2", "InvoiceDate": "02-12-2010 19:59", "UnitPrice": "5.95", "CustomerID": "14573", "Country": "United Kingdom"},
{"InvoiceNo": "536846", "StockCode": "21891", "Description": "TRADITIONAL WOODEN SKIPPING ROPE", "Quantity": "2", "InvoiceDate": "02-12-2010 19:59", "UnitPrice": "1.25", "CustomerID": "14573", "Country": "United Kingdom"},
{"InvoiceNo": "536846", "StockCode": "21892", "Description": "TRADITIONAL WOODEN CATCH CUP GAME ", "Quantity": "3", "InvoiceDate": "02-12-2010 19:59", "UnitPrice": "1.25", "CustomerID": "14573", "Country": "United Kingdom"},
{"InvoiceNo": "536846", "StockCode": "21912", "Description": "VINTAGE SNAKES & LADDERS", "Quantity": "1", "InvoiceDate": "02-12-2010 19:59", "UnitPrice": "3.75", "CustomerID": "14573", "Country": "United Kingdom"},
{"InvoiceNo": "536846", "StockCode": "22113", "Description": "GREY HEART HOT WATER BOTTLE", "Quantity": "1", "InvoiceDate": "02-12-2010 19:59", "UnitPrice": "3.75", "CustomerID": "14573", "Country": "United Kingdom"},
{"InvoiceNo": "536846", "StockCode": "22113", "Description": "GREY HEART HOT WATER BOTTLE", "Quantity": "1", "InvoiceDate": "02-12-2010 19:59", "UnitPrice": "3.75", "CustomerID": "14573", "Country": "United Kingdom"},
{"InvoiceNo": "536846", "StockCode": "22141", "Description": "CHRISTMAS CRAFT TREE TOP ANGEL", "Quantity": "1", "InvoiceDate": "02-12-2010 19:59", "UnitPrice": "2.1", "CustomerID": "14573", "Country": "United Kingdom"},
{"InvoiceNo": "536846", "StockCode": "22142", "Description": "CHRISTMAS CRAFT WHITE FAIRY ", "Quantity": "1", "InvoiceDate": "02-12-2010 19:59", "UnitPrice": "1.45", "CustomerID": "14573", "Country": "United Kingdom"},
{"InvoiceNo": "536846", "StockCode": "22149", "Description": "FELTCRAFT 6 FLOWER FRIENDS", "Quantity": "1", "InvoiceDate": "02-12-2010 19:59", "UnitPrice": "2.1", "CustomerID": "14573", "Country": "United Kingdom"},
{"InvoiceNo": "536846", "StockCode": "22179", "Description": "SET 10 LIGHTS NIGHT OWL", "Quantity": "1", "InvoiceDate": "02-12-2010 19:59", "UnitPrice": "6.75", "CustomerID": "14573", "Country": "United Kingdom"},
{"InvoiceNo": "536846", "StockCode": "22180", "Description": "RETROSPOT LAMP", "Quantity": "1", "InvoiceDate": "02-12-2010 19:59", "UnitPrice": "9.95", "CustomerID": "14573", "Country": "United Kingdom"},
{"InvoiceNo": "536846", "StockCode": "22271", "Description": "FELTCRAFT DOLL ROSIE", "Quantity": "1", "InvoiceDate": "02-12-2010 19:59", "UnitPrice": "2.95", "CustomerID": "14573", "Country": "United Kingdom"},
{"InvoiceNo": "536846", "StockCode": "22272", "Description": "FELTCRAFT DOLL MARIA", "Quantity": "1", "InvoiceDate": "02-12-2010 19:59", "UnitPrice": "2.95", "CustomerID": "14573", "Country": "United Kingdom"},
{"InvoiceNo": "536846", "StockCode": "22274", "Description": "FELTCRAFT DOLL EMILY", "Quantity": "1", "InvoiceDate": "02-12-2010 19:59", "UnitPrice": "2.95", "CustomerID": "14573", "Country": "United Kingdom"},
{"InvoiceNo": "536846", "StockCode": "22367", "Description": "CHILDRENS APRON SPACEBOY DESIGN", "Quantity": "2", "InvoiceDate": "02-12-2010 19:59", "UnitPrice": "1.95", "CustomerID": "14573", "Country": "United Kingdom"},
{"InvoiceNo": "536846", "StockCode": "22382", "Description": "LUNCH BAG SPACEBOY DESIGN ", "Quantity": "2", "InvoiceDate": "02-12-2010 19:59", "UnitPrice": "1.65", "CustomerID": "14573", "Country": "United Kingdom"},
{"InvoiceNo": "536846", "StockCode": "22418", "Description": "10 COLOUR SPACEBOY PEN", "Quantity": "12", "InvoiceDate": "02-12-2010 19:59", "UnitPrice": "0.85", "CustomerID": "14573", "Country": "United Kingdom"},
{"InvoiceNo": "536846", "StockCode": "22423", "Description": "REGENCY CAKESTAND 3 TIER", "Quantity": "1", "InvoiceDate": "02-12-2010 19:59", "UnitPrice": "12.75", "CustomerID": "14573", "Country": "United Kingdom"},
{"InvoiceNo": "536846", "StockCode": "22424", "Description": "ENAMEL BREAD BIN CREAM", "Quantity": "1", "InvoiceDate": "02-12-2010 19:59", "UnitPrice": "12.75", "CustomerID": "14573", "Country": "United Kingdom"},
{"InvoiceNo": "536846", "StockCode": "22426", "Description": "ENAMEL WASH BOWL CREAM", "Quantity": "1", "InvoiceDate": "02-12-2010 19:59", "UnitPrice": "3.75", "CustomerID": "14573", "Country": "United Kingdom"},
{"InvoiceNo": "536846", "StockCode": "22427", "Description": "ENAMEL FLOWER JUG CREAM", "Quantity": "1", "InvoiceDate": "02-12-2010 19:59", "UnitPrice": "5.95", "CustomerID": "14573", "Country": "United Kingdom"},
{"InvoiceNo": "536846", "StockCode": "22442", "Description": "GROW YOUR OWN FLOWERS SET OF 3", "Quantity": "1", "InvoiceDate": "02-12-2010 19:59", "UnitPrice": "7.95", "CustomerID": "14573", "Country": "United Kingdom"},
{"InvoiceNo": "536846", "StockCode": "22443", "Description": "GROW YOUR OWN HERBS SET OF 3", "Quantity": "1", "InvoiceDate": "02-12-2010 19:59", "UnitPrice": "7.95", "CustomerID": "14573", "Country": "United Kingdom"},
{"InvoiceNo": "536846", "StockCode": "22468", "Description": "BABUSHKA LIGHTS STRING OF 10", "Quantity": "1", "InvoiceDate": "02-12-2010 19:59", "UnitPrice": "6.75", "CustomerID": "14573", "Country": "United Kingdom"},
{"InvoiceNo": "536846", "StockCode": "22469", "Description": "HEART OF WICKER SMALL", "Quantity": "2", "InvoiceDate": "02-12-2010 19:59", "UnitPrice": "1.65", "CustomerID": "14573", "Country": "United Kingdom"},
{"InvoiceNo": "536846", "StockCode": "22470", "Description": "HEART OF WICKER LARGE", "Quantity": "1", "InvoiceDate": "02-12-2010 19:59", "UnitPrice": "2.95", "CustomerID": "14573", "Country": "United Kingdom"},
{"InvoiceNo": "536846", "StockCode": "22501", "Description": "PICNIC BASKET WICKER LARGE", "Quantity": "1", "InvoiceDate": "02-12-2010 19:59", "UnitPrice": "9.95", "CustomerID": "14573", "Country": "United Kingdom"},
{"InvoiceNo": "536846", "StockCode": "22502", "Description": "PICNIC BASKET WICKER SMALL", "Quantity": "1", "InvoiceDate": "02-12-2010 19:59", "UnitPrice": "5.95", "CustomerID": "14573", "Country": "United Kingdom"},
{"InvoiceNo": "536846", "StockCode": "22505", "Description": "MEMO BOARD COTTAGE DESIGN", "Quantity": "1", "InvoiceDate": "02-12-2010 19:59", "UnitPrice": "4.95", "CustomerID": "14573", "Country": "United Kingdom"},
{"InvoiceNo": "536846", "StockCode": "22605", "Description": "WOODEN CROQUET GARDEN SET", "Quantity": "1", "InvoiceDate": "02-12-2010 19:59", "UnitPrice": "14.95", "CustomerID": "14573", "Country": "United Kingdom"},
{"InvoiceNo": "536846", "StockCode": "22607", "Description": "WOODEN ROUNDERS GARDEN SET ", "Quantity": "1", "InvoiceDate": "02-12-2010 19:59", "UnitPrice": "9.95", "CustomerID": "14573", "Country": "United Kingdom"},
{"InvoiceNo": "536846", "StockCode": "22617", "Description": "BAKING SET SPACEBOY DESIGN", "Quantity": "2", "InvoiceDate": "02-12-2010 19:59", "UnitPrice": "4.95", "CustomerID": "14573", "Country": "United Kingdom"},
{"InvoiceNo": "536846", "StockCode": "22624", "Description": "IVORY KITCHEN SCALES", "Quantity": "1", "InvoiceDate": "02-12-2010 19:59", "UnitPrice": "8.5", "CustomerID": "14573", "Country": "United Kingdom"},
{"InvoiceNo": "536846", "StockCode": "22625", "Description": "RED KITCHEN SCALES", "Quantity": "1", "InvoiceDate": "02-12-2010 19:59", "UnitPrice": "8.5", "CustomerID": "14573", "Country": "United Kingdom"},
{"InvoiceNo": "536846", "StockCode": "22646", "Description": "CERAMIC STRAWBERRY CAKE MONEY BANK", "Quantity": "1", "InvoiceDate": "02-12-2010 19:59", "UnitPrice": "1.45", "CustomerID": "14573", "Country": "United Kingdom"},
{"InvoiceNo": "536846", "StockCode": "22665", "Description": "RECIPE BOX BLUE SKETCHBOOK DESIGN", "Quantity": "1", "InvoiceDate": "02-12-2010 19:59", "UnitPrice": "2.95", "CustomerID": "14573", "Country": "United Kingdom"},
{"InvoiceNo": "536846", "StockCode": "22666", "Description": "RECIPE BOX PANTRY YELLOW DESIGN", "Quantity": "1", "InvoiceDate": "02-12-2010 19:59", "UnitPrice": "2.95", "CustomerID": "14573", "Country": "United Kingdom"},
{"InvoiceNo": "536846", "StockCode": "22667", "Description": "RECIPE BOX RETROSPOT ", "Quantity": "1", "InvoiceDate": "02-12-2010 19:59", "UnitPrice": "2.95", "CustomerID": "14573", "Country": "United Kingdom"},
{"InvoiceNo": "536846", "StockCode": "22749", "Description": "FELTCRAFT PRINCESS CHARLOTTE DOLL", "Quantity": "1", "InvoiceDate": "02-12-2010 19:59", "UnitPrice": "3.75", "CustomerID": "14573", "Country": "United Kingdom"},
{"InvoiceNo": "536846", "StockCode": "22750", "Description": "FELTCRAFT PRINCESS LOLA DOLL", "Quantity": "1", "InvoiceDate": "02-12-2010 19:59", "UnitPrice": "3.75", "CustomerID": "14573", "Country": "United Kingdom"},
{"InvoiceNo": "536846", "StockCode": "22751", "Description": "FELTCRAFT PRINCESS OLIVIA DOLL", "Quantity": "1", "InvoiceDate": "02-12-2010 19:59", "UnitPrice": "3.75", "CustomerID": "14573", "Country": "United Kingdom"},
{"InvoiceNo": "536846", "StockCode": "22752", "Description": "SET 7 BABUSHKA NESTING BOXES", "Quantity": "2", "InvoiceDate": "02-12-2010 19:59", "UnitPrice": "8.5", "CustomerID": "14573", "Country": "United Kingdom"},
{"InvoiceNo": "536846", "StockCode": "22766", "Description": "PHOTO FRAME CORNICE", "Quantity": "2", "InvoiceDate": "02-12-2010 19:59", "UnitPrice": "2.95", "CustomerID": "14573", "Country": "United Kingdom"},
{"InvoiceNo": "536846", "StockCode": "22776", "Description": "SWEETHEART CAKESTAND 3 TIER", "Quantity": "1", "InvoiceDate": "02-12-2010 19:59", "UnitPrice": "9.95", "CustomerID": "14573", "Country": "United Kingdom"},
{"InvoiceNo": "536846", "StockCode": "22794", "Description": "SWEETHEART WIRE MAGAZINE RACK", "Quantity": "2", "InvoiceDate": "02-12-2010 19:59", "UnitPrice": "7.95", "CustomerID": "14573", "Country": "United Kingdom"},
{"InvoiceNo": "536846", "StockCode": "22797", "Description": "CHEST OF DRAWERS GINGHAM HEART ", "Quantity": "1", "InvoiceDate": "02-12-2010 19:59", "UnitPrice": "16.95", "CustomerID": "14573", "Country": "United Kingdom"},
{"InvoiceNo": "536846", "StockCode": "22834", "Description": "HAND WARMER BABUSHKA DESIGN", "Quantity": "6", "InvoiceDate": "02-12-2010 19:59", "UnitPrice": "2.1", "CustomerID": "14573", "Country": "United Kingdom"},
{"InvoiceNo": "536846", "StockCode": "22837", "Description": "HOT WATER BOTTLE BABUSHKA ", "Quantity": "3", "InvoiceDate": "02-12-2010 19:59", "UnitPrice": "4.65", "CustomerID": "14573", "Country": "United Kingdom"},
{"InvoiceNo": "536846", "StockCode": "22940", "Description": "FELTCRAFT CHRISTMAS FAIRY", "Quantity": "1", "InvoiceDate": "02-12-2010 19:59", "UnitPrice": "4.25", "CustomerID": "14573", "Country": "United Kingdom"},
{"InvoiceNo": "536846", "StockCode": "71477", "Description": "COLOUR GLASS. STAR T-LIGHT HOLDER", "Quantity": "1", "InvoiceDate": "02-12-2010 19:59", "UnitPrice": "3.25", "CustomerID": "14573", "Country": "United Kingdom"},
{"InvoiceNo": "536846", "StockCode": "15060B", "Description": "FAIRY CAKE DESIGN UMBRELLA", "Quantity": "1", "InvoiceDate": "02-12-2010 19:59", "UnitPrice": "3.75", "CustomerID": "14573", "Country": "United Kingdom"},
{"InvoiceNo": "536846", "StockCode": "47021G", "Description": "SET/6 BEAD COASTERS GAUZE BAG GOLD", "Quantity": "2", "InvoiceDate": "02-12-2010 19:59", "UnitPrice": "1.25", "CustomerID": "14573", "Country": "United Kingdom"},
{"InvoiceNo": "536846", "StockCode": "82494L", "Description": "WOODEN FRAME ANTIQUE WHITE ", "Quantity": "2", "InvoiceDate": "02-12-2010 19:59", "UnitPrice": "2.95", "CustomerID": "14573", "Country": "United Kingdom"}
]