[{"InvoiceNo": "536599", "StockCode": "20749", "Description": "ASSORTED COLOUR MINI CASES", "Quantity": "12", "InvoiceDate": "02-12-2010 7:49", "UnitPrice": "6.35", "CustomerID": "15694", "Country": "United Kingdom"},
{"InvoiceNo": "536599", "StockCode": "21056", "Description": "DOCTOR'S BAG SOFT TOY", "Quantity": "8", "InvoiceDate": "02-12-2010 7:49", "UnitPrice": "8.95", "CustomerID": "15694", "Country": "United Kingdom"},
{"InvoiceNo": "536599", "StockCode": "22726", "Description": "ALARM CLOCK BAKELIKE GREEN", "Quantity": "12", "InvoiceDate": "02-12-2010 7:49", "UnitPrice": "3.75", "CustomerID": "15694", "Country": "United Kingdom"},
{"InvoiceNo": "536599", "StockCode": "22727", "Description": "ALARM CLOCK BAKELIKE RED ", "Quantity": "4", "InvoiceDate": "02-12-2010 7:49", "UnitPrice": "3.75", "CustomerID": "15694", "Country": "United Kingdom"},
{"InvoiceNo": "536599", "StockCode": "22968", "Description": "ROSE COTTAGE KEEPSAKE BOX ", "Quantity": "8", "InvoiceDate": "02-12-2010 7:49", "UnitPrice": "8.5", "CustomerID": "15694", "Country": "United Kingdom"},
{"InvoiceNo": "536599", "StockCode": "84945", "Description": "MULTI COLOUR SILVER T-LIGHT HOLDER", "Quantity": "36", "InvoiceDate": "02-12-2010 7:49", "UnitPrice": "0.85", "CustomerID": "15694", "Country": "United Kingdom"},
{"InvoiceNo": "536609", "StockCode": "21068", "Description": "VINTAGE BILLBOARD LOVE/HATE MUG", "Quantity": "6", "InvoiceDate": "02-12-2010 9:41", "UnitPrice": "1.06", "CustomerID": "17850", "Country": "United Kingdom"},
{"InvoiceNo": "536609", "StockCode": "21071", "Description": "VINTAGE BILLBOARD DRINK ME MUG", "Quantity": "6", "InvoiceDate": "02-12-2010 9:41", "UnitPrice": "1.06", "CustomerID": "17850", "Country": "United Kingdom"},
{"InvoiceNo": "536609", "StockCode": "21730", "Description": "GLASS STAR FROSTED T-LIGHT HOLDER", "Quantity": "6", "InvoiceDate": "02-12-2010 9:41", "UnitPrice": "4.25", "CustomerID": "17850", "Country": "United Kingdom"},
{"InvoiceNo": "536609", "StockCode": "21871", "Description": "SAVE THE PLANET MUG", "Quantity": "6", "InvoiceDate": "02-12-2010 9:41", "UnitPrice": "1.06", "CustomerID": "17850", "Country": "United Kingdom"},
{"InvoiceNo": "536609", "StockCode": "22411", "Description": "JUMBO SHOPPER VINTAGE RED PAISLEY", "Quantity": "6", "InvoiceDate": "02-12-2010 9:41", "UnitPrice": "1.65", "CustomerID": "17850", "Country": "United Kingdom"},
{"InvoiceNo": "536609", "StockCode": "22752", "Description": "SET 7 BABUSHKA NESTING BOXES", "Quantity": "2", "InvoiceDate": "02-12-2010 9:41", "UnitPrice": "7.65", "CustomerID": "17850", "Country": "United Kingdom"},
{"InvoiceNo": "536609", "StockCode": "37370", "Description": "RETRO COFFEE MUGS ASSORTED", "Quantity": "6", "InvoiceDate": "02-12-2010 9:41", "UnitPrice": "1.06", "CustomerID": "17850", "Country": "United Kingdom"},
{"InvoiceNo": "536609", "StockCode": "71053", "Description": "WHITE METAL LANTERN", "Quantity": "6", "InvoiceDate": "02-12-2010 9:41", "UnitPrice": "3.39", "CustomerID": "17850", "Country": "United Kingdom"},
{"InvoiceNo": "536609", "StockCode": "82482", "Description": "WOODEN PICTURE FRAME WHITE FINISH", "Quantity": "6", "InvoiceDate": "02-12-2010 9:41", "UnitPrice": "2.1", "CustomerID": "17850", "Country": "United Kingdom"},
{"InvoiceNo": "536609", "StockCode": "82483", "Description": "WOOD 2 DRAWER CABINET WHITE FINISH", "Quantity": "4", "InvoiceDate": "02-12-2010 9:41", "UnitPrice": "4.95", "CustomerID": "17850", "Country": "United Kingdom"},
{"InvoiceNo": "536609", "StockCode": "82486", "Description": "WOOD S/3 CABINET ANT WHITE FINISH", "Quantity": "4", "InvoiceDate": "02-12-2010 9:41", "UnitPrice": "6.95", "CustomerID": "17850", "Country": "United Kingdom"},
{"InvoiceNo": "536609", "StockCode": "82494L", "Description": "WOODEN FRAME ANTIQUE WHITE ", "Quantity": "6", "InvoiceDate": "02-12-2010 9:41", "UnitPrice": "2.55", "CustomerID": "17850", "Country": "United Kingdom"},
{"InvoiceNo": "536609", "StockCode": "84029E", "Description": "RED WOOLLY HOTTIE WHITE HEART.", "Quantity": "6", "InvoiceDate": "02-12-2010 9:41", "UnitPrice": "3.39", "CustomerID": "17850", "Country": "United Kingdom"},
{"InvoiceNo": "536609", "StockCode": "84029G", "Description": "KNITTED UNION FLAG HOT WATER BOTTLE", "Quantity": "6", "InvoiceDate": "02-12-2010 9:41", "UnitPrice": "3.39", "CustomerID": "17850", "Country": "United Kingdom"},
{"InvoiceNo": "536609", "StockCode": "84406B", "Description": "CREAM CUPID HEARTS COAT HANGER", "Quantity": "6", "InvoiceDate": "02-12-2010 9:41", "UnitPrice": "2.75", "CustomerID": "17850", "Country": "United Kingdom"},
{"InvoiceNo": "536609", "StockCode": "85123A", "Description": "WHITE HANGING HEART T-LIGHT HOLDER", "Quantity": "6", "InvoiceDate": "02-12-2010 9:41", "UnitPrice": "2.55", "CustomerID": "17850", "Country": "United Kingdom"},
{"InvoiceNo": "536619", "StockCode": "22960", "Description": "JAM MAKING SET WITH JARS", "Quantity": "12", "InvoiceDate": "02-12-2010 10:18", "UnitPrice": "3.75", "CustomerID": "17017", "Country": "United Kingdom"},
{"InvoiceNo": "536619", "StockCode": "22961", "Description": "JAM MAKING SET PRINTED", "Quantity": "36", "InvoiceDate": "02-12-2010 10:18", "UnitPrice": "1.45", "CustomerID": "17017", "Country": "United Kingdom"},
{"InvoiceNo": "536629", "StockCode": "22632", "Description": "HAND WARMER RED POLKA DOT", "Quantity": "6", "InvoiceDate": "02-12-2010 10:55", "UnitPrice": "1.85", "CustomerID": "17850", "Country": "United Kingdom"},
{"InvoiceNo": "536629", "StockCode": "22633", "Description": "HAND WARMER UNION JACK", "Quantity": "6", "InvoiceDate": "02-12-2010 10:55", "UnitPrice": "1.85", "CustomerID": "17850", "Country": "United Kingdom"},
{"InvoiceNo": "536639", "StockCode": "21042", "Description": "RED RETROSPOT APRON ", "Quantity": "3", "InvoiceDate": "02-12-2010 11:45", "UnitPrice": "5.95", "CustomerID": "15111", "Country": "United Kingdom"},
{"InvoiceNo": "536639", "StockCode": "21872", "Description": "GLAMOROUS  MUG", "Quantity": "12", "InvoiceDate": "02-12-2010 11:45", "UnitPrice": "1.25", "CustomerID": "15111", "Country": "United Kingdom"},
{"InvoiceNo": "536639", "StockCode": "21888", "Description": "BINGO SET", "Quantity": "4", "InvoiceDate": "02-12-2010 11:45", "UnitPrice": "3.75", "CustomerID": "15111", "Country": "United Kingdom"},
{"InvoiceNo": "536639", "StockCode": "22090", "Description": "PAPER BUNTING RETROSPOT", "Quantity": "6", "InvoiceDate": "02-12-2010 11:45", "UnitPrice": "2.95", "CustomerID": "15111", "Country": "United Kingdom"},
{"InvoiceNo": "536639", "StockCode": "22112", "Description": "CHOCOLATE HOT WATER BOTTLE", "Quantity": "3", "InvoiceDate": "02-12-2010 11:45", "UnitPrice": "4.95", "CustomerID": "15111", "Country": "United Kingdom"},
{"InvoiceNo": "536639", "StockCode": "22365", "Description": "DOORMAT RESPECTABLE HOUSE", "Quantity": "2", "InvoiceDate": "02-12-2010 11:45", "UnitPrice": "7.95", "CustomerID": "15111", "Country": "United Kingdom"},
{"InvoiceNo": "536639", "StockCode": "22632", "Description": "HAND WARMER RED RETROSPOT", "Quantity": "12", "InvoiceDate": "02-12-2010 11:45", "UnitPrice": "2.1", "CustomerID": "15111", "Country": "United Kingdom"},
{"InvoiceNo": "536639", "StockCode": "22637", "Description": "PIGGY BANK RETROSPOT ", "Quantity": "6", "InvoiceDate": "02-12-2010 11:45", "UnitPrice": "2.55", "CustomerID": "15111", "Country": "United Kingdom"},
{"InvoiceNo": "536639", "StockCode": "22822", "Description": "CREAM WALL PLANTER HEART SHAPED", "Quantity": "2", "InvoiceDate": "02-12-2010 11:45", "UnitPrice": "5.95", "CustomerID": "15111", "Country": "United Kingdom"},
{"InvoiceNo": "536639", "StockCode": "22865", "Description": "HAND WARMER OWL DESIGN", "Quantity": "12", "InvoiceDate": "02-12-2010 11:45", "UnitPrice": "2.1", "CustomerID": "15111", "Country": "United Kingdom"},
{"InvoiceNo": "536639", "StockCode": "22866", "Description": "HAND WARMER SCOTTY DOG DESIGN", "Quantity": "12", "InvoiceDate": "02-12-2010 11:45", "UnitPrice": "2.1", "CustomerID": "15111", "Country": "United Kingdom"},
{"InvoiceNo": "536639", "StockCode": "22867", "Description": "HAND WARMER BIRD DESIGN", "Quantity": "12", "InvoiceDate": "02-12-2010 11:45", "UnitPrice": "2.1", "CustomerID": "15111", "Country": "United Kingdom"},
{"InvoiceNo": "536639", "StockCode": "22961", "Description": "JAM MAKING SET PRINTED", "Quantity": "12", "InvoiceDate": "02-12-2010 11:45", "UnitPrice": "1.45", "CustomerID": "15111", "Country": "United Kingdom"},
{"InvoiceNo": "536639", "StockCode": "48111", "Description": "DOORMAT 3 SMILEY CATS", "Quantity": "2", "InvoiceDate": "02-12-2010 11:45", "UnitPrice": "7.95", "CustomerID": "15111", "Country": "United Kingdom"},
{"InvoiceNo": "536639", "StockCode": "48138", "Description": "DOORMAT UNION FLAG", "Quantity": "2", "InvoiceDate": "02-12-2010 11:45", "UnitPrice": "7.95", "CustomerID": "15111", "Country": "United Kingdom"},
{"InvoiceNo": "536639", "StockCode": "84029G", "Description": "KNITTED UNION FLAG HOT WATER BOTTLE", "Quantity": "4", "InvoiceDate": "02-12-2010 11:45", "UnitPrice": "3.75", "CustomerID": "15111", "Country": "United Kingdom"},
{"InvoiceNo": "536739", "StockCode": "20750", "Description": "RED RETROSPOT MINI CASES", "Quantity": "2", "InvoiceDate": "02-12-2010 13:08", "UnitPrice": "7.95", "CustomerID": "14180", "Country": "United Kingdom"},
{"InvoiceNo": "536739", "StockCode": "21527", "Description": "RED RETROSPOT TRADITIONAL TEAPOT ", "Quantity": "2", "InvoiceDate": "02-12-2010 13:08", "UnitPrice": "7.95", "CustomerID": "14180", "Country": "United Kingdom"},
{"InvoiceNo": "536739", "StockCode": "21784", "Description": "SHOE SHINE BOX ", "Quantity": "2", "InvoiceDate": "02-12-2010 13:08", "UnitPrice": "9.95", "CustomerID": "14180", "Country": "United Kingdom"},
{"InvoiceNo": "536739", "StockCode": "21843", "Description": "RED RETROSPOT CAKE STAND", "Quantity": "1", "InvoiceDate": "02-12-2010 13:08", "UnitPrice": "10.95", "CustomerID": "14180", "Country": "United Kingdom"},
{"InvoiceNo": "536739", "StockCode": "21844", "Description": "RED RETROSPOT MUG", "Quantity": "6", "InvoiceDate": "02-12-2010 13:08", "UnitPrice": "2.95", "CustomerID": "14180", "Country": "United Kingdom"},
{"InvoiceNo": "536739", "StockCode": "22120", "Description": "WELCOME  WOODEN BLOCK LETTERS", "Quantity": "3", "InvoiceDate": "02-12-2010 13:08", "UnitPrice": "9.95", "CustomerID": "14180", "Country": "United Kingdom"},
{"InvoiceNo": "536739", "StockCode": "22666", "Description": "RECIPE BOX PANTRY YELLOW DESIGN", "Quantity": "6", "InvoiceDate": "02-12-2010 13:08", "UnitPrice": "2.95", "CustomerID": "14180", "Country": "United Kingdom"},
{"InvoiceNo": "536739", "StockCode": "22848", "Description": "BREAD BIN DINER STYLE PINK", "Quantity": "1", "InvoiceDate": "02-12-2010 13:08", "UnitPrice": "16.95", "CustomerID": "14180", "Country": "United Kingdom"},
{"InvoiceNo": "536739", "StockCode": "22849", "Description": "BREAD BIN DINER STYLE MINT", "Quantity": "1", "InvoiceDate": "02-12-2010 13:08", "UnitPrice": "16.95", "CustomerID": "14180", "Country": "United Kingdom"},
{"InvoiceNo": "536739", "StockCode": "85064", "Description": "CREAM SWEETHEART LETTER RACK", "Quantity": "2", "InvoiceDate": "02-12-2010 13:08", "UnitPrice": "5.45", "CustomerID": "14180", "Country": "United Kingdom"},
{"InvoiceNo": "536739", "StockCode": "35004C", "Description": "SET OF 3 COLOURED  FLYING DUCKS", "Quantity": "3", "InvoiceDate": "02-12-2010 13:08", "UnitPrice": "5.45", "CustomerID": "14180", "Country": "United Kingdom"},
{"InvoiceNo": "536739", "StockCode": "85159A", "Description": "BLACK TEA,COFFEE,SUGAR JARS", "Quantity": "2", "InvoiceDate": "02-12-2010 13:08", "UnitPrice": "6.35", "CustomerID": "14180", "Country": "United Kingdom"},
{"InvoiceNo": "536749", "StockCode": "20679", "Description": "EDWARDIAN PARASOL RED", "Quantity": "2", "InvoiceDate": "02-12-2010 13:49", "UnitPrice": "5.95", "CustomerID": "17976", "Country": "United Kingdom"},
{"InvoiceNo": "536749", "StockCode": "20894", "Description": "HANGING BAUBLE T-LIGHT HOLDER LARGE", "Quantity": "3", "InvoiceDate": "02-12-2010 13:49", "UnitPrice": "2.95", "CustomerID": "17976", "Country": "United Kingdom"},
{"InvoiceNo": "536749", "StockCode": "20914", "Description": "SET/5 RED RETROSPOT LID GLASS BOWLS", "Quantity": "1", "InvoiceDate": "02-12-2010 13:49", "UnitPrice": "2.95", "CustomerID": "17976", "Country": "United Kingdom"},
{"InvoiceNo": "536749", "StockCode": "20967", "Description": "GREY FLORAL FELTCRAFT SHOULDER BAG", "Quantity": "1", "InvoiceDate": "02-12-2010 13:49", "UnitPrice": "3.75", "CustomerID": "17976", "Country": "United Kingdom"},
{"InvoiceNo": "536749", "StockCode": "20969", "Description": "RED FLORAL FELTCRAFT SHOULDER BAG", "Quantity": "1", "InvoiceDate": "02-12-2010 13:49", "UnitPrice": "3.75", "CustomerID": "17976", "Country": "United Kingdom"},
{"InvoiceNo": "536749", "StockCode": "20975", "Description": "12 PENCILS SMALL TUBE RED RETROSPOT", "Quantity": "1", "InvoiceDate": "02-12-2010 13:49", "UnitPrice": "0.65", "CustomerID": "17976", "Country": "United Kingdom"},
{"InvoiceNo": "536749", "StockCode": "21034", "Description": "REX CASH+CARRY JUMBO SHOPPER", "Quantity": "3", "InvoiceDate": "02-12-2010 13:49", "UnitPrice": "0.95", "CustomerID": "17976", "Country": "United Kingdom"},
{"InvoiceNo": "536749", "StockCode": "21154", "Description": "RED RETROSPOT OVEN GLOVE ", "Quantity": "1", "InvoiceDate": "02-12-2010 13:49", "UnitPrice": "1.25", "CustomerID": "17976", "Country": "United Kingdom"},
{"InvoiceNo": "536749", "StockCode": "21212", "Description": "PACK OF 72 RETROSPOT CAKE CASES", "Quantity": "2", "InvoiceDate": "02-12-2010 13:49", "UnitPrice": "0.55", "CustomerID": "17976", "Country": "United Kingdom"},
{"InvoiceNo": "536749", "StockCode": "21415", "Description": "CLAM SHELL SMALL ", "Quantity": "2", "InvoiceDate": "02-12-2010 13:49", "UnitPrice": "2.1", "CustomerID": "17976", "Country": "United Kingdom"},
{"InvoiceNo": "536749", "StockCode": "21415", "Description": "CLAM SHELL SMALL ", "Quantity": "2", "InvoiceDate": "02-12-2010 13:49", "UnitPrice": "2.1", "CustomerID": "17976", "Country": "United Kingdom"},
{"InvoiceNo": "536749", "StockCode": "21415", "Description": "CLAM SHELL SMALL ", "Quantity": "2", "InvoiceDate": "02-12-2010 13:49", "UnitPrice": "2.1", "CustomerID": "17976", "Country": "United Kingdom"},
{"InvoiceNo": "536749", "StockCode": "21416", "Description": "CLAM SHELL LARGE", "Quantity": "1", "InvoiceDate": "02-12-2010 13:49", "UnitPrice": "3.75", "CustomerID": "17976", "Country": "United Kingdom"},
{"InvoiceNo": "536749", "StockCode": "21417", "Description": "COCKLE SHELL DISH", "Quantity": "1", "InvoiceDate": "02-12-2010 13:49", "UnitPrice": "2.1", "CustomerID": "17976", "Country": "United Kingdom"},
{"InvoiceNo": "536749", "StockCode": "21429", "Description": "RED GINGHAM ROSE JEWELLERY BOX", "Quantity": "2", "InvoiceDate": "02-12-2010 13:49", "UnitPrice": "1.65", "CustomerID": "17976", "Country": "United Kingdom"},
{"InvoiceNo": "536749", "StockCode": "21710", "Description": "FOLDING UMBRELLA PINKWHITE POLKADOT", "Quantity": "1", "InvoiceDate": "02-12-2010 13:49", "UnitPrice": "4.95", "CustomerID": "17976", "Country": "United Kingdom"},
{"InvoiceNo": "536749", "StockCode": "22174", "Description": "PHOTO CUBE", "Quantity": "2", "InvoiceDate": "02-12-2010 13:49", "UnitPrice": "1.65", "CustomerID": "17976", "Country": "United Kingdom"},
{"InvoiceNo": "536749", "StockCode": "22174", "Description": "PHOTO CUBE", "Quantity": "2", "InvoiceDate": "02-12-2010 13:49", "UnitPrice": "1.65", "CustomerID": "17976", "Country": "United Kingdom"},
{"InvoiceNo": "536749", "StockCode": "22174", "Description": "PHOTO CUBE", "Quantity": "2", "InvoiceDate": "02-12-2010 13:49", "UnitPrice": "1.65", "CustomerID": "17976", "Country": "United Kingdom"},
{"InvoiceNo": "536749", "StockCode": "22190", "Description": "LOCAL CAFE MUG", "Quantity": "1", "InvoiceDate": "02-12-2010 13:49", "UnitPrice": "2.1", "CustomerID": "17976", "Country": "United Kingdom"},
{"InvoiceNo": "536749", "StockCode": "22343", "Description": "PARTY PIZZA DISH RED RETROSPOT", "Quantity": "6", "InvoiceDate": "02-12-2010 13:49", "UnitPrice": "0.85", "CustomerID": "17976", "Country": "United Kingdom"},
{"InvoiceNo": "536749", "StockCode": "22371", "Description": "AIRLINE BAG VINTAGE TOKYO 78", "Quantity": "1", "InvoiceDate": "02-12-2010 13:49", "UnitPrice": "4.25", "CustomerID": "17976", "Country": "United Kingdom"},
{"InvoiceNo": "536749", "StockCode": "22371", "Description": "AIRLINE BAG VINTAGE TOKYO 78", "Quantity": "2", "InvoiceDate": "02-12-2010 13:49", "UnitPrice": "4.25", "CustomerID": "17976", "Country": "United Kingdom"},
{"InvoiceNo": "536749", "StockCode": "22371", "Description": "AIRLINE BAG VINTAGE TOKYO 78", "Quantity": "1", "InvoiceDate": "02-12-2010 13:49", "UnitPrice": "4.25", "CustomerID": "17976", "Country": "United Kingdom"},
{"InvoiceNo": "536749", "StockCode": "22379", "Description": "RECYCLING BAG RETROSPOT ", "Quantity": "1", "InvoiceDate": "02-12-2010 13:49", "UnitPrice": "2.1", "CustomerID": "17976", "Country": "United Kingdom"},
{"InvoiceNo": "536749", "StockCode": "22441", "Description": "GROW YOUR OWN BASIL IN ENAMEL MUG", "Quantity": "1", "InvoiceDate": "02-12-2010 13:49", "UnitPrice": "2.1", "CustomerID": "17976", "Country": "United Kingdom"},
{"InvoiceNo": "536749", "StockCode": "22441", "Description": "GROW YOUR OWN BASIL IN ENAMEL MUG", "Quantity": "1", "InvoiceDate": "02-12-2010 13:49", "UnitPrice": "2.1", "CustomerID": "17976", "Country": "United Kingdom"},
{"InvoiceNo": "536749", "StockCode": "22472", "Description": "TV DINNER TRAY DOLLY GIRL", "Quantity": "1", "InvoiceDate": "02-12-2010 13:49", "UnitPrice": "4.95", "CustomerID": "17976", "Country": "United Kingdom"},
{"InvoiceNo": "536749", "StockCode": "22472", "Description": "TV DINNER TRAY DOLLY GIRL", "Quantity": "1", "InvoiceDate": "02-12-2010 13:49", "UnitPrice": "4.95", "CustomerID": "17976", "Country": "United Kingdom"},
{"InvoiceNo": "536749", "StockCode": "22474", "Description": "SPACEBOY TV DINNER TRAY", "Quantity": "1", "InvoiceDate": "02-12-2010 13:49", "UnitPrice": "4.95", "CustomerID": "17976", "Country": "United Kingdom"},
{"InvoiceNo": "536749", "StockCode": "22480", "Description": "RED TEA TOWEL CLASSIC DESIGN", "Quantity": "4", "InvoiceDate": "02-12-2010 13:49", "UnitPrice": "1.25", "CustomerID": "17976", "Country": "United Kingdom"},
{"InvoiceNo": "536749", "StockCode": "22569", "Description": "FELTCRAFT CUSHION BUTTERFLY", "Quantity": "1", "InvoiceDate": "02-12-2010 13:49", "UnitPrice": "3.75", "CustomerID": "17976", "Country": "United Kingdom"},
{"InvoiceNo": "536749", "StockCode": "22633", "Description": "HAND WARMER UNION JACK", "Quantity": "2", "InvoiceDate": "02-12-2010 13:49", "UnitPrice": "2.1", "CustomerID": "17976", "Country": "United Kingdom"},
{"InvoiceNo": "536749", "StockCode": "22664", "Description": "TOY TIDY DOLLY GIRL DESIGN", "Quantity": "1", "InvoiceDate": "02-12-2010 13:49", "UnitPrice": "2.1", "CustomerID": "17976", "Country": "United Kingdom"},
{"InvoiceNo": "536749", "StockCode": "22667", "Description": "RECIPE BOX RETROSPOT ", "Quantity": "1", "InvoiceDate": "02-12-2010 13:49", "UnitPrice": "2.95", "CustomerID": "17976", "Country": "United Kingdom"},
{"InvoiceNo": "536749", "StockCode": "22750", "Description": "FELTCRAFT PRINCESS LOLA DOLL", "Quantity": "1", "InvoiceDate": "02-12-2010 13:49", "UnitPrice": "3.75", "CustomerID": "17976", "Country": "United Kingdom"},
{"InvoiceNo": "536749", "StockCode": "22752", "Description": "SET 7 BABUSHKA NESTING BOXES", "Quantity": "1", "InvoiceDate": "02-12-2010 13:49", "UnitPrice": "8.5", "CustomerID": "17976", "Country": "United Kingdom"},
{"InvoiceNo": "536749", "StockCode": "22866", "Description": "HAND WARMER SCOTTY DOG DESIGN", "Quantity": "1", "InvoiceDate": "02-12-2010 13:49", "UnitPrice": "2.1", "CustomerID": "17976", "Country": "United Kingdom"},
{"InvoiceNo": "536749", "StockCode": "22867", "Description": "HAND WARMER BIRD DESIGN", "Quantity": "1", "InvoiceDate": "02-12-2010 13:49", "UnitPrice": "2.1", "CustomerID": "17976", "Country": "United Kingdom"},
{"InvoiceNo": "536749", "StockCode": "22900", "Description": " SET 2 TEA TOWELS I LOVE LONDON ", "Quantity": "1", "InvoiceDate": "02-12-2010 13:49", "UnitPrice": "2.95", "CustomerID": "17976", "Country": "United Kingdom"},
{"InvoiceNo": "536749", "StockCode": "22943", "Description": "CHRISTMAS LIGHTS 10 VINTAGE BAUBLES", "Quantity": "1", "InvoiceDate": "02-12-2010 13:49", "UnitPrice": "4.95", "CustomerID": "17976", "Country": "United Kingdom"},
{"InvoiceNo": "536749", "StockCode": "84347", "Description": "ROTATING SILVER ANGELS T-LIGHT HLDR", "Quantity": "1", "InvoiceDate": "02-12-2010 13:49", "UnitPrice": "2.55", "CustomerID": "17976", "Country": "United Kingdom"},
{"InvoiceNo": "536749", "StockCode": "84879", "Description": "ASSORTED COLOUR BIRD ORNAMENT", "Quantity": "1", "InvoiceDate": "02-12-2010 13:49", "UnitPrice": "1.69", "CustomerID": "17976", "Country": "United Kingdom"},
{"InvoiceNo": "536749", "StockCode": "85106", "Description": "CUT GLASS HEXAGON T-LIGHT HOLDER", "Quantity": "2", "InvoiceDate": "02-12-2010 13:49", "UnitPrice": "2.55", "CustomerID": "17976", "Country": "United Kingdom"},
{"InvoiceNo": "536749", "StockCode": "85106", "Description": "CUT GLASS HEXAGON T-LIGHT HOLDER", "Quantity": "2", "InvoiceDate": "02-12-2010 13:49", "UnitPrice": "2.55", "CustomerID": "17976", "Country": "United Kingdom"},
{"InvoiceNo": "536749", "StockCode": "90204", "Description": "PAIR OF ENAMEL BUTTERFLY HAIRCLIP", "Quantity": "1", "InvoiceDate": "02-12-2010 13:49", "UnitPrice": "3.35", "CustomerID": "17976", "Country": "United Kingdom"},
{"InvoiceNo": "536749", "StockCode": "15056N", "Description": "EDWARDIAN PARASOL NATURAL", "Quantity": "1", "InvoiceDate": "02-12-2010 13:49", "UnitPrice": "5.95", "CustomerID": "17976", "Country": "United Kingdom"},
{"InvoiceNo": "536749", "StockCode": "18097A", "Description": "PINK TALL PORCELAIN T-LIGHT HOLDER ", "Quantity": "1", "InvoiceDate": "02-12-2010 13:49", "UnitPrice": "2.55", "CustomerID": "17976", "Country": "United Kingdom"},
{"InvoiceNo": "536749", "StockCode": "18097C", "Description": "WHITE TALL PORCELAIN T-LIGHT HOLDER", "Quantity": "1", "InvoiceDate": "02-12-2010 13:49", "UnitPrice": "2.55", "CustomerID": "17976", "Country": "United Kingdom"},
{"InvoiceNo": "536749", "StockCode": "35271S", "Description": "GOLD PRINT PAPER BAG", "Quantity": "5", "InvoiceDate": "02-12-2010 13:49", "UnitPrice": "0.19", "CustomerID": "17976", "Country": "United Kingdom"},
{"InvoiceNo": "536749", "StockCode": "84029E", "Description": "RED WOOLLY HOTTIE WHITE HEART.", "Quantity": "1", "InvoiceDate": "02-12-2010 13:49", "UnitPrice": "3.75", "CustomerID": "17976", "Country": "United Kingdom"},
{"InvoiceNo": "536749", "StockCode": "84029G", "Description": "KNITTED UNION FLAG HOT WATER BOTTLE", "Quantity": "1", "InvoiceDate": "02-12-2010 13:49", "UnitPrice": "3.75", "CustomerID": "17976", "Country": "United Kingdom"},
{"InvoiceNo": "536749", "StockCode": "85123A", "Description": "WHITE HANGING HEART T-LIGHT HOLDER", "Quantity": "1", "InvoiceDate": "02-12-2010 13:49", "UnitPrice": "2.95", "CustomerID": "17976", "Country": "United Kingdom"},
{"InvoiceNo": "536749", "StockCode": "90081A", "Description": "LILY BROOCH AMETHYST COLOUR", "Quantity": "1", "InvoiceDate": "02-12-2010 13:49", "UnitPrice": "4.95", "CustomerID": "17976", "Country": "United Kingdom"},
{"InvoiceNo": "536749", "StockCode": "90082A", "Description": "DIAMANTE BOW BROOCH GREEN COLOUR", "Quantity": "5", "InvoiceDate": "02-12-2010 13:49", "UnitPrice": "6.35", "CustomerID": "17976", "Country": "United Kingdom"},
{"InvoiceNo": "536749", "StockCode": "90082B", "Description": "DIAMANTE BOW BROOCH RED COLOUR", "Quantity": "5", "InvoiceDate": "02-12-2010 13:49", "UnitPrice": "6.35", "CustomerID": "17976", "Country": "United Kingdom"},
{"InvoiceNo": "536749", "StockCode": "90082D", "Description": "DIAMANTE BOW BROOCH BLACK COLOUR", "Quantity": "4", "InvoiceDate": "02-12-2010 13:49", "UnitPrice": "6.35", "CustomerID": "17976", "Country": "United Kingdom"},
{"InvoiceNo": "536749", "StockCode": "90177C", "Description": "DROP DIAMANTE EARRINGS CRYSTAL", "Quantity": "1", "InvoiceDate": "02-12-2010 13:49", "UnitPrice": "2.95", "CustomerID": "17976", "Country": "United Kingdom"},
{"InvoiceNo": "536749", "StockCode": "90185B", "Description": "AMETHYST DIAMANTE EXPANDABLE RING", "Quantity": "1", "InvoiceDate": "02-12-2010 13:49", "UnitPrice": "4.25", "CustomerID": "17976", "Country": "United Kingdom"},
{"InvoiceNo": "536749", "StockCode": "90185C", "Description": "BLACK DIAMANTE EXPANDABLE RING", "Quantity": "1", "InvoiceDate": "02-12-2010 13:49", "UnitPrice": "4.25", "CustomerID": "17976", "Country": "United Kingdom"},
{"InvoiceNo": "536749", "StockCode": "90186A", "Description": "AMETHYST HOOP EARRING FLORAL LEAF", "Quantity": "1", "InvoiceDate": "02-12-2010 13:49", "UnitPrice": "2.95", "CustomerID": "17976", "Country": "United Kingdom"},
{"InvoiceNo": "536749", "StockCode": "90195A", "Description": "PURPLE GEMSTONE BRACELET", "Quantity": "1", "InvoiceDate": "02-12-2010 13:49", "UnitPrice": "8.95", "CustomerID": "17976", "Country": "United Kingdom"},
{"InvoiceNo": "536749", "StockCode": "90195B", "Description": "BLACK GEMSTONE BRACELET", "Quantity": "1", "InvoiceDate": "02-12-2010 13:49", "UnitPrice": "8.95", "CustomerID": "17976", "Country": "United Kingdom"},
{"InvoiceNo": "536749", "StockCode": "90196A", "Description": "PURPLE GEMSTONE NECKLACE 45CM", "Quantity": "1", "InvoiceDate": "02-12-2010 13:49", "UnitPrice": "12.75", "CustomerID": "17976", "Country": "United Kingdom"},
{"InvoiceNo": "536749", "StockCode": "90199A", "Description": "5 STRAND GLASS NECKLACE BLACK", "Quantity": "2", "InvoiceDate": "02-12-2010 13:49", "UnitPrice": "6.35", "CustomerID": "17976", "Country": "United Kingdom"},
{"InvoiceNo": "536759", "StockCode": "20828", "Description": "GLITTER BUTTERFLY CLIPS", "Quantity": "6", "InvoiceDate": "02-12-2010 14:26", "UnitPrice": "2.55", "CustomerID": "16781", "Country": "United Kingdom"},
{"InvoiceNo": "536759", "StockCode": "21257", "Description": "VICTORIAN SEWING BOX MEDIUM", "Quantity": "2", "InvoiceDate": "02-12-2010 14:26", "UnitPrice": "7.95", "CustomerID": "16781", "Country": "United Kingdom"},
{"InvoiceNo": "536759", "StockCode": "21745", "Description": "GAOLERS KEYS DECORATIVE GARDEN ", "Quantity": "4", "InvoiceDate": "02-12-2010 14:26", "UnitPrice": "3.75", "CustomerID": "16781", "Country": "United Kingdom"},
{"InvoiceNo": "536759", "StockCode": "21781", "Description": "MA CAMPAGNE CUTLERY BOX", "Quantity": "1", "InvoiceDate": "02-12-2010 14:26", "UnitPrice": "14.95", "CustomerID": "16781", "Country": "United Kingdom"},
{"InvoiceNo": "536759", "StockCode": "21844", "Description": "RED RETROSPOT MUG", "Quantity": "6", "InvoiceDate": "02-12-2010 14:26", "UnitPrice": "2.95", "CustomerID": "16781", "Country": "United Kingdom"},
{"InvoiceNo": "536759", "StockCode": "22183", "Description": "CAKE STAND VICTORIAN FILIGREE MED", "Quantity": "3", "InvoiceDate": "02-12-2010 14:26", "UnitPrice": "6.75", "CustomerID": "16781", "Country": "United Kingdom"},
{"InvoiceNo": "536759", "StockCode": "22296", "Description": "HEART IVORY TRELLIS LARGE", "Quantity": "12", "InvoiceDate": "02-12-2010 14:26", "UnitPrice": "1.65", "CustomerID": "16781", "Country": "United Kingdom"},
{"InvoiceNo": "536759", "StockCode": "22924", "Description": "FRIDGE MAGNETS LA VIE EN ROSE", "Quantity": "12", "InvoiceDate": "02-12-2010 14:26", "UnitPrice": "0.85", "CustomerID": "16781", "Country": "United Kingdom"},
{"InvoiceNo": "536759", "StockCode": "22928", "Description": "YELLOW GIANT GARDEN THERMOMETER", "Quantity": "2", "InvoiceDate": "02-12-2010 14:26", "UnitPrice": "5.95", "CustomerID": "16781", "Country": "United Kingdom"},
{"InvoiceNo": "536759", "StockCode": "48111", "Description": "DOORMAT 3 SMILEY CATS", "Quantity": "4", "InvoiceDate": "02-12-2010 14:26", "UnitPrice": "7.95", "CustomerID": "16781", "Country": "United Kingdom"},
{"InvoiceNo": "536759", "StockCode": "48185", "Description": "DOORMAT FAIRY CAKE", "Quantity": "2", "InvoiceDate": "02-12-2010 14:26", "UnitPrice": "7.95", "CustomerID": "16781", "Country": "United Kingdom"},
{"InvoiceNo": "536759", "StockCode": "79163", "Description": "BLACK CHAMPAGNE GLASS", "Quantity": "12", "InvoiceDate": "02-12-2010 14:26", "UnitPrice": "1.65", "CustomerID": "16781", "Country": "United Kingdom"},
{"InvoiceNo": "536759", "StockCode": "79164", "Description": "BLACK WINE GLASS", "Quantity": "12", "InvoiceDate": "02-12-2010 14:26", "UnitPrice": "1.65", "CustomerID": "16781", "Country": "United Kingdom"},
{"InvoiceNo": "536759", "StockCode": "82484", "Description": "WOOD BLACK BOARD ANT WHITE FINISH", "Quantity": "3", "InvoiceDate": "02-12-2010 14:26", "UnitPrice": "6.45", "CustomerID": "16781", "Country": "United Kingdom"},
{"InvoiceNo": "536759", "StockCode": "82486", "Description": "WOOD S/3 CABINET ANT WHITE FINISH", "Quantity": "2", "InvoiceDate": "02-12-2010 14:26", "UnitPrice": "7.95", "CustomerID": "16781", "Country": "United Kingdom"},
{"InvoiceNo": "536759", "StockCode": "84683", "Description": "CLASSICAL ROSE CANDLESTAND", "Quantity": "24", "InvoiceDate": "02-12-2010 14:26", "UnitPrice": "1.25", "CustomerID": "16781", "Country": "United Kingdom"},
{"InvoiceNo": "536759", "StockCode": "82494L", "Description": "WOODEN FRAME ANTIQUE WHITE ", "Quantity": "6", "InvoiceDate": "02-12-2010 14:26", "UnitPrice": "2.95", "CustomerID": "16781", "Country": "United Kingdom"},
{"InvoiceNo": "536769", "StockCode": "20724", "Description": "RED RETROSPOT CHARLOTTE BAG", "Quantity": "10", "InvoiceDate": "02-12-2010 14:47", "UnitPrice": "0.85", "CustomerID": "17581", "Country": "United Kingdom"},
{"InvoiceNo": "536769", "StockCode": "20725", "Description": "LUNCH BAG RED RETROSPOT", "Quantity": "10", "InvoiceDate": "02-12-2010 14:47", "UnitPrice": "1.65", "CustomerID": "17581", "Country": "United Kingdom"},
{"InvoiceNo": "536769", "StockCode": "20727", "Description": "LUNCH BAG  BLACK SKULL.", "Quantity": "10", "InvoiceDate": "02-12-2010 14:47", "UnitPrice": "1.65", "CustomerID": "17581", "Country": "United Kingdom"},
{"InvoiceNo": "536769", "StockCode": "21080", "Description": "SET/20 RED RETROSPOT PAPER NAPKINS ", "Quantity": "24", "InvoiceDate": "02-12-2010 14:47", "UnitPrice": "0.85", "CustomerID": "17581", "Country": "United Kingdom"},
{"InvoiceNo": "536769", "StockCode": "21210", "Description": "SET OF 72 RETROSPOT PAPER  DOILIES", "Quantity": "24", "InvoiceDate": "02-12-2010 14:47", "UnitPrice": "1.45", "CustomerID": "17581", "Country": "United Kingdom"},
{"InvoiceNo": "536769", "StockCode": "21212", "Description": "PACK OF 72 RETROSPOT CAKE CASES", "Quantity": "24", "InvoiceDate": "02-12-2010 14:47", "UnitPrice": "0.55", "CustomerID": "17581", "Country": "United Kingdom"},
{"InvoiceNo": "536769", "StockCode": "21735", "Description": "TWO DOOR CURIO CABINET", "Quantity": "2", "InvoiceDate": "02-12-2010 14:47", "UnitPrice": "12.75", "CustomerID": "17581", "Country": "United Kingdom"},
{"InvoiceNo": "536769", "StockCode": "22083", "Description": "PAPER CHAIN KIT RETROSPOT", "Quantity": "12", "InvoiceDate": "02-12-2010 14:47", "UnitPrice": "2.95", "CustomerID": "17581", "Country": "United Kingdom"},
{"InvoiceNo": "536769", "StockCode": "22084", "Description": "PAPER CHAIN KIT EMPIRE", "Quantity": "6", "InvoiceDate": "02-12-2010 14:47", "UnitPrice": "2.95", "CustomerID": "17581", "Country": "United Kingdom"},
{"InvoiceNo": "536769", "StockCode": "22086", "Description": "PAPER CHAIN KIT 50'S CHRISTMAS ", "Quantity": "18", "InvoiceDate": "02-12-2010 14:47", "UnitPrice": "2.95", "CustomerID": "17581", "Country": "United Kingdom"},
{"InvoiceNo": "536769", "StockCode": "22198", "Description": "LARGE POPCORN HOLDER ", "Quantity": "12", "InvoiceDate": "02-12-2010 14:47", "UnitPrice": "1.65", "CustomerID": "17581", "Country": "United Kingdom"},
{"InvoiceNo": "536769", "StockCode": "22333", "Description": "RETROSPOT PARTY BAG + STICKER SET", "Quantity": "8", "InvoiceDate": "02-12-2010 14:47", "UnitPrice": "1.65", "CustomerID": "17581", "Country": "United Kingdom"},
{"InvoiceNo": "536769", "StockCode": "22355", "Description": "CHARLOTTE BAG SUKI DESIGN", "Quantity": "10", "InvoiceDate": "02-12-2010 14:47", "UnitPrice": "0.85", "CustomerID": "17581", "Country": "United Kingdom"},
{"InvoiceNo": "536769", "StockCode": "22356", "Description": "CHARLOTTE BAG PINK POLKADOT", "Quantity": "10", "InvoiceDate": "02-12-2010 14:47", "UnitPrice": "0.85", "CustomerID": "17581", "Country": "United Kingdom"},
{"InvoiceNo": "536769", "StockCode": "22380", "Description": "TOY TIDY SPACEBOY  ", "Quantity": "5", "InvoiceDate": "02-12-2010 14:47", "UnitPrice": "2.1", "CustomerID": "17581", "Country": "United Kingdom"},
{"InvoiceNo": "536769", "StockCode": "22382", "Description": "LUNCH BAG SPACEBOY DESIGN ", "Quantity": "10", "InvoiceDate": "02-12-2010 14:47", "UnitPrice": "1.65", "CustomerID": "17581", "Country": "United Kingdom"},
{"InvoiceNo": "536769", "StockCode": "22384", "Description": "LUNCH BAG PINK POLKADOT", "Quantity": "10", "InvoiceDate": "02-12-2010 14:47", "UnitPrice": "1.65", "CustomerID": "17581", "Country": "United Kingdom"},
{"InvoiceNo": "536769", "StockCode": "22575", "Description": "METAL MERRY CHRISTMAS WREATH", "Quantity": "8", "InvoiceDate": "02-12-2010 14:47", "UnitPrice": "1.95", "CustomerID": "17581", "Country": "United Kingdom"},
{"InvoiceNo": "536769", "StockCode": "22661", "Description": "CHARLOTTE BAG DOLLY GIRL DESIGN", "Quantity": "10", "InvoiceDate": "02-12-2010 14:47", "UnitPrice": "0.85", "CustomerID": "17581", "Country": "United Kingdom"},
{"InvoiceNo": "536769", "StockCode": "22726", "Description": "ALARM CLOCK BAKELIKE GREEN", "Quantity": "8", "InvoiceDate": "02-12-2010 14:47", "UnitPrice": "3.75", "CustomerID": "17581", "Country": "United Kingdom"},
{"InvoiceNo": "536769", "StockCode": "22729", "Description": "ALARM CLOCK BAKELIKE ORANGE", "Quantity": "4", "InvoiceDate": "02-12-2010 14:47", "UnitPrice": "3.75", "CustomerID": "17581", "Country": "United Kingdom"},
{"InvoiceNo": "536769", "StockCode": "22733", "Description": "3D TRADITIONAL CHRISTMAS STICKERS", "Quantity": "20", "InvoiceDate": "02-12-2010 14:47", "UnitPrice": "1.25", "CustomerID": "17581", "Country": "United Kingdom"},
{"InvoiceNo": "536769", "StockCode": "22776", "Description": "SWEETHEART CAKESTAND 3 TIER", "Quantity": "4", "InvoiceDate": "02-12-2010 14:47", "UnitPrice": "9.95", "CustomerID": "17581", "Country": "United Kingdom"},
{"InvoiceNo": "536769", "StockCode": "22862", "Description": "LOVE HEART NAPKIN BOX ", "Quantity": "4", "InvoiceDate": "02-12-2010 14:47", "UnitPrice": "4.25", "CustomerID": "17581", "Country": "United Kingdom"},
{"InvoiceNo": "536769", "StockCode": "22909", "Description": "SET OF 20 VINTAGE CHRISTMAS NAPKINS", "Quantity": "24", "InvoiceDate": "02-12-2010 14:47", "UnitPrice": "0.85", "CustomerID": "17581", "Country": "United Kingdom"},
{"InvoiceNo": "536769", "StockCode": "22910", "Description": "PAPER CHAIN KIT VINTAGE CHRISTMAS", "Quantity": "18", "InvoiceDate": "02-12-2010 14:47", "UnitPrice": "2.95", "CustomerID": "17581", "Country": "United Kingdom"},
{"InvoiceNo": "536769", "StockCode": "22952", "Description": "60 CAKE CASES VINTAGE CHRISTMAS", "Quantity": "24", "InvoiceDate": "02-12-2010 14:47", "UnitPrice": "0.55", "CustomerID": "17581", "Country": "United Kingdom"},
{"InvoiceNo": "536769", "StockCode": "79321", "Description": "CHILLI LIGHTS", "Quantity": "4", "InvoiceDate": "02-12-2010 14:47", "UnitPrice": "4.95", "CustomerID": "17581", "Country": "United Kingdom"},
{"InvoiceNo": "536769", "StockCode": "84347", "Description": "ROTATING SILVER ANGELS T-LIGHT HLDR", "Quantity": "18", "InvoiceDate": "02-12-2010 14:47", "UnitPrice": "2.55", "CustomerID": "17581", "Country": "United Kingdom"},
{"InvoiceNo": "536769", "StockCode": "72801C", "Description": "4 ROSE PINK DINNER CANDLES", "Quantity": "12", "InvoiceDate": "02-12-2010 14:47", "UnitPrice": "1.25", "CustomerID": "17581", "Country": "United Kingdom"},
{"InvoiceNo": "536769", "StockCode": "72801D", "Description": "4 SKY BLUE DINNER CANDLES", "Quantity": "12", "InvoiceDate": "02-12-2010 14:47", "UnitPrice": "1.25", "CustomerID": "17581", "Country": "United Kingdom"},
{"InvoiceNo": "536779", "StockCode": "BANK CHARGES", "Description": "Bank Charges", "Quantity": "1", "InvoiceDate": "02-12-2010 15:08", "UnitPrice": "15", "CustomerID": "15823", "Country": "United Kingdom"},
{"InvoiceNo": "536789", "StockCode": "22632", "Description": "HAND WARMER RED POLKA DOT", "Quantity": "6", "InvoiceDate": "02-12-2010 15:25", "UnitPrice": "1.85", "CustomerID": "17850", "Country": "United Kingdom"},
{"InvoiceNo": "536789", "StockCode": "22633", "Description": "HAND WARMER UNION JACK", "Quantity": "6", "InvoiceDate": "02-12-2010 15:25", "UnitPrice": "1.85", "CustomerID": "17850", "Country": "United Kingdom"},
{"InvoiceNo": "536799", "StockCode": "20973", "Description": "12 PENCIL SMALL TUBE WOODLAND", "Quantity": "18", "InvoiceDate": "02-12-2010 16:00", "UnitPrice": "0.65", "CustomerID": "17228", "Country": "United Kingdom"},
{"InvoiceNo": "536799", "StockCode": "20974", "Description": "12 PENCILS SMALL TUBE SKULL", "Quantity": "6", "InvoiceDate": "02-12-2010 16:00", "UnitPrice": "0.65", "CustomerID": "17228", "Country": "United Kingdom"},
{"InvoiceNo": "536799", "StockCode": "20975", "Description": "12 PENCILS SMALL TUBE RED RETROSPOT", "Quantity": "18", "InvoiceDate": "02-12-2010 16:00", "UnitPrice": "0.65", "CustomerID": "17228", "Country": "United Kingdom"},
{"InvoiceNo": "536799", "StockCode": "21098", "Description": "CHRISTMAS TOILET ROLL", "Quantity": "6", "InvoiceDate": "02-12-2010 16:00", "UnitPrice": "1.25", "CustomerID": "17228", "Country": "United Kingdom"},
{"InvoiceNo": "536799", "StockCode": "21930", "Description": "JUMBO STORAGE BAG SKULLS", "Quantity": "4", "InvoiceDate": "02-12-2010 16:00", "UnitPrice": "1.95", "CustomerID": "17228", "Country": "United Kingdom"},
{"InvoiceNo": "536799", "StockCode": "21931", "Description": "JUMBO STORAGE BAG SUKI", "Quantity": "3", "InvoiceDate": "02-12-2010 16:00", "UnitPrice": "1.95", "CustomerID": "17228", "Country": "United Kingdom"},
{"InvoiceNo": "536799", "StockCode": "22386", "Description": "JUMBO BAG PINK POLKADOT", "Quantity": "3", "InvoiceDate": "02-12-2010 16:00", "UnitPrice": "1.95", "CustomerID": "17228", "Country": "United Kingdom"},
{"InvoiceNo": "536799", "StockCode": "22632", "Description": "HAND WARMER RED RETROSPOT", "Quantity": "8", "InvoiceDate": "02-12-2010 16:00", "UnitPrice": "2.1", "CustomerID": "17228", "Country": "United Kingdom"},
{"InvoiceNo": "536799", "StockCode": "22745", "Description": "POPPY'S PLAYHOUSE BEDROOM ", "Quantity": "2", "InvoiceDate": "02-12-2010 16:00", "UnitPrice": "2.1", "CustomerID": "17228", "Country": "United Kingdom"},
{"InvoiceNo": "536799", "StockCode": "22746", "Description": "POPPY'S PLAYHOUSE LIVINGROOM ", "Quantity": "2", "InvoiceDate": "02-12-2010 16:00", "UnitPrice": "2.1", "CustomerID": "17228", "Country": "United Kingdom"},
{"InvoiceNo": "536799", "StockCode": "22748", "Description": "POPPY'S PLAYHOUSE KITCHEN", "Quantity": "2", "InvoiceDate": "02-12-2010 16:00", "UnitPrice": "2.1", "CustomerID": "17228", "Country": "United Kingdom"},
{"InvoiceNo": "536799", "StockCode": "22834", "Description": "HAND WARMER BABUSHKA DESIGN", "Quantity": "12", "InvoiceDate": "02-12-2010 16:00", "UnitPrice": "2.1", "CustomerID": "17228", "Country": "United Kingdom"},
{"InvoiceNo": "536799", "StockCode": "22865", "Description": "HAND WARMER OWL DESIGN", "Quantity": "8", "InvoiceDate": "02-12-2010 16:00", "UnitPrice": "2.1", "CustomerID": "17228", "Country": "United Kingdom"},
{"InvoiceNo": "536799", "StockCode": "22866", "Description": "HAND WARMER SCOTTY DOG DESIGN", "Quantity": "8", "InvoiceDate": "02-12-2010 16:00", "UnitPrice": "2.1", "CustomerID": "17228", "Country": "United Kingdom"},
{"InvoiceNo": "536799", "StockCode": "22867", "Description": "HAND WARMER BIRD DESIGN", "Quantity": "8", "InvoiceDate": "02-12-2010 16:00", "UnitPrice": "2.1", "CustomerID": "17228", "Country": "United Kingdom"},
{"InvoiceNo": "536799", "StockCode": "70006", "Description": "LOVE HEART POCKET WARMER", "Quantity": "5", "InvoiceDate": "02-12-2010 16:00", "UnitPrice": "1.65", "CustomerID": "17228", "Country": "United Kingdom"},
{"InvoiceNo": "536799", "StockCode": "70007", "Description": "HI TEC ALPINE HAND WARMER", "Quantity": "6", "InvoiceDate": "02-12-2010 16:00", "UnitPrice": "1.65", "CustomerID": "17228", "Country": "United Kingdom"},
{"InvoiceNo": "536799", "StockCode": "85099B", "Description": "JUMBO BAG RED RETROSPOT", "Quantity": "3", "InvoiceDate": "02-12-2010 16:00", "UnitPrice": "1.95", "CustomerID": "17228", "Country": "United Kingdom"},
{"InvoiceNo": "536809", "StockCode": "84950", "Description": "ASSORTED COLOUR T-LIGHT HOLDER", "Quantity": "1824", "InvoiceDate": "02-12-2010 16:48", "UnitPrice": "0.55", "CustomerID": "15299", "Country": "United Kingdom"},
{"InvoiceNo": "536819", "StockCode": "20914", "Description": "SET/5 RED RETROSPOT LID GLASS BOWLS", "Quantity": "12", "InvoiceDate": "02-12-2010 17:12", "UnitPrice": "2.95", "CustomerID": "13402", "Country": "United Kingdom"},
{"InvoiceNo": "536819", "StockCode": "21059", "Description": "PARTY INVITES DINOSAURS", "Quantity": "12", "InvoiceDate": "02-12-2010 17:12", "UnitPrice": "0.85", "CustomerID": "13402", "Country": "United Kingdom"},
{"InvoiceNo": "536819", "StockCode": "21063", "Description": "PARTY INVITES JAZZ HEARTS", "Quantity": "12", "InvoiceDate": "02-12-2010 17:12", "UnitPrice": "0.85", "CustomerID": "13402", "Country": "United Kingdom"},
{"InvoiceNo": "536819", "StockCode": "21213", "Description": "PACK OF 72 SKULL CAKE CASES", "Quantity": "24", "InvoiceDate": "02-12-2010 17:12", "UnitPrice": "0.55", "CustomerID": "13402", "Country": "United Kingdom"},
{"InvoiceNo": "536819", "StockCode": "21506", "Description": "FANCY FONT BIRTHDAY CARD, ", "Quantity": "12", "InvoiceDate": "02-12-2010 17:12", "UnitPrice": "0.42", "CustomerID": "13402", "Country": "United Kingdom"},
{"InvoiceNo": "536819", "StockCode": "21519", "Description": "GIN & TONIC DIET GREETING CARD ", "Quantity": "12", "InvoiceDate": "02-12-2010 17:12", "UnitPrice": "0.42", "CustomerID": "13402", "Country": "United Kingdom"},
{"InvoiceNo": "536819", "StockCode": "21975", "Description": "PACK OF 60 DINOSAUR CAKE CASES", "Quantity": "24", "InvoiceDate": "02-12-2010 17:12", "UnitPrice": "0.55", "CustomerID": "13402", "Country": "United Kingdom"},
{"InvoiceNo": "536819", "StockCode": "22328", "Description": "ROUND SNACK BOXES SET OF 4 FRUITS ", "Quantity": "12", "InvoiceDate": "02-12-2010 17:12", "UnitPrice": "2.95", "CustomerID": "13402", "Country": "United Kingdom"},
{"InvoiceNo": "536819", "StockCode": "22427", "Description": "ENAMEL FLOWER JUG CREAM", "Quantity": "3", "InvoiceDate": "02-12-2010 17:12", "UnitPrice": "5.95", "CustomerID": "13402", "Country": "United Kingdom"},
{"InvoiceNo": "536819", "StockCode": "22429", "Description": "ENAMEL MEASURING JUG CREAM", "Quantity": "4", "InvoiceDate": "02-12-2010 17:12", "UnitPrice": "4.25", "CustomerID": "13402", "Country": "United Kingdom"},
{"InvoiceNo": "536819", "StockCode": "22624", "Description": "IVORY KITCHEN SCALES", "Quantity": "2", "InvoiceDate": "02-12-2010 17:12", "UnitPrice": "8.5", "CustomerID": "13402", "Country": "United Kingdom"},
{"InvoiceNo": "536819", "StockCode": "22625", "Description": "RED KITCHEN SCALES", "Quantity": "2", "InvoiceDate": "02-12-2010 17:12", "UnitPrice": "8.5", "CustomerID": "13402", "Country": "United Kingdom"},
{"InvoiceNo": "536819", "StockCode": "22667", "Description": "RECIPE BOX RETROSPOT ", "Quantity": "6", "InvoiceDate": "02-12-2010 17:12", "UnitPrice": "2.95", "CustomerID": "13402", "Country": "United Kingdom"},
{"InvoiceNo": "536819", "StockCode": "22898", "Description": "CHILDRENS APRON APPLES DESIGN", "Quantity": "8", "InvoiceDate": "02-12-2010 17:12", "UnitPrice": "1.95", "CustomerID": "13402", "Country": "United Kingdom"},
{"InvoiceNo": "536819", "StockCode": "22988", "Description": "SOLDIERS EGG CUP ", "Quantity": "12", "InvoiceDate": "02-12-2010 17:12", "UnitPrice": "1.25", "CustomerID": "13402", "Country": "United Kingdom"},
{"InvoiceNo": "536819", "StockCode": "72741", "Description": "GRAND CHOCOLATECANDLE", "Quantity": "9", "InvoiceDate": "02-12-2010 17:12", "UnitPrice": "1.45", "CustomerID": "13402", "Country": "United Kingdom"},
{"InvoiceNo": "536819", "StockCode": "84375", "Description": "SET OF 20 KIDS COOKIE CUTTERS", "Quantity": "24", "InvoiceDate": "02-12-2010 17:12", "UnitPrice": "2.1", "CustomerID": "13402", "Country": "United Kingdom"},
{"InvoiceNo": "C536829", "StockCode": "71477", "Description": "COLOUR GLASS. STAR T-LIGHT HOLDER", "Quantity": "-1", "InvoiceDate": "02-12-2010 17:36", "UnitPrice": "3.25", "CustomerID": "13295", "Country": "United Kingdom"},
{"InvoiceNo": "536839", "StockCode": "20685", "Description": "DOORMAT RED RETROSPOT", "Quantity": "5", "InvoiceDate": "02-12-2010 18:25", "UnitPrice": "7.95", "CustomerID": "15093", "Country": "United Kingdom"},
{"InvoiceNo": "536839", "StockCode": "21506", "Description": "FANCY FONT BIRTHDAY CARD, ", "Quantity": "24", "InvoiceDate": "02-12-2010 18:25", "UnitPrice": "0.42", "CustomerID": "15093", "Country": "United Kingdom"},
{"InvoiceNo": "536839", "StockCode": "21507", "Description": "ELEPHANT, BIRTHDAY CARD, ", "Quantity": "36", "InvoiceDate": "02-12-2010 18:25", "UnitPrice": "0.42", "CustomerID": "15093", "Country": "United Kingdom"},
{"InvoiceNo": "536839", "StockCode": "21508", "Description": "VINTAGE KID DOLLY CARD ", "Quantity": "12", "InvoiceDate": "02-12-2010 18:25", "UnitPrice": "0.42", "CustomerID": "15093", "Country": "United Kingdom"},
{"InvoiceNo": "536839", "StockCode": "21509", "Description": "COWBOYS AND INDIANS BIRTHDAY CARD ", "Quantity": "48", "InvoiceDate": "02-12-2010 18:25", "UnitPrice": "0.42", "CustomerID": "15093", "Country": "United Kingdom"},
{"InvoiceNo": "536839", "StockCode": "21519", "Description": "GIN & TONIC DIET GREETING CARD ", "Quantity": "36", "InvoiceDate": "02-12-2010 18:25", "UnitPrice": "0.42", "CustomerID": "15093", "Country": "United Kingdom"},
{"InvoiceNo": "536839", "StockCode": "21524", "Description": "DOORMAT SPOTTY HOME SWEET HOME", "Quantity": "10", "InvoiceDate": "02-12-2010 18:25", "UnitPrice": "6.75", "CustomerID": "15093", "Country": "United Kingdom"},
{"InvoiceNo": "536839", "StockCode": "21916", "Description": "SET 12 RETRO WHITE CHALK STICKS", "Quantity": "24", "InvoiceDate": "02-12-2010 18:25", "UnitPrice": "0.42", "CustomerID": "15093", "Country": "United Kingdom"},
{"InvoiceNo": "536839", "StockCode": "22023", "Description": "EMPIRE BIRTHDAY CARD", "Quantity": "24", "InvoiceDate": "02-12-2010 18:25", "UnitPrice": "0.42", "CustomerID": "15093", "Country": "United Kingdom"},
{"InvoiceNo": "536839", "StockCode": "22027", "Description": "TEA PARTY BIRTHDAY CARD", "Quantity": "12", "InvoiceDate": "02-12-2010 18:25", "UnitPrice": "0.42", "CustomerID": "15093", "Country": "United Kingdom"},
{"InvoiceNo": "536839", "StockCode": "22029", "Description": "SPACEBOY BIRTHDAY CARD", "Quantity": "36", "InvoiceDate": "02-12-2010 18:25", "UnitPrice": "0.42", "CustomerID": "15093", "Country": "United Kingdom"},
{"InvoiceNo": "536839", "StockCode": "22030", "Description": "SWALLOWS GREETING CARD", "Quantity": "36", "InvoiceDate": "02-12-2010 18:25", "UnitPrice": "0.42", "CustomerID": "15093", "Country": "United Kingdom"},
{"InvoiceNo": "536839", "StockCode": "22585", "Description": "PACK OF 6 BIRDY GIFT TAGS", "Quantity": "144", "InvoiceDate": "02-12-2010 18:25", "UnitPrice": "1.06", "CustomerID": "15093", "Country": "United Kingdom"},
{"InvoiceNo": "536839", "StockCode": "84077", "Description": "WORLD WAR 2 GLIDERS ASSTD DESIGNS", "Quantity": "288", "InvoiceDate": "02-12-2010 18:25", "UnitPrice": "0.21", "CustomerID": "15093", "Country": "United Kingdom"},
{"InvoiceNo": "536839", "StockCode": "84879", "Description": "ASSORTED COLOUR BIRD ORNAMENT", "Quantity": "96", "InvoiceDate": "02-12-2010 18:25", "UnitPrice": "1.69", "CustomerID": "15093", "Country": "United Kingdom"},
{"InvoiceNo": "536839", "StockCode": "84247G", "Description": "DECOUPAGE,GREETING CARD,", "Quantity": "48", "InvoiceDate": "02-12-2010 18:25", "UnitPrice": "0.42", "CustomerID": "15093", "Country": "United Kingdom"}
]