[{"InvoiceNo": "536605", "StockCode": "20963", "Description": "APPLE BATH SPONGE", "Quantity": "10", "InvoiceDate": "02-12-2010 8:52", "UnitPrice": "1.25", "CustomerID": "13715", "Country": "United Kingdom"},
{"InvoiceNo": "536605", "StockCode": "20966", "Description": "SANDWICH BATH SPONGE", "Quantity": "10", "InvoiceDate": "02-12-2010 8:52", "UnitPrice": "1.25", "CustomerID": "13715", "Country": "United Kingdom"},
{"InvoiceNo": "536605", "StockCode": "21042", "Description": "RED RETROSPOT APRON ", "Quantity": "3", "InvoiceDate": "02-12-2010 8:52", "UnitPrice": "5.95", "CustomerID": "13715", "Country": "United Kingdom"},
{"InvoiceNo": "536605", "StockCode": "21172", "Description": "PARTY METAL SIGN ", "Quantity": "12", "InvoiceDate": "02-12-2010 8:52", "UnitPrice": "1.45", "CustomerID": "13715", "Country": "United Kingdom"},
{"InvoiceNo": "536605", "StockCode": "21181", "Description": "PLEASE ONE PERSON METAL SIGN", "Quantity": "12", "InvoiceDate": "02-12-2010 8:52", "UnitPrice": "2.1", "CustomerID": "13715", "Country": "United Kingdom"},
{"InvoiceNo": "536605", "StockCode": "21364", "Description": "PEACE SMALL WOOD LETTERS", "Quantity": "2", "InvoiceDate": "02-12-2010 8:52", "UnitPrice": "6.75", "CustomerID": "13715", "Country": "United Kingdom"},
{"InvoiceNo": "536605", "StockCode": "22107", "Description": "PIZZA PLATE IN BOX", "Quantity": "8", "InvoiceDate": "02-12-2010 8:52", "UnitPrice": "3.75", "CustomerID": "13715", "Country": "United Kingdom"},
{"InvoiceNo": "536605", "StockCode": "22109", "Description": "FULL ENGLISH BREAKFAST PLATE", "Quantity": "8", "InvoiceDate": "02-12-2010 8:52", "UnitPrice": "3.75", "CustomerID": "13715", "Country": "United Kingdom"},
{"InvoiceNo": "536605", "StockCode": "22111", "Description": "SCOTTIE DOG HOT WATER BOTTLE", "Quantity": "3", "InvoiceDate": "02-12-2010 8:52", "UnitPrice": "4.95", "CustomerID": "13715", "Country": "United Kingdom"},
{"InvoiceNo": "536605", "StockCode": "22219", "Description": "LOVEBIRD HANGING DECORATION WHITE ", "Quantity": "12", "InvoiceDate": "02-12-2010 8:52", "UnitPrice": "0.85", "CustomerID": "13715", "Country": "United Kingdom"},
{"InvoiceNo": "536605", "StockCode": "22271", "Description": "FELTCRAFT DOLL ROSIE", "Quantity": "6", "InvoiceDate": "02-12-2010 8:52", "UnitPrice": "2.95", "CustomerID": "13715", "Country": "United Kingdom"},
{"InvoiceNo": "536605", "StockCode": "22272", "Description": "FELTCRAFT DOLL MARIA", "Quantity": "6", "InvoiceDate": "02-12-2010 8:52", "UnitPrice": "2.95", "CustomerID": "13715", "Country": "United Kingdom"},
{"InvoiceNo": "536605", "StockCode": "22273", "Description": "FELTCRAFT DOLL MOLLY", "Quantity": "6", "InvoiceDate": "02-12-2010 8:52", "UnitPrice": "2.95", "CustomerID": "13715", "Country": "United Kingdom"},
{"InvoiceNo": "536605", "StockCode": "22274", "Description": "FELTCRAFT DOLL EMILY", "Quantity": "6", "InvoiceDate": "02-12-2010 8:52", "UnitPrice": "2.95", "CustomerID": "13715", "Country": "United Kingdom"},
{"InvoiceNo": "536605", "StockCode": "47567B", "Description": "TEA TIME KITCHEN APRON", "Quantity": "3", "InvoiceDate": "02-12-2010 8:52", "UnitPrice": "5.95", "CustomerID": "13715", "Country": "United Kingdom"},
{"InvoiceNo": "536615", "StockCode": "21754", "Description": "HOME BUILDING BLOCK WORD", "Quantity": "3", "InvoiceDate": "02-12-2010 10:09", "UnitPrice": "5.95", "CustomerID": "14047", "Country": "United Kingdom"},
{"InvoiceNo": "536615", "StockCode": "22120", "Description": "WELCOME  WOODEN BLOCK LETTERS", "Quantity": "3", "InvoiceDate": "02-12-2010 10:09", "UnitPrice": "9.95", "CustomerID": "14047", "Country": "United Kingdom"},
{"InvoiceNo": "536615", "StockCode": "22367", "Description": "CHILDRENS APRON SPACEBOY DESIGN", "Quantity": "8", "InvoiceDate": "02-12-2010 10:09", "UnitPrice": "1.95", "CustomerID": "14047", "Country": "United Kingdom"},
{"InvoiceNo": "536615", "StockCode": "22467", "Description": "GUMBALL COAT RACK", "Quantity": "12", "InvoiceDate": "02-12-2010 10:09", "UnitPrice": "2.55", "CustomerID": "14047", "Country": "United Kingdom"},
{"InvoiceNo": "536615", "StockCode": "22618", "Description": "COOKING SET RETROSPOT", "Quantity": "2", "InvoiceDate": "02-12-2010 10:09", "UnitPrice": "9.95", "CustomerID": "14047", "Country": "United Kingdom"},
{"InvoiceNo": "536615", "StockCode": "22634", "Description": "CHILDS BREAKFAST SET SPACEBOY ", "Quantity": "2", "InvoiceDate": "02-12-2010 10:09", "UnitPrice": "9.95", "CustomerID": "14047", "Country": "United Kingdom"},
{"InvoiceNo": "536615", "StockCode": "22752", "Description": "SET 7 BABUSHKA NESTING BOXES", "Quantity": "4", "InvoiceDate": "02-12-2010 10:09", "UnitPrice": "8.5", "CustomerID": "14047", "Country": "United Kingdom"},
{"InvoiceNo": "536615", "StockCode": "22781", "Description": "GUMBALL MAGAZINE RACK", "Quantity": "2", "InvoiceDate": "02-12-2010 10:09", "UnitPrice": "7.65", "CustomerID": "14047", "Country": "United Kingdom"},
{"InvoiceNo": "536615", "StockCode": "22837", "Description": "HOT WATER BOTTLE BABUSHKA ", "Quantity": "8", "InvoiceDate": "02-12-2010 10:09", "UnitPrice": "4.65", "CustomerID": "14047", "Country": "United Kingdom"},
{"InvoiceNo": "536615", "StockCode": "22898", "Description": "CHILDRENS APRON APPLES DESIGN", "Quantity": "8", "InvoiceDate": "02-12-2010 10:09", "UnitPrice": "1.95", "CustomerID": "14047", "Country": "United Kingdom"},
{"InvoiceNo": "536615", "StockCode": "84077", "Description": "WORLD WAR 2 GLIDERS ASSTD DESIGNS", "Quantity": "48", "InvoiceDate": "02-12-2010 10:09", "UnitPrice": "0.29", "CustomerID": "14047", "Country": "United Kingdom"},
{"InvoiceNo": "536615", "StockCode": "84792", "Description": "ENCHANTED BIRD COATHANGER 5 HOOK", "Quantity": "8", "InvoiceDate": "02-12-2010 10:09", "UnitPrice": "4.65", "CustomerID": "14047", "Country": "United Kingdom"},
{"InvoiceNo": "C536625", "StockCode": "22839", "Description": "3 TIER CAKE TIN GREEN AND CREAM", "Quantity": "-2", "InvoiceDate": "02-12-2010 10:46", "UnitPrice": "14.95", "CustomerID": "14766", "Country": "United Kingdom"},
{"InvoiceNo": "536635", "StockCode": "21181", "Description": "PLEASE ONE PERSON METAL SIGN", "Quantity": "12", "InvoiceDate": "02-12-2010 11:22", "UnitPrice": "2.1", "CustomerID": "15955", "Country": "United Kingdom"},
{"InvoiceNo": "536635", "StockCode": "21428", "Description": "SET3 BOOK BOX GREEN GINGHAM FLOWER ", "Quantity": "8", "InvoiceDate": "02-12-2010 11:22", "UnitPrice": "4.25", "CustomerID": "15955", "Country": "United Kingdom"},
{"InvoiceNo": "536635", "StockCode": "21429", "Description": "RED GINGHAM ROSE JEWELLERY BOX", "Quantity": "16", "InvoiceDate": "02-12-2010 11:22", "UnitPrice": "1.65", "CustomerID": "15955", "Country": "United Kingdom"},
{"InvoiceNo": "536635", "StockCode": "21754", "Description": "HOME BUILDING BLOCK WORD", "Quantity": "6", "InvoiceDate": "02-12-2010 11:22", "UnitPrice": "5.95", "CustomerID": "15955", "Country": "United Kingdom"},
{"InvoiceNo": "536635", "StockCode": "21868", "Description": "POTTING SHED TEA MUG", "Quantity": "12", "InvoiceDate": "02-12-2010 11:22", "UnitPrice": "1.25", "CustomerID": "15955", "Country": "United Kingdom"},
{"InvoiceNo": "536635", "StockCode": "21870", "Description": "I CAN ONLY PLEASE ONE PERSON MUG", "Quantity": "12", "InvoiceDate": "02-12-2010 11:22", "UnitPrice": "1.25", "CustomerID": "15955", "Country": "United Kingdom"},
{"InvoiceNo": "536635", "StockCode": "21877", "Description": "HOME SWEET HOME MUG", "Quantity": "12", "InvoiceDate": "02-12-2010 11:22", "UnitPrice": "1.25", "CustomerID": "15955", "Country": "United Kingdom"},
{"InvoiceNo": "536635", "StockCode": "22112", "Description": "CHOCOLATE HOT WATER BOTTLE", "Quantity": "12", "InvoiceDate": "02-12-2010 11:22", "UnitPrice": "4.95", "CustomerID": "15955", "Country": "United Kingdom"},
{"InvoiceNo": "536635", "StockCode": "22114", "Description": "HOT WATER BOTTLE TEA AND SYMPATHY", "Quantity": "8", "InvoiceDate": "02-12-2010 11:22", "UnitPrice": "3.95", "CustomerID": "15955", "Country": "United Kingdom"},
{"InvoiceNo": "536635", "StockCode": "22441", "Description": "GROW YOUR OWN BASIL IN ENAMEL MUG", "Quantity": "8", "InvoiceDate": "02-12-2010 11:22", "UnitPrice": "2.1", "CustomerID": "15955", "Country": "United Kingdom"},
{"InvoiceNo": "536635", "StockCode": "22502", "Description": "PICNIC BASKET WICKER SMALL", "Quantity": "8", "InvoiceDate": "02-12-2010 11:22", "UnitPrice": "5.95", "CustomerID": "15955", "Country": "United Kingdom"},
{"InvoiceNo": "536635", "StockCode": "22557", "Description": "PLASTERS IN TIN VINTAGE PAISLEY ", "Quantity": "12", "InvoiceDate": "02-12-2010 11:22", "UnitPrice": "1.65", "CustomerID": "15955", "Country": "United Kingdom"},
{"InvoiceNo": "536635", "StockCode": "22759", "Description": "SET OF 3 NOTEBOOKS IN PARCEL", "Quantity": "12", "InvoiceDate": "02-12-2010 11:22", "UnitPrice": "1.65", "CustomerID": "15955", "Country": "United Kingdom"},
{"InvoiceNo": "536635", "StockCode": "22840", "Description": "ROUND CAKE TIN VINTAGE RED", "Quantity": "4", "InvoiceDate": "02-12-2010 11:22", "UnitPrice": "7.95", "CustomerID": "15955", "Country": "United Kingdom"},
{"InvoiceNo": "536635", "StockCode": "22855", "Description": "FINE WICKER HEART ", "Quantity": "48", "InvoiceDate": "02-12-2010 11:22", "UnitPrice": "1.06", "CustomerID": "15955", "Country": "United Kingdom"},
{"InvoiceNo": "536635", "StockCode": "22961", "Description": "JAM MAKING SET PRINTED", "Quantity": "12", "InvoiceDate": "02-12-2010 11:22", "UnitPrice": "1.45", "CustomerID": "15955", "Country": "United Kingdom"},
{"InvoiceNo": "536635", "StockCode": "84375", "Description": "SET OF 20 KIDS COOKIE CUTTERS", "Quantity": "12", "InvoiceDate": "02-12-2010 11:22", "UnitPrice": "2.1", "CustomerID": "15955", "Country": "United Kingdom"},
{"InvoiceNo": "536635", "StockCode": "85150", "Description": "LADIES & GENTLEMEN METAL SIGN", "Quantity": "12", "InvoiceDate": "02-12-2010 11:22", "UnitPrice": "2.55", "CustomerID": "15955", "Country": "United Kingdom"},
{"InvoiceNo": "536635", "StockCode": "85152", "Description": "HAND OVER THE CHOCOLATE   SIGN ", "Quantity": "12", "InvoiceDate": "02-12-2010 11:22", "UnitPrice": "2.1", "CustomerID": "15955", "Country": "United Kingdom"},
{"InvoiceNo": "536635", "StockCode": "84029E", "Description": "RED WOOLLY HOTTIE WHITE HEART.", "Quantity": "8", "InvoiceDate": "02-12-2010 11:22", "UnitPrice": "3.75", "CustomerID": "15955", "Country": "United Kingdom"},
{"InvoiceNo": "536685", "StockCode": "21068", "Description": "VINTAGE BILLBOARD LOVE/HATE MUG", "Quantity": "6", "InvoiceDate": "02-12-2010 12:23", "UnitPrice": "1.06", "CustomerID": "17850", "Country": "United Kingdom"},
{"InvoiceNo": "536685", "StockCode": "21071", "Description": "VINTAGE BILLBOARD DRINK ME MUG", "Quantity": "6", "InvoiceDate": "02-12-2010 12:23", "UnitPrice": "1.06", "CustomerID": "17850", "Country": "United Kingdom"},
{"InvoiceNo": "536685", "StockCode": "21730", "Description": "GLASS STAR FROSTED T-LIGHT HOLDER", "Quantity": "6", "InvoiceDate": "02-12-2010 12:23", "UnitPrice": "4.25", "CustomerID": "17850", "Country": "United Kingdom"},
{"InvoiceNo": "536685", "StockCode": "21871", "Description": "SAVE THE PLANET MUG", "Quantity": "6", "InvoiceDate": "02-12-2010 12:23", "UnitPrice": "1.06", "CustomerID": "17850", "Country": "United Kingdom"},
{"InvoiceNo": "536685", "StockCode": "22411", "Description": "JUMBO SHOPPER VINTAGE RED PAISLEY", "Quantity": "6", "InvoiceDate": "02-12-2010 12:23", "UnitPrice": "1.65", "CustomerID": "17850", "Country": "United Kingdom"},
{"InvoiceNo": "536685", "StockCode": "22752", "Description": "SET 7 BABUSHKA NESTING BOXES", "Quantity": "4", "InvoiceDate": "02-12-2010 12:23", "UnitPrice": "7.65", "CustomerID": "17850", "Country": "United Kingdom"},
{"InvoiceNo": "536685", "StockCode": "22803", "Description": "IVORY EMBROIDERED QUILT ", "Quantity": "2", "InvoiceDate": "02-12-2010 12:23", "UnitPrice": "35.75", "CustomerID": "17850", "Country": "United Kingdom"},
{"InvoiceNo": "536685", "StockCode": "37370", "Description": "RETRO COFFEE MUGS ASSORTED", "Quantity": "6", "InvoiceDate": "02-12-2010 12:23", "UnitPrice": "1.06", "CustomerID": "17850", "Country": "United Kingdom"},
{"InvoiceNo": "536685", "StockCode": "71053", "Description": "WHITE METAL LANTERN", "Quantity": "12", "InvoiceDate": "02-12-2010 12:23", "UnitPrice": "3.39", "CustomerID": "17850", "Country": "United Kingdom"},
{"InvoiceNo": "536685", "StockCode": "82482", "Description": "WOODEN PICTURE FRAME WHITE FINISH", "Quantity": "6", "InvoiceDate": "02-12-2010 12:23", "UnitPrice": "2.1", "CustomerID": "17850", "Country": "United Kingdom"},
{"InvoiceNo": "536685", "StockCode": "82483", "Description": "WOOD 2 DRAWER CABINET WHITE FINISH", "Quantity": "4", "InvoiceDate": "02-12-2010 12:23", "UnitPrice": "4.95", "CustomerID": "17850", "Country": "United Kingdom"},
{"InvoiceNo": "536685", "StockCode": "82486", "Description": "WOOD S/3 CABINET ANT WHITE FINISH", "Quantity": "4", "InvoiceDate": "02-12-2010 12:23", "UnitPrice": "6.95", "CustomerID": "17850", "Country": "United Kingdom"},
{"InvoiceNo": "536685", "StockCode": "82494L", "Description": "WOODEN FRAME ANTIQUE WHITE ", "Quantity": "6", "InvoiceDate": "02-12-2010 12:23", "UnitPrice": "2.55", "CustomerID": "17850", "Country": "United Kingdom"},
{"InvoiceNo": "536685", "StockCode": "84029E", "Description": "RED WOOLLY HOTTIE WHITE HEART.", "Quantity": "8", "InvoiceDate": "02-12-2010 12:23", "UnitPrice": "3.39", "CustomerID": "17850", "Country": "United Kingdom"},
{"InvoiceNo": "536685", "StockCode": "84029G", "Description": "KNITTED UNION FLAG HOT WATER BOTTLE", "Quantity": "8", "InvoiceDate": "02-12-2010 12:23", "UnitPrice": "3.39", "CustomerID": "17850", "Country": "United Kingdom"},
{"InvoiceNo": "536685", "StockCode": "84406B", "Description": "CREAM CUPID HEARTS COAT HANGER", "Quantity": "6", "InvoiceDate": "02-12-2010 12:23", "UnitPrice": "2.75", "CustomerID": "17850", "Country": "United Kingdom"},
{"InvoiceNo": "536685", "StockCode": "85123A", "Description": "WHITE HANGING HEART T-LIGHT HOLDER", "Quantity": "12", "InvoiceDate": "02-12-2010 12:23", "UnitPrice": "2.55", "CustomerID": "17850", "Country": "United Kingdom"},
{"InvoiceNo": "536735", "StockCode": "22659", "Description": "LUNCH BOX I LOVE LONDON", "Quantity": "128", "InvoiceDate": "02-12-2010 12:58", "UnitPrice": "1.65", "CustomerID": "17381", "Country": "United Kingdom"},
{"InvoiceNo": "536745", "StockCode": "20749", "Description": "ASSORTED COLOUR MINI CASES", "Quantity": "8", "InvoiceDate": "02-12-2010 13:38", "UnitPrice": "7.95", "CustomerID": "17235", "Country": "United Kingdom"},
{"InvoiceNo": "536745", "StockCode": "20750", "Description": "RED RETROSPOT MINI CASES", "Quantity": "8", "InvoiceDate": "02-12-2010 13:38", "UnitPrice": "7.95", "CustomerID": "17235", "Country": "United Kingdom"},
{"InvoiceNo": "536745", "StockCode": "21428", "Description": "SET3 BOOK BOX GREEN GINGHAM FLOWER ", "Quantity": "4", "InvoiceDate": "02-12-2010 13:38", "UnitPrice": "4.25", "CustomerID": "17235", "Country": "United Kingdom"},
{"InvoiceNo": "536745", "StockCode": "21430", "Description": "SET/3 RED GINGHAM ROSE STORAGE BOX", "Quantity": "8", "InvoiceDate": "02-12-2010 13:38", "UnitPrice": "3.75", "CustomerID": "17235", "Country": "United Kingdom"},
{"InvoiceNo": "536745", "StockCode": "22077", "Description": "6 RIBBONS RUSTIC CHARM", "Quantity": "24", "InvoiceDate": "02-12-2010 13:38", "UnitPrice": "1.65", "CustomerID": "17235", "Country": "United Kingdom"},
{"InvoiceNo": "536745", "StockCode": "22736", "Description": "RIBBON REEL MAKING SNOWMEN ", "Quantity": "10", "InvoiceDate": "02-12-2010 13:38", "UnitPrice": "1.65", "CustomerID": "17235", "Country": "United Kingdom"},
{"InvoiceNo": "536745", "StockCode": "22737", "Description": "RIBBON REEL CHRISTMAS PRESENT ", "Quantity": "10", "InvoiceDate": "02-12-2010 13:38", "UnitPrice": "1.65", "CustomerID": "17235", "Country": "United Kingdom"},
{"InvoiceNo": "536745", "StockCode": "22738", "Description": "RIBBON REEL SNOWY VILLAGE", "Quantity": "30", "InvoiceDate": "02-12-2010 13:38", "UnitPrice": "1.65", "CustomerID": "17235", "Country": "United Kingdom"},
{"InvoiceNo": "536745", "StockCode": "85177", "Description": "BASKET OF FLOWERS SEWING KIT", "Quantity": "12", "InvoiceDate": "02-12-2010 13:38", "UnitPrice": "0.85", "CustomerID": "17235", "Country": "United Kingdom"},
{"InvoiceNo": "536745", "StockCode": "85184C", "Description": "S/4 VALENTINE DECOUPAGE HEART BOX", "Quantity": "12", "InvoiceDate": "02-12-2010 13:38", "UnitPrice": "2.95", "CustomerID": "17235", "Country": "United Kingdom"},
{"InvoiceNo": "536755", "StockCode": "21992", "Description": "VINTAGE PAISLEY STATIONERY SET", "Quantity": "1", "InvoiceDate": "02-12-2010 14:14", "UnitPrice": "2.95", "CustomerID": "", "Country": "United Kingdom"},
{"InvoiceNo": "536755", "StockCode": "21993", "Description": "FLORAL FOLK STATIONERY SET", "Quantity": "1", "InvoiceDate": "02-12-2010 14:14", "UnitPrice": "2.95", "CustomerID": "", "Country": "United Kingdom"},
{"InvoiceNo": "536755", "StockCode": "22109", "Description": "FULL ENGLISH BREAKFAST PLATE", "Quantity": "1", "InvoiceDate": "02-12-2010 14:14", "UnitPrice": "3.75", "CustomerID": "", "Country": "United Kingdom"},
{"InvoiceNo": "536755", "StockCode": "22551", "Description": "PLASTERS IN TIN SPACEBOY", "Quantity": "1", "InvoiceDate": "02-12-2010 14:14", "UnitPrice": "1.65", "CustomerID": "", "Country": "United Kingdom"},
{"InvoiceNo": "536755", "StockCode": "22629", "Description": "SPACEBOY LUNCH BOX ", "Quantity": "1", "InvoiceDate": "02-12-2010 14:14", "UnitPrice": "1.95", "CustomerID": "", "Country": "United Kingdom"},
{"InvoiceNo": "536755", "StockCode": "22838", "Description": "3 TIER CAKE TIN RED AND CREAM", "Quantity": "1", "InvoiceDate": "02-12-2010 14:14", "UnitPrice": "14.95", "CustomerID": "", "Country": "United Kingdom"},
{"InvoiceNo": "536755", "StockCode": "22865", "Description": "HAND WARMER OWL DESIGN", "Quantity": "1", "InvoiceDate": "02-12-2010 14:14", "UnitPrice": "2.1", "CustomerID": "", "Country": "United Kingdom"},
{"InvoiceNo": "536755", "StockCode": "22867", "Description": "HAND WARMER BIRD DESIGN", "Quantity": "1", "InvoiceDate": "02-12-2010 14:14", "UnitPrice": "2.1", "CustomerID": "", "Country": "United Kingdom"},
{"InvoiceNo": "536755", "StockCode": "22895", "Description": "SET OF 2 TEA TOWELS APPLE AND PEARS", "Quantity": "1", "InvoiceDate": "02-12-2010 14:14", "UnitPrice": "2.95", "CustomerID": "", "Country": "United Kingdom"},
{"InvoiceNo": "536755", "StockCode": "22972", "Description": "CHILDREN'S SPACEBOY MUG", "Quantity": "1", "InvoiceDate": "02-12-2010 14:14", "UnitPrice": "1.65", "CustomerID": "", "Country": "United Kingdom"},
{"InvoiceNo": "536755", "StockCode": "22975", "Description": "SPACEBOY CHILDRENS EGG CUP", "Quantity": "1", "InvoiceDate": "02-12-2010 14:14", "UnitPrice": "1.25", "CustomerID": "", "Country": "United Kingdom"},
{"InvoiceNo": "536755", "StockCode": "84870B", "Description": "BLUE GEISHA GIRL ", "Quantity": "1", "InvoiceDate": "02-12-2010 14:14", "UnitPrice": "3.75", "CustomerID": "", "Country": "United Kingdom"},
{"InvoiceNo": "536755", "StockCode": "84870C", "Description": "GREEN GEISHA GIRL ", "Quantity": "1", "InvoiceDate": "02-12-2010 14:14", "UnitPrice": "3.75", "CustomerID": "", "Country": "United Kingdom"},
{"InvoiceNo": "536755", "StockCode": "90200A", "Description": "PURPLE SWEETHEART BRACELET", "Quantity": "1", "InvoiceDate": "02-12-2010 14:14", "UnitPrice": "4.25", "CustomerID": "", "Country": "United Kingdom"},
{"InvoiceNo": "536755", "StockCode": "90200D", "Description": "PINK SWEETHEART BRACELET", "Quantity": "1", "InvoiceDate": "02-12-2010 14:14", "UnitPrice": "4.25", "CustomerID": "", "Country": "United Kingdom"},
{"InvoiceNo": "536765", "StockCode": "84952C", "Description": "", "Quantity": "19", "InvoiceDate": "02-12-2010 14:43", "UnitPrice": "0", "CustomerID": "", "Country": "United Kingdom"},
{"InvoiceNo": "536785", "StockCode": "20961", "Description": "STRAWBERRY BATH SPONGE ", "Quantity": "100", "InvoiceDate": "02-12-2010 15:22", "UnitPrice": "1.25", "CustomerID": "15061", "Country": "United Kingdom"},
{"InvoiceNo": "536785", "StockCode": "20963", "Description": "APPLE BATH SPONGE", "Quantity": "100", "InvoiceDate": "02-12-2010 15:22", "UnitPrice": "1.25", "CustomerID": "15061", "Country": "United Kingdom"},
{"InvoiceNo": "536785", "StockCode": "22423", "Description": "REGENCY CAKESTAND 3 TIER", "Quantity": "144", "InvoiceDate": "02-12-2010 15:22", "UnitPrice": "10.95", "CustomerID": "15061", "Country": "United Kingdom"},
{"InvoiceNo": "536785", "StockCode": "22659", "Description": "LUNCH BOX I LOVE LONDON", "Quantity": "128", "InvoiceDate": "02-12-2010 15:22", "UnitPrice": "1.65", "CustomerID": "15061", "Country": "United Kingdom"},
{"InvoiceNo": "536785", "StockCode": "84879", "Description": "ASSORTED COLOUR BIRD ORNAMENT", "Quantity": "320", "InvoiceDate": "02-12-2010 15:22", "UnitPrice": "1.45", "CustomerID": "15061", "Country": "United Kingdom"},
{"InvoiceNo": "536785", "StockCode": "84946", "Description": "ANTIQUE SILVER TEA GLASS ETCHED", "Quantity": "216", "InvoiceDate": "02-12-2010 15:22", "UnitPrice": "1.06", "CustomerID": "15061", "Country": "United Kingdom"},
{"InvoiceNo": "536795", "StockCode": "21967", "Description": "PACK OF 12 SKULL TISSUES", "Quantity": "24", "InvoiceDate": "02-12-2010 15:40", "UnitPrice": "0.29", "CustomerID": "15640", "Country": "United Kingdom"},
{"InvoiceNo": "536795", "StockCode": "21982", "Description": "PACK OF 12 SUKI TISSUES ", "Quantity": "24", "InvoiceDate": "02-12-2010 15:40", "UnitPrice": "0.29", "CustomerID": "15640", "Country": "United Kingdom"},
{"InvoiceNo": "536795", "StockCode": "22084", "Description": "PAPER CHAIN KIT EMPIRE", "Quantity": "12", "InvoiceDate": "02-12-2010 15:40", "UnitPrice": "2.95", "CustomerID": "15640", "Country": "United Kingdom"},
{"InvoiceNo": "536795", "StockCode": "22086", "Description": "PAPER CHAIN KIT 50'S CHRISTMAS ", "Quantity": "40", "InvoiceDate": "02-12-2010 15:40", "UnitPrice": "2.55", "CustomerID": "15640", "Country": "United Kingdom"},
{"InvoiceNo": "536795", "StockCode": "22865", "Description": "HAND WARMER OWL DESIGN", "Quantity": "24", "InvoiceDate": "02-12-2010 15:40", "UnitPrice": "2.1", "CustomerID": "15640", "Country": "United Kingdom"},
{"InvoiceNo": "536795", "StockCode": "22866", "Description": "HAND WARMER SCOTTY DOG DESIGN", "Quantity": "24", "InvoiceDate": "02-12-2010 15:40", "UnitPrice": "2.1", "CustomerID": "15640", "Country": "United Kingdom"},
{"InvoiceNo": "536795", "StockCode": "85123A", "Description": "WHITE HANGING HEART T-LIGHT HOLDER", "Quantity": "32", "InvoiceDate": "02-12-2010 15:40", "UnitPrice": "2.55", "CustomerID": "15640", "Country": "United Kingdom"},
{"InvoiceNo": "536805", "StockCode": "15036", "Description": "ASSORTED COLOURS SILK FAN", "Quantity": "12", "InvoiceDate": "02-12-2010 16:38", "UnitPrice": "0.75", "CustomerID": "14775", "Country": "United Kingdom"},
{"InvoiceNo": "536805", "StockCode": "20971", "Description": "PINK BLUE FELT CRAFT TRINKET BOX", "Quantity": "12", "InvoiceDate": "02-12-2010 16:38", "UnitPrice": "1.25", "CustomerID": "14775", "Country": "United Kingdom"},
{"InvoiceNo": "536805", "StockCode": "20972", "Description": "PINK CREAM FELT CRAFT TRINKET BOX ", "Quantity": "12", "InvoiceDate": "02-12-2010 16:38", "UnitPrice": "1.25", "CustomerID": "14775", "Country": "United Kingdom"},
{"InvoiceNo": "536805", "StockCode": "20973", "Description": "12 PENCIL SMALL TUBE WOODLAND", "Quantity": "24", "InvoiceDate": "02-12-2010 16:38", "UnitPrice": "0.65", "CustomerID": "14775", "Country": "United Kingdom"},
{"InvoiceNo": "536805", "StockCode": "20974", "Description": "12 PENCILS SMALL TUBE SKULL", "Quantity": "24", "InvoiceDate": "02-12-2010 16:38", "UnitPrice": "0.65", "CustomerID": "14775", "Country": "United Kingdom"},
{"InvoiceNo": "536805", "StockCode": "21069", "Description": "VINTAGE BILLBOARD TEA MUG", "Quantity": "12", "InvoiceDate": "02-12-2010 16:38", "UnitPrice": "1.25", "CustomerID": "14775", "Country": "United Kingdom"},
{"InvoiceNo": "536805", "StockCode": "21788", "Description": "KIDS RAIN MAC BLUE", "Quantity": "24", "InvoiceDate": "02-12-2010 16:38", "UnitPrice": "0.85", "CustomerID": "14775", "Country": "United Kingdom"},
{"InvoiceNo": "536805", "StockCode": "21908", "Description": "CHOCOLATE THIS WAY METAL SIGN", "Quantity": "24", "InvoiceDate": "02-12-2010 16:38", "UnitPrice": "2.1", "CustomerID": "14775", "Country": "United Kingdom"},
{"InvoiceNo": "536805", "StockCode": "22321", "Description": "BIRD DECORATION RED RETROSPOT", "Quantity": "12", "InvoiceDate": "02-12-2010 16:38", "UnitPrice": "0.85", "CustomerID": "14775", "Country": "United Kingdom"},
{"InvoiceNo": "536805", "StockCode": "22405", "Description": "MONEY BOX POCKET MONEY DESIGN", "Quantity": "12", "InvoiceDate": "02-12-2010 16:38", "UnitPrice": "1.25", "CustomerID": "14775", "Country": "United Kingdom"},
{"InvoiceNo": "536805", "StockCode": "22406", "Description": "MONEY BOX KINGS CHOICE DESIGN", "Quantity": "12", "InvoiceDate": "02-12-2010 16:38", "UnitPrice": "1.25", "CustomerID": "14775", "Country": "United Kingdom"},
{"InvoiceNo": "536805", "StockCode": "22408", "Description": "MONEY BOX CONFECTIONERY DESIGN", "Quantity": "12", "InvoiceDate": "02-12-2010 16:38", "UnitPrice": "1.25", "CustomerID": "14775", "Country": "United Kingdom"},
{"InvoiceNo": "536805", "StockCode": "22489", "Description": "PACK OF 12 TRADITIONAL CRAYONS", "Quantity": "24", "InvoiceDate": "02-12-2010 16:38", "UnitPrice": "0.42", "CustomerID": "14775", "Country": "United Kingdom"},
{"InvoiceNo": "536805", "StockCode": "22491", "Description": "PACK OF 12 COLOURED PENCILS", "Quantity": "24", "InvoiceDate": "02-12-2010 16:38", "UnitPrice": "0.85", "CustomerID": "14775", "Country": "United Kingdom"},
{"InvoiceNo": "536805", "StockCode": "22492", "Description": "MINI PAINT SET VINTAGE ", "Quantity": "72", "InvoiceDate": "02-12-2010 16:38", "UnitPrice": "0.65", "CustomerID": "14775", "Country": "United Kingdom"},
{"InvoiceNo": "536805", "StockCode": "22558", "Description": "CLOTHES PEGS RETROSPOT PACK 24 ", "Quantity": "12", "InvoiceDate": "02-12-2010 16:38", "UnitPrice": "1.49", "CustomerID": "14775", "Country": "United Kingdom"},
{"InvoiceNo": "536805", "StockCode": "22561", "Description": "WOODEN SCHOOL COLOURING SET", "Quantity": "12", "InvoiceDate": "02-12-2010 16:38", "UnitPrice": "1.65", "CustomerID": "14775", "Country": "United Kingdom"},
{"InvoiceNo": "536805", "StockCode": "22567", "Description": "20 DOLLY PEGS RETROSPOT", "Quantity": "12", "InvoiceDate": "02-12-2010 16:38", "UnitPrice": "1.25", "CustomerID": "14775", "Country": "United Kingdom"},
{"InvoiceNo": "536805", "StockCode": "37370", "Description": "RETRO COFFEE MUGS ASSORTED", "Quantity": "12", "InvoiceDate": "02-12-2010 16:38", "UnitPrice": "1.25", "CustomerID": "14775", "Country": "United Kingdom"},
{"InvoiceNo": "536805", "StockCode": "85152", "Description": "HAND OVER THE CHOCOLATE   SIGN ", "Quantity": "24", "InvoiceDate": "02-12-2010 16:38", "UnitPrice": "2.1", "CustomerID": "14775", "Country": "United Kingdom"},
{"InvoiceNo": "C536815", "StockCode": "22178", "Description": "VICTORIAN GLASS HANGING T-LIGHT", "Quantity": "-1", "InvoiceDate": "02-12-2010 17:05", "UnitPrice": "1.25", "CustomerID": "14443", "Country": "United Kingdom"},
{"InvoiceNo": "C536815", "StockCode": "85175", "Description": "CACTI T-LIGHT CANDLES", "Quantity": "-1", "InvoiceDate": "02-12-2010 17:05", "UnitPrice": "0.42", "CustomerID": "14443", "Country": "United Kingdom"},
{"InvoiceNo": "C536825", "StockCode": "22197", "Description": "SMALL POPCORN HOLDER", "Quantity": "-2", "InvoiceDate": "02-12-2010 17:27", "UnitPrice": "0.85", "CustomerID": "15384", "Country": "United Kingdom"},
{"InvoiceNo": "C536825", "StockCode": "22617", "Description": "BAKING SET SPACEBOY DESIGN", "Quantity": "-1", "InvoiceDate": "02-12-2010 17:27", "UnitPrice": "4.95", "CustomerID": "15384", "Country": "United Kingdom"},
{"InvoiceNo": "536835", "StockCode": "22655", "Description": "VINTAGE RED KITCHEN CABINET", "Quantity": "1", "InvoiceDate": "02-12-2010 18:06", "UnitPrice": "295", "CustomerID": "13145", "Country": "United Kingdom"},
{"InvoiceNo": "536845", "StockCode": "20615", "Description": "BLUE POLKADOT PASSPORT COVER", "Quantity": "1", "InvoiceDate": "02-12-2010 19:18", "UnitPrice": "2.1", "CustomerID": "17961", "Country": "United Kingdom"},
{"InvoiceNo": "536845", "StockCode": "20725", "Description": "LUNCH BAG RED RETROSPOT", "Quantity": "1", "InvoiceDate": "02-12-2010 19:18", "UnitPrice": "1.65", "CustomerID": "17961", "Country": "United Kingdom"},
{"InvoiceNo": "536845", "StockCode": "20727", "Description": "LUNCH BAG  BLACK SKULL.", "Quantity": "1", "InvoiceDate": "02-12-2010 19:18", "UnitPrice": "1.65", "CustomerID": "17961", "Country": "United Kingdom"},
{"InvoiceNo": "536845", "StockCode": "20978", "Description": "36 PENCILS TUBE SKULLS", "Quantity": "3", "InvoiceDate": "02-12-2010 19:18", "UnitPrice": "1.25", "CustomerID": "17961", "Country": "United Kingdom"},
{"InvoiceNo": "536845", "StockCode": "20979", "Description": "36 PENCILS TUBE RED RETROSPOT", "Quantity": "4", "InvoiceDate": "02-12-2010 19:18", "UnitPrice": "1.25", "CustomerID": "17961", "Country": "United Kingdom"},
{"InvoiceNo": "536845", "StockCode": "21114", "Description": "LAVENDER SCENTED FABRIC HEART", "Quantity": "1", "InvoiceDate": "02-12-2010 19:18", "UnitPrice": "1.25", "CustomerID": "17961", "Country": "United Kingdom"},
{"InvoiceNo": "536845", "StockCode": "21326", "Description": "AGED GLASS SILVER T-LIGHT HOLDER", "Quantity": "6", "InvoiceDate": "02-12-2010 19:18", "UnitPrice": "0.65", "CustomerID": "17961", "Country": "United Kingdom"},
{"InvoiceNo": "536845", "StockCode": "21333", "Description": "CLASSIC WHITE FRAME", "Quantity": "1", "InvoiceDate": "02-12-2010 19:18", "UnitPrice": "2.95", "CustomerID": "17961", "Country": "United Kingdom"},
{"InvoiceNo": "536845", "StockCode": "21479", "Description": "WHITE SKULL HOT WATER BOTTLE ", "Quantity": "1", "InvoiceDate": "02-12-2010 19:18", "UnitPrice": "3.75", "CustomerID": "17961", "Country": "United Kingdom"},
{"InvoiceNo": "536845", "StockCode": "21479", "Description": "WHITE SKULL HOT WATER BOTTLE ", "Quantity": "2", "InvoiceDate": "02-12-2010 19:18", "UnitPrice": "3.75", "CustomerID": "17961", "Country": "United Kingdom"},
{"InvoiceNo": "536845", "StockCode": "21528", "Description": "DAIRY MAID TRADITIONAL TEAPOT ", "Quantity": "1", "InvoiceDate": "02-12-2010 19:18", "UnitPrice": "6.95", "CustomerID": "17961", "Country": "United Kingdom"},
{"InvoiceNo": "536845", "StockCode": "21530", "Description": "DAIRY MAID TOASTRACK", "Quantity": "1", "InvoiceDate": "02-12-2010 19:18", "UnitPrice": "2.95", "CustomerID": "17961", "Country": "United Kingdom"},
{"InvoiceNo": "536845", "StockCode": "21706", "Description": "FOLDING UMBRELLA RED/WHITE POLKADOT", "Quantity": "1", "InvoiceDate": "02-12-2010 19:18", "UnitPrice": "4.95", "CustomerID": "17961", "Country": "United Kingdom"},
{"InvoiceNo": "536845", "StockCode": "21820", "Description": "GLITTER HEART GARLAND WITH BELLS ", "Quantity": "1", "InvoiceDate": "02-12-2010 19:18", "UnitPrice": "3.75", "CustomerID": "17961", "Country": "United Kingdom"},
{"InvoiceNo": "536845", "StockCode": "21821", "Description": "GLITTER STAR GARLAND WITH BELLS ", "Quantity": "1", "InvoiceDate": "02-12-2010 19:18", "UnitPrice": "3.75", "CustomerID": "17961", "Country": "United Kingdom"},
{"InvoiceNo": "536845", "StockCode": "21891", "Description": "TRADITIONAL WOODEN SKIPPING ROPE", "Quantity": "1", "InvoiceDate": "02-12-2010 19:18", "UnitPrice": "1.25", "CustomerID": "17961", "Country": "United Kingdom"},
{"InvoiceNo": "536845", "StockCode": "22162", "Description": "HEART GARLAND RUSTIC PADDED", "Quantity": "1", "InvoiceDate": "02-12-2010 19:18", "UnitPrice": "2.95", "CustomerID": "17961", "Country": "United Kingdom"},
{"InvoiceNo": "536845", "StockCode": "22271", "Description": "FELTCRAFT DOLL ROSIE", "Quantity": "2", "InvoiceDate": "02-12-2010 19:18", "UnitPrice": "2.95", "CustomerID": "17961", "Country": "United Kingdom"},
{"InvoiceNo": "536845", "StockCode": "22327", "Description": "ROUND SNACK BOXES SET OF 4 SKULLS", "Quantity": "1", "InvoiceDate": "02-12-2010 19:18", "UnitPrice": "2.95", "CustomerID": "17961", "Country": "United Kingdom"},
{"InvoiceNo": "536845", "StockCode": "22384", "Description": "LUNCH BAG PINK POLKADOT", "Quantity": "1", "InvoiceDate": "02-12-2010 19:18", "UnitPrice": "1.65", "CustomerID": "17961", "Country": "United Kingdom"},
{"InvoiceNo": "536845", "StockCode": "22619", "Description": "SET OF 6 SOLDIER SKITTLES", "Quantity": "2", "InvoiceDate": "02-12-2010 19:18", "UnitPrice": "3.75", "CustomerID": "17961", "Country": "United Kingdom"},
{"InvoiceNo": "536845", "StockCode": "22634", "Description": "CHILDS BREAKFAST SET SPACEBOY ", "Quantity": "1", "InvoiceDate": "02-12-2010 19:18", "UnitPrice": "9.95", "CustomerID": "17961", "Country": "United Kingdom"},
{"InvoiceNo": "536845", "StockCode": "22635", "Description": "CHILDS BREAKFAST SET DOLLY GIRL ", "Quantity": "1", "InvoiceDate": "02-12-2010 19:18", "UnitPrice": "9.95", "CustomerID": "17961", "Country": "United Kingdom"},
{"InvoiceNo": "536845", "StockCode": "22636", "Description": "CHILDS BREAKFAST SET CIRCUS PARADE", "Quantity": "1", "InvoiceDate": "02-12-2010 19:18", "UnitPrice": "8.5", "CustomerID": "17961", "Country": "United Kingdom"},
{"InvoiceNo": "536845", "StockCode": "84832", "Description": "ZINC WILLIE WINKIE  CANDLE STICK", "Quantity": "4", "InvoiceDate": "02-12-2010 19:18", "UnitPrice": "0.85", "CustomerID": "17961", "Country": "United Kingdom"},
{"InvoiceNo": "536845", "StockCode": "72807C", "Description": "SET/3 VANILLA SCENTED CANDLE IN BOX", "Quantity": "1", "InvoiceDate": "02-12-2010 19:18", "UnitPrice": "4.25", "CustomerID": "17961", "Country": "United Kingdom"},
{"InvoiceNo": "536845", "StockCode": "84029G", "Description": "KNITTED UNION FLAG HOT WATER BOTTLE", "Quantity": "1", "InvoiceDate": "02-12-2010 19:18", "UnitPrice": "3.75", "CustomerID": "17961", "Country": "United Kingdom"},
{"InvoiceNo": "536845", "StockCode": "84997B", "Description": "RED 3 PIECE RETROSPOT CUTLERY SET", "Quantity": "1", "InvoiceDate": "02-12-2010 19:18", "UnitPrice": "3.75", "CustomerID": "17961", "Country": "United Kingdom"},
{"InvoiceNo": "536845", "StockCode": "85014A", "Description": "BLACK/BLUE POLKADOT UMBRELLA", "Quantity": "1", "InvoiceDate": "02-12-2010 19:18", "UnitPrice": "5.95", "CustomerID": "17961", "Country": "United Kingdom"}
]