[{"InvoiceNo": "536601", "StockCode": "22632", "Description": "HAND WARMER RED POLKA DOT", "Quantity": "6", "InvoiceDate": "02-12-2010 8:33", "UnitPrice": "1.85", "CustomerID": "17850", "Country": "United Kingdom"},
{"InvoiceNo": "536601", "StockCode": "22633", "Description": "HAND WARMER UNION JACK", "Quantity": "6", "InvoiceDate": "02-12-2010 8:33", "UnitPrice": "1.85", "CustomerID": "17850", "Country": "United Kingdom"},
{"InvoiceNo": "536611", "StockCode": "21272", "Description": "SALLE DE BAIN HOOK", "Quantity": "12", "InvoiceDate": "02-12-2010 9:43", "UnitPrice": "1.25", "CustomerID": "15752", "Country": "United Kingdom"},
{"InvoiceNo": "536611", "StockCode": "21790", "Description": "VINTAGE SNAP CARDS", "Quantity": "12", "InvoiceDate": "02-12-2010 9:43", "UnitPrice": "0.85", "CustomerID": "15752", "Country": "United Kingdom"},
{"InvoiceNo": "536611", "StockCode": "21889", "Description": "WOODEN BOX OF DOMINOES", "Quantity": "12", "InvoiceDate": "02-12-2010 9:43", "UnitPrice": "1.25", "CustomerID": "15752", "Country": "United Kingdom"},
{"InvoiceNo": "536611", "StockCode": "21915", "Description": "RED  HARMONICA IN BOX ", "Quantity": "12", "InvoiceDate": "02-12-2010 9:43", "UnitPrice": "1.25", "CustomerID": "15752", "Country": "United Kingdom"},
{"InvoiceNo": "536611", "StockCode": "22549", "Description": "PICTURE DOMINOES", "Quantity": "12", "InvoiceDate": "02-12-2010 9:43", "UnitPrice": "1.45", "CustomerID": "15752", "Country": "United Kingdom"},
{"InvoiceNo": "536611", "StockCode": "22632", "Description": "HAND WARMER RED RETROSPOT", "Quantity": "24", "InvoiceDate": "02-12-2010 9:43", "UnitPrice": "2.1", "CustomerID": "15752", "Country": "United Kingdom"},
{"InvoiceNo": "536611", "StockCode": "22633", "Description": "HAND WARMER UNION JACK", "Quantity": "12", "InvoiceDate": "02-12-2010 9:43", "UnitPrice": "2.1", "CustomerID": "15752", "Country": "United Kingdom"},
{"InvoiceNo": "536611", "StockCode": "22865", "Description": "HAND WARMER OWL DESIGN", "Quantity": "12", "InvoiceDate": "02-12-2010 9:43", "UnitPrice": "2.1", "CustomerID": "15752", "Country": "United Kingdom"},
{"InvoiceNo": "536611", "StockCode": "22866", "Description": "HAND WARMER SCOTTY DOG DESIGN", "Quantity": "12", "InvoiceDate": "02-12-2010 9:43", "UnitPrice": "2.1", "CustomerID": "15752", "Country": "United Kingdom"},
{"InvoiceNo": "536611", "StockCode": "82580", "Description": "BATHROOM METAL SIGN", "Quantity": "12", "InvoiceDate": "02-12-2010 9:43", "UnitPrice": "0.55", "CustomerID": "15752", "Country": "United Kingdom"},
{"InvoiceNo": "536611", "StockCode": "62096A", "Description": "PINK/YELLOW FLOWERS HANDBAG", "Quantity": "6", "InvoiceDate": "02-12-2010 9:43", "UnitPrice": "1.25", "CustomerID": "15752", "Country": "United Kingdom"},
{"InvoiceNo": "536611", "StockCode": "84031A", "Description": "CHARLIE+LOLA RED HOT WATER BOTTLE ", "Quantity": "3", "InvoiceDate": "02-12-2010 9:43", "UnitPrice": "4.65", "CustomerID": "15752", "Country": "United Kingdom"},
{"InvoiceNo": "536611", "StockCode": "84032A", "Description": "CHARLIE+LOLA PINK HOT WATER BOTTLE", "Quantity": "6", "InvoiceDate": "02-12-2010 9:43", "UnitPrice": "2.95", "CustomerID": "15752", "Country": "United Kingdom"},
{"InvoiceNo": "536611", "StockCode": "85071D", "Description": "CHARLIE+LOLA MY ROOM DOOR SIGN", "Quantity": "6", "InvoiceDate": "02-12-2010 9:43", "UnitPrice": "2.55", "CustomerID": "15752", "Country": "United Kingdom"},
{"InvoiceNo": "536621", "StockCode": "10135", "Description": "COLOURING PENCILS BROWN TUBE", "Quantity": "10", "InvoiceDate": "02-12-2010 10:35", "UnitPrice": "1.25", "CustomerID": "13108", "Country": "United Kingdom"},
{"InvoiceNo": "536621", "StockCode": "21790", "Description": "VINTAGE SNAP CARDS", "Quantity": "48", "InvoiceDate": "02-12-2010 10:35", "UnitPrice": "0.85", "CustomerID": "13108", "Country": "United Kingdom"},
{"InvoiceNo": "536621", "StockCode": "21791", "Description": "VINTAGE HEADS AND TAILS CARD GAME ", "Quantity": "36", "InvoiceDate": "02-12-2010 10:35", "UnitPrice": "1.25", "CustomerID": "13108", "Country": "United Kingdom"},
{"InvoiceNo": "536621", "StockCode": "22422", "Description": "TOOTHPASTE TUBE PEN", "Quantity": "12", "InvoiceDate": "02-12-2010 10:35", "UnitPrice": "0.65", "CustomerID": "13108", "Country": "United Kingdom"},
{"InvoiceNo": "536621", "StockCode": "22491", "Description": "PACK OF 12 COLOURED PENCILS", "Quantity": "24", "InvoiceDate": "02-12-2010 10:35", "UnitPrice": "0.85", "CustomerID": "13108", "Country": "United Kingdom"},
{"InvoiceNo": "536621", "StockCode": "22492", "Description": "MINI PAINT SET VINTAGE ", "Quantity": "72", "InvoiceDate": "02-12-2010 10:35", "UnitPrice": "0.65", "CustomerID": "13108", "Country": "United Kingdom"},
{"InvoiceNo": "536621", "StockCode": "22536", "Description": "MAGIC DRAWING SLATE PURDEY", "Quantity": "48", "InvoiceDate": "02-12-2010 10:35", "UnitPrice": "0.42", "CustomerID": "13108", "Country": "United Kingdom"},
{"InvoiceNo": "536621", "StockCode": "22549", "Description": "PICTURE DOMINOES", "Quantity": "24", "InvoiceDate": "02-12-2010 10:35", "UnitPrice": "1.45", "CustomerID": "13108", "Country": "United Kingdom"},
{"InvoiceNo": "536621", "StockCode": "22561", "Description": "WOODEN SCHOOL COLOURING SET", "Quantity": "12", "InvoiceDate": "02-12-2010 10:35", "UnitPrice": "1.65", "CustomerID": "13108", "Country": "United Kingdom"},
{"InvoiceNo": "536621", "StockCode": "22752", "Description": "SET 7 BABUSHKA NESTING BOXES", "Quantity": "12", "InvoiceDate": "02-12-2010 10:35", "UnitPrice": "8.5", "CustomerID": "13108", "Country": "United Kingdom"},
{"InvoiceNo": "536631", "StockCode": "22632", "Description": "HAND WARMER RED POLKA DOT", "Quantity": "6", "InvoiceDate": "02-12-2010 10:58", "UnitPrice": "1.85", "CustomerID": "17850", "Country": "United Kingdom"},
{"InvoiceNo": "536631", "StockCode": "22633", "Description": "HAND WARMER UNION JACK", "Quantity": "6", "InvoiceDate": "02-12-2010 10:58", "UnitPrice": "1.85", "CustomerID": "17850", "Country": "United Kingdom"},
{"InvoiceNo": "536641", "StockCode": "22187", "Description": "GREEN CHRISTMAS TREE CARD HOLDER", "Quantity": "1", "InvoiceDate": "02-12-2010 11:46", "UnitPrice": "4.25", "CustomerID": "12748", "Country": "United Kingdom"},
{"InvoiceNo": "536671", "StockCode": "21385", "Description": "IVORY HANGING DECORATION  HEART", "Quantity": "24", "InvoiceDate": "02-12-2010 12:10", "UnitPrice": "0.85", "CustomerID": "13305", "Country": "United Kingdom"},
{"InvoiceNo": "536671", "StockCode": "22465", "Description": "HANGING METAL STAR LANTERN", "Quantity": "24", "InvoiceDate": "02-12-2010 12:10", "UnitPrice": "1.65", "CustomerID": "13305", "Country": "United Kingdom"},
{"InvoiceNo": "536671", "StockCode": "22740", "Description": "POLKADOT PEN", "Quantity": "48", "InvoiceDate": "02-12-2010 12:10", "UnitPrice": "0.85", "CustomerID": "13305", "Country": "United Kingdom"},
{"InvoiceNo": "536671", "StockCode": "22855", "Description": "FINE WICKER HEART ", "Quantity": "12", "InvoiceDate": "02-12-2010 12:10", "UnitPrice": "1.25", "CustomerID": "13305", "Country": "United Kingdom"},
{"InvoiceNo": "536671", "StockCode": "85061W", "Description": "WHITE JEWELLED HEART DECORATION", "Quantity": "24", "InvoiceDate": "02-12-2010 12:10", "UnitPrice": "0.85", "CustomerID": "13305", "Country": "United Kingdom"},
{"InvoiceNo": "536681", "StockCode": "21584", "Description": "RETROSPOT SMALL TUBE MATCHES", "Quantity": "6", "InvoiceDate": "02-12-2010 12:22", "UnitPrice": "1.65", "CustomerID": "17287", "Country": "United Kingdom"},
{"InvoiceNo": "536681", "StockCode": "21586", "Description": "KINGS CHOICE GIANT TUBE MATCHES", "Quantity": "3", "InvoiceDate": "02-12-2010 12:22", "UnitPrice": "2.55", "CustomerID": "17287", "Country": "United Kingdom"},
{"InvoiceNo": "536681", "StockCode": "21588", "Description": "RETROSPOT GIANT TUBE MATCHES", "Quantity": "3", "InvoiceDate": "02-12-2010 12:22", "UnitPrice": "2.55", "CustomerID": "17287", "Country": "United Kingdom"},
{"InvoiceNo": "536681", "StockCode": "22294", "Description": "HEART FILIGREE DOVE  SMALL", "Quantity": "10", "InvoiceDate": "02-12-2010 12:22", "UnitPrice": "1.25", "CustomerID": "17287", "Country": "United Kingdom"},
{"InvoiceNo": "536681", "StockCode": "22295", "Description": "HEART FILIGREE DOVE LARGE", "Quantity": "6", "InvoiceDate": "02-12-2010 12:22", "UnitPrice": "1.65", "CustomerID": "17287", "Country": "United Kingdom"},
{"InvoiceNo": "536681", "StockCode": "22423", "Description": "REGENCY CAKESTAND 3 TIER", "Quantity": "3", "InvoiceDate": "02-12-2010 12:22", "UnitPrice": "12.75", "CustomerID": "17287", "Country": "United Kingdom"},
{"InvoiceNo": "536681", "StockCode": "22633", "Description": "HAND WARMER UNION JACK", "Quantity": "2", "InvoiceDate": "02-12-2010 12:22", "UnitPrice": "2.1", "CustomerID": "17287", "Country": "United Kingdom"},
{"InvoiceNo": "536681", "StockCode": "22866", "Description": "HAND WARMER SCOTTY DOG DESIGN", "Quantity": "1", "InvoiceDate": "02-12-2010 12:22", "UnitPrice": "2.1", "CustomerID": "17287", "Country": "United Kingdom"},
{"InvoiceNo": "536681", "StockCode": "22867", "Description": "HAND WARMER BIRD DESIGN", "Quantity": "1", "InvoiceDate": "02-12-2010 12:22", "UnitPrice": "2.1", "CustomerID": "17287", "Country": "United Kingdom"},
{"InvoiceNo": "536681", "StockCode": "22906", "Description": "12 MESSAGE CARDS WITH ENVELOPES", "Quantity": "1", "InvoiceDate": "02-12-2010 12:22", "UnitPrice": "1.65", "CustomerID": "17287", "Country": "United Kingdom"},
{"InvoiceNo": "536681", "StockCode": "22988", "Description": "SOLDIERS EGG CUP ", "Quantity": "1", "InvoiceDate": "02-12-2010 12:22", "UnitPrice": "1.25", "CustomerID": "17287", "Country": "United Kingdom"},
{"InvoiceNo": "536681", "StockCode": "84879", "Description": "ASSORTED COLOUR BIRD ORNAMENT", "Quantity": "8", "InvoiceDate": "02-12-2010 12:22", "UnitPrice": "1.69", "CustomerID": "17287", "Country": "United Kingdom"},
{"InvoiceNo": "536681", "StockCode": "84406B", "Description": "CREAM CUPID HEARTS COAT HANGER", "Quantity": "1", "InvoiceDate": "02-12-2010 12:22", "UnitPrice": "3.25", "CustomerID": "17287", "Country": "United Kingdom"},
{"InvoiceNo": "536741", "StockCode": "22075", "Description": "6 RIBBONS ELEGANT CHRISTMAS ", "Quantity": "12", "InvoiceDate": "02-12-2010 13:11", "UnitPrice": "1.65", "CustomerID": "13117", "Country": "United Kingdom"},
{"InvoiceNo": "536741", "StockCode": "22077", "Description": "6 RIBBONS RUSTIC CHARM", "Quantity": "12", "InvoiceDate": "02-12-2010 13:11", "UnitPrice": "1.65", "CustomerID": "13117", "Country": "United Kingdom"},
{"InvoiceNo": "536741", "StockCode": "22144", "Description": "CHRISTMAS CRAFT LITTLE FRIENDS", "Quantity": "6", "InvoiceDate": "02-12-2010 13:11", "UnitPrice": "2.1", "CustomerID": "13117", "Country": "United Kingdom"},
{"InvoiceNo": "536741", "StockCode": "22457", "Description": "NATURAL SLATE HEART CHALKBOARD ", "Quantity": "6", "InvoiceDate": "02-12-2010 13:11", "UnitPrice": "2.95", "CustomerID": "13117", "Country": "United Kingdom"},
{"InvoiceNo": "536741", "StockCode": "22652", "Description": "TRAVEL SEWING KIT", "Quantity": "10", "InvoiceDate": "02-12-2010 13:11", "UnitPrice": "1.65", "CustomerID": "13117", "Country": "United Kingdom"},
{"InvoiceNo": "536741", "StockCode": "22940", "Description": "FELTCRAFT CHRISTMAS FAIRY", "Quantity": "4", "InvoiceDate": "02-12-2010 13:11", "UnitPrice": "4.25", "CustomerID": "13117", "Country": "United Kingdom"},
{"InvoiceNo": "536741", "StockCode": "72127", "Description": "COLUMBIAN CANDLE ROUND ", "Quantity": "6", "InvoiceDate": "02-12-2010 13:11", "UnitPrice": "1.25", "CustomerID": "13117", "Country": "United Kingdom"},
{"InvoiceNo": "536741", "StockCode": "72133", "Description": "COLUMBIAN CANDLE RECTANGLE", "Quantity": "6", "InvoiceDate": "02-12-2010 13:11", "UnitPrice": "1.25", "CustomerID": "13117", "Country": "United Kingdom"},
{"InvoiceNo": "536741", "StockCode": "84763", "Description": "ZINC FINISH 15CM PLANTER POTS", "Quantity": "12", "InvoiceDate": "02-12-2010 13:11", "UnitPrice": "1.25", "CustomerID": "13117", "Country": "United Kingdom"},
{"InvoiceNo": "536741", "StockCode": "84879", "Description": "ASSORTED COLOUR BIRD ORNAMENT", "Quantity": "8", "InvoiceDate": "02-12-2010 13:11", "UnitPrice": "1.69", "CustomerID": "13117", "Country": "United Kingdom"},
{"InvoiceNo": "536741", "StockCode": "84945", "Description": "MULTI COLOUR SILVER T-LIGHT HOLDER", "Quantity": "12", "InvoiceDate": "02-12-2010 13:11", "UnitPrice": "0.85", "CustomerID": "13117", "Country": "United Kingdom"},
{"InvoiceNo": "536741", "StockCode": "17090A", "Description": "LAVENDER INCENSE 40 CONES IN TIN", "Quantity": "6", "InvoiceDate": "02-12-2010 13:11", "UnitPrice": "1.25", "CustomerID": "13117", "Country": "United Kingdom"},
{"InvoiceNo": "536741", "StockCode": "17090D", "Description": "VANILLA INCENSE 40 CONES IN TIN", "Quantity": "6", "InvoiceDate": "02-12-2010 13:11", "UnitPrice": "1.25", "CustomerID": "13117", "Country": "United Kingdom"},
{"InvoiceNo": "536741", "StockCode": "85049A", "Description": "TRADITIONAL CHRISTMAS RIBBONS", "Quantity": "12", "InvoiceDate": "02-12-2010 13:11", "UnitPrice": "1.25", "CustomerID": "13117", "Country": "United Kingdom"},
{"InvoiceNo": "536741", "StockCode": "85049E", "Description": "SCANDINAVIAN REDS RIBBONS", "Quantity": "12", "InvoiceDate": "02-12-2010 13:11", "UnitPrice": "1.25", "CustomerID": "13117", "Country": "United Kingdom"},
{"InvoiceNo": "536751", "StockCode": "22632", "Description": "HAND WARMER RED POLKA DOT", "Quantity": "6", "InvoiceDate": "02-12-2010 14:05", "UnitPrice": "1.85", "CustomerID": "17850", "Country": "United Kingdom"},
{"InvoiceNo": "536751", "StockCode": "22633", "Description": "HAND WARMER UNION JACK", "Quantity": "6", "InvoiceDate": "02-12-2010 14:05", "UnitPrice": "1.85", "CustomerID": "17850", "Country": "United Kingdom"},
{"InvoiceNo": "536761", "StockCode": "21116", "Description": "OWL DOORSTOP", "Quantity": "3", "InvoiceDate": "02-12-2010 14:30", "UnitPrice": "4.95", "CustomerID": "13491", "Country": "United Kingdom"},
{"InvoiceNo": "536761", "StockCode": "21155", "Description": "RED RETROSPOT PEG BAG", "Quantity": "6", "InvoiceDate": "02-12-2010 14:30", "UnitPrice": "2.1", "CustomerID": "13491", "Country": "United Kingdom"},
{"InvoiceNo": "536761", "StockCode": "21217", "Description": "RED RETROSPOT ROUND CAKE TINS", "Quantity": "1", "InvoiceDate": "02-12-2010 14:30", "UnitPrice": "9.95", "CustomerID": "13491", "Country": "United Kingdom"},
{"InvoiceNo": "536761", "StockCode": "21232", "Description": "STRAWBERRY CERAMIC TRINKET BOX", "Quantity": "12", "InvoiceDate": "02-12-2010 14:30", "UnitPrice": "1.25", "CustomerID": "13491", "Country": "United Kingdom"},
{"InvoiceNo": "536761", "StockCode": "21527", "Description": "RED RETROSPOT TRADITIONAL TEAPOT ", "Quantity": "2", "InvoiceDate": "02-12-2010 14:30", "UnitPrice": "7.95", "CustomerID": "13491", "Country": "United Kingdom"},
{"InvoiceNo": "536761", "StockCode": "15060B", "Description": "FAIRY CAKE DESIGN UMBRELLA", "Quantity": "4", "InvoiceDate": "02-12-2010 14:30", "UnitPrice": "3.75", "CustomerID": "13491", "Country": "United Kingdom"},
{"InvoiceNo": "536761", "StockCode": "47591D", "Description": "PINK FAIRY CAKE CHILDRENS APRON", "Quantity": "8", "InvoiceDate": "02-12-2010 14:30", "UnitPrice": "1.95", "CustomerID": "13491", "Country": "United Kingdom"},
{"InvoiceNo": "536771", "StockCode": "22558", "Description": "CLOTHES PEGS RETROSPOT PACK 24 ", "Quantity": "12", "InvoiceDate": "02-12-2010 14:49", "UnitPrice": "1.49", "CustomerID": "17581", "Country": "United Kingdom"},
{"InvoiceNo": "536771", "StockCode": "22960", "Description": "JAM MAKING SET WITH JARS", "Quantity": "6", "InvoiceDate": "02-12-2010 14:49", "UnitPrice": "4.25", "CustomerID": "17581", "Country": "United Kingdom"},
{"InvoiceNo": "536771", "StockCode": "22961", "Description": "JAM MAKING SET PRINTED", "Quantity": "12", "InvoiceDate": "02-12-2010 14:49", "UnitPrice": "1.45", "CustomerID": "17581", "Country": "United Kingdom"},
{"InvoiceNo": "536771", "StockCode": "22964", "Description": "3 PIECE SPACEBOY COOKIE CUTTER SET", "Quantity": "6", "InvoiceDate": "02-12-2010 14:49", "UnitPrice": "2.1", "CustomerID": "17581", "Country": "United Kingdom"},
{"InvoiceNo": "536771", "StockCode": "22965", "Description": "3 TRADITIONAL COOKIE CUTTERS  SET", "Quantity": "6", "InvoiceDate": "02-12-2010 14:49", "UnitPrice": "2.1", "CustomerID": "17581", "Country": "United Kingdom"},
{"InvoiceNo": "536771", "StockCode": "22966", "Description": "GINGERBREAD MAN COOKIE CUTTER", "Quantity": "12", "InvoiceDate": "02-12-2010 14:49", "UnitPrice": "1.25", "CustomerID": "17581", "Country": "United Kingdom"},
{"InvoiceNo": "536771", "StockCode": "22969", "Description": "HOMEMADE JAM SCENTED CANDLES", "Quantity": "12", "InvoiceDate": "02-12-2010 14:49", "UnitPrice": "1.45", "CustomerID": "17581", "Country": "United Kingdom"},
{"InvoiceNo": "536781", "StockCode": "22865", "Description": "HAND WARMER OWL DESIGN", "Quantity": "24", "InvoiceDate": "02-12-2010 15:14", "UnitPrice": "2.1", "CustomerID": "17460", "Country": "United Kingdom"},
{"InvoiceNo": "536791", "StockCode": "22632", "Description": "HAND WARMER RED POLKA DOT", "Quantity": "12", "InvoiceDate": "02-12-2010 15:27", "UnitPrice": "1.85", "CustomerID": "17850", "Country": "United Kingdom"},
{"InvoiceNo": "536791", "StockCode": "22633", "Description": "HAND WARMER UNION JACK", "Quantity": "12", "InvoiceDate": "02-12-2010 15:27", "UnitPrice": "1.85", "CustomerID": "17850", "Country": "United Kingdom"},
{"InvoiceNo": "536801", "StockCode": "21067", "Description": "VINTAGE RED TEATIME MUG", "Quantity": "24", "InvoiceDate": "02-12-2010 16:12", "UnitPrice": "1.25", "CustomerID": "", "Country": "United Kingdom"},
{"InvoiceNo": "536801", "StockCode": "21098", "Description": "CHRISTMAS TOILET ROLL", "Quantity": "12", "InvoiceDate": "02-12-2010 16:12", "UnitPrice": "1.25", "CustomerID": "", "Country": "United Kingdom"},
{"InvoiceNo": "536801", "StockCode": "21484", "Description": "CHICK GREY HOT WATER BOTTLE", "Quantity": "4", "InvoiceDate": "02-12-2010 16:12", "UnitPrice": "3.45", "CustomerID": "", "Country": "United Kingdom"},
{"InvoiceNo": "536801", "StockCode": "21559", "Description": "STRAWBERRY LUNCH BOX WITH CUTLERY", "Quantity": "6", "InvoiceDate": "02-12-2010 16:12", "UnitPrice": "2.55", "CustomerID": "", "Country": "United Kingdom"},
{"InvoiceNo": "536801", "StockCode": "21791", "Description": "VINTAGE HEADS AND TAILS CARD GAME ", "Quantity": "12", "InvoiceDate": "02-12-2010 16:12", "UnitPrice": "1.25", "CustomerID": "", "Country": "United Kingdom"},
{"InvoiceNo": "536801", "StockCode": "22086", "Description": "PAPER CHAIN KIT 50'S CHRISTMAS ", "Quantity": "6", "InvoiceDate": "02-12-2010 16:12", "UnitPrice": "2.95", "CustomerID": "", "Country": "United Kingdom"},
{"InvoiceNo": "536801", "StockCode": "22111", "Description": "SCOTTIE DOG HOT WATER BOTTLE", "Quantity": "6", "InvoiceDate": "02-12-2010 16:12", "UnitPrice": "4.95", "CustomerID": "", "Country": "United Kingdom"},
{"InvoiceNo": "536801", "StockCode": "22113", "Description": "GREY HEART HOT WATER BOTTLE", "Quantity": "4", "InvoiceDate": "02-12-2010 16:12", "UnitPrice": "3.75", "CustomerID": "", "Country": "United Kingdom"},
{"InvoiceNo": "536801", "StockCode": "22549", "Description": "PICTURE DOMINOES", "Quantity": "12", "InvoiceDate": "02-12-2010 16:12", "UnitPrice": "1.45", "CustomerID": "", "Country": "United Kingdom"},
{"InvoiceNo": "536801", "StockCode": "22568", "Description": "FELTCRAFT CUSHION OWL", "Quantity": "4", "InvoiceDate": "02-12-2010 16:12", "UnitPrice": "3.75", "CustomerID": "", "Country": "United Kingdom"},
{"InvoiceNo": "536801", "StockCode": "22749", "Description": "FELTCRAFT PRINCESS CHARLOTTE DOLL", "Quantity": "4", "InvoiceDate": "02-12-2010 16:12", "UnitPrice": "3.75", "CustomerID": "", "Country": "United Kingdom"},
{"InvoiceNo": "536801", "StockCode": "22750", "Description": "FELTCRAFT PRINCESS LOLA DOLL", "Quantity": "4", "InvoiceDate": "02-12-2010 16:12", "UnitPrice": "3.75", "CustomerID": "", "Country": "United Kingdom"},
{"InvoiceNo": "536801", "StockCode": "22952", "Description": "60 CAKE CASES VINTAGE CHRISTMAS", "Quantity": "24", "InvoiceDate": "02-12-2010 16:12", "UnitPrice": "0.55", "CustomerID": "", "Country": "United Kingdom"},
{"InvoiceNo": "536801", "StockCode": "82599", "Description": "FANNY'S REST STOPMETAL SIGN", "Quantity": "12", "InvoiceDate": "02-12-2010 16:12", "UnitPrice": "2.1", "CustomerID": "", "Country": "United Kingdom"},
{"InvoiceNo": "536811", "StockCode": "22275", "Description": "WEEKEND BAG VINTAGE ROSE PAISLEY", "Quantity": "69", "InvoiceDate": "02-12-2010 16:51", "UnitPrice": "7.65", "CustomerID": "15299", "Country": "United Kingdom"},
{"InvoiceNo": "536821", "StockCode": "21034", "Description": "REX CASH+CARRY JUMBO SHOPPER", "Quantity": "2", "InvoiceDate": "02-12-2010 17:17", "UnitPrice": "0.95", "CustomerID": "17757", "Country": "United Kingdom"},
{"InvoiceNo": "536821", "StockCode": "21080", "Description": "SET/20 RED RETROSPOT PAPER NAPKINS ", "Quantity": "3", "InvoiceDate": "02-12-2010 17:17", "UnitPrice": "0.85", "CustomerID": "17757", "Country": "United Kingdom"},
{"InvoiceNo": "536821", "StockCode": "21086", "Description": "SET/6 RED SPOTTY PAPER CUPS", "Quantity": "6", "InvoiceDate": "02-12-2010 17:17", "UnitPrice": "0.65", "CustomerID": "17757", "Country": "United Kingdom"},
{"InvoiceNo": "536821", "StockCode": "21094", "Description": "SET/6 RED SPOTTY PAPER PLATES", "Quantity": "6", "InvoiceDate": "02-12-2010 17:17", "UnitPrice": "0.85", "CustomerID": "17757", "Country": "United Kingdom"},
{"InvoiceNo": "536821", "StockCode": "21217", "Description": "RED RETROSPOT ROUND CAKE TINS", "Quantity": "1", "InvoiceDate": "02-12-2010 17:17", "UnitPrice": "9.95", "CustomerID": "17757", "Country": "United Kingdom"},
{"InvoiceNo": "536821", "StockCode": "21238", "Description": "RED RETROSPOT CUP", "Quantity": "5", "InvoiceDate": "02-12-2010 17:17", "UnitPrice": "0.85", "CustomerID": "17757", "Country": "United Kingdom"},
{"InvoiceNo": "536821", "StockCode": "21239", "Description": "PINK  POLKADOT CUP", "Quantity": "8", "InvoiceDate": "02-12-2010 17:17", "UnitPrice": "0.85", "CustomerID": "17757", "Country": "United Kingdom"},
{"InvoiceNo": "536821", "StockCode": "21240", "Description": "BLUE POLKADOT CUP", "Quantity": "8", "InvoiceDate": "02-12-2010 17:17", "UnitPrice": "0.85", "CustomerID": "17757", "Country": "United Kingdom"},
{"InvoiceNo": "536821", "StockCode": "21429", "Description": "RED GINGHAM ROSE JEWELLERY BOX", "Quantity": "1", "InvoiceDate": "02-12-2010 17:17", "UnitPrice": "1.65", "CustomerID": "17757", "Country": "United Kingdom"},
{"InvoiceNo": "536821", "StockCode": "21494", "Description": "ROTATING LEAVES T-LIGHT HOLDER", "Quantity": "3", "InvoiceDate": "02-12-2010 17:17", "UnitPrice": "1.25", "CustomerID": "17757", "Country": "United Kingdom"},
{"InvoiceNo": "536821", "StockCode": "22083", "Description": "PAPER CHAIN KIT RETROSPOT", "Quantity": "6", "InvoiceDate": "02-12-2010 17:17", "UnitPrice": "2.95", "CustomerID": "17757", "Country": "United Kingdom"},
{"InvoiceNo": "536821", "StockCode": "22197", "Description": "SMALL POPCORN HOLDER", "Quantity": "5", "InvoiceDate": "02-12-2010 17:17", "UnitPrice": "0.85", "CustomerID": "17757", "Country": "United Kingdom"},
{"InvoiceNo": "536821", "StockCode": "22425", "Description": "ENAMEL COLANDER CREAM", "Quantity": "2", "InvoiceDate": "02-12-2010 17:17", "UnitPrice": "4.95", "CustomerID": "17757", "Country": "United Kingdom"},
{"InvoiceNo": "536821", "StockCode": "22430", "Description": "ENAMEL WATERING CAN CREAM", "Quantity": "1", "InvoiceDate": "02-12-2010 17:17", "UnitPrice": "4.95", "CustomerID": "17757", "Country": "United Kingdom"},
{"InvoiceNo": "536821", "StockCode": "22502", "Description": "PICNIC BASKET WICKER SMALL", "Quantity": "3", "InvoiceDate": "02-12-2010 17:17", "UnitPrice": "5.95", "CustomerID": "17757", "Country": "United Kingdom"},
{"InvoiceNo": "536821", "StockCode": "22617", "Description": "BAKING SET SPACEBOY DESIGN", "Quantity": "1", "InvoiceDate": "02-12-2010 17:17", "UnitPrice": "4.95", "CustomerID": "17757", "Country": "United Kingdom"},
{"InvoiceNo": "536821", "StockCode": "22630", "Description": "DOLLY GIRL LUNCH BOX", "Quantity": "1", "InvoiceDate": "02-12-2010 17:17", "UnitPrice": "1.95", "CustomerID": "17757", "Country": "United Kingdom"},
{"InvoiceNo": "536821", "StockCode": "22631", "Description": "CIRCUS PARADE LUNCH BOX ", "Quantity": "1", "InvoiceDate": "02-12-2010 17:17", "UnitPrice": "1.95", "CustomerID": "17757", "Country": "United Kingdom"},
{"InvoiceNo": "536821", "StockCode": "22651", "Description": "GENTLEMAN SHIRT REPAIR KIT ", "Quantity": "7", "InvoiceDate": "02-12-2010 17:17", "UnitPrice": "0.85", "CustomerID": "17757", "Country": "United Kingdom"},
{"InvoiceNo": "536821", "StockCode": "22652", "Description": "TRAVEL SEWING KIT", "Quantity": "1", "InvoiceDate": "02-12-2010 17:17", "UnitPrice": "1.65", "CustomerID": "17757", "Country": "United Kingdom"},
{"InvoiceNo": "536821", "StockCode": "22666", "Description": "RECIPE BOX PANTRY YELLOW DESIGN", "Quantity": "4", "InvoiceDate": "02-12-2010 17:17", "UnitPrice": "2.95", "CustomerID": "17757", "Country": "United Kingdom"},
{"InvoiceNo": "536821", "StockCode": "22667", "Description": "RECIPE BOX RETROSPOT ", "Quantity": "4", "InvoiceDate": "02-12-2010 17:17", "UnitPrice": "2.95", "CustomerID": "17757", "Country": "United Kingdom"},
{"InvoiceNo": "536821", "StockCode": "22867", "Description": "HAND WARMER BIRD DESIGN", "Quantity": "1", "InvoiceDate": "02-12-2010 17:17", "UnitPrice": "2.1", "CustomerID": "17757", "Country": "United Kingdom"},
{"InvoiceNo": "536831", "StockCode": "21928", "Description": "JUMBO BAG SCANDINAVIAN PAISLEY", "Quantity": "100", "InvoiceDate": "02-12-2010 17:40", "UnitPrice": "1.65", "CustomerID": "16029", "Country": "United Kingdom"},
{"InvoiceNo": "536831", "StockCode": "21929", "Description": "JUMBO BAG PINK VINTAGE PAISLEY", "Quantity": "100", "InvoiceDate": "02-12-2010 17:40", "UnitPrice": "1.65", "CustomerID": "16029", "Country": "United Kingdom"},
{"InvoiceNo": "536831", "StockCode": "22207", "Description": "FRYING PAN UNION FLAG", "Quantity": "48", "InvoiceDate": "02-12-2010 17:40", "UnitPrice": "3.75", "CustomerID": "16029", "Country": "United Kingdom"},
{"InvoiceNo": "536831", "StockCode": "84880", "Description": "WHITE WIRE EGG HOLDER", "Quantity": "12", "InvoiceDate": "02-12-2010 17:40", "UnitPrice": "4.95", "CustomerID": "16029", "Country": "United Kingdom"},
{"InvoiceNo": "536841", "StockCode": "20724", "Description": "RED RETROSPOT CHARLOTTE BAG", "Quantity": "10", "InvoiceDate": "02-12-2010 18:27", "UnitPrice": "0.85", "CustomerID": "16150", "Country": "United Kingdom"},
{"InvoiceNo": "536841", "StockCode": "21143", "Description": "ANTIQUE GLASS HEART DECORATION ", "Quantity": "12", "InvoiceDate": "02-12-2010 18:27", "UnitPrice": "1.95", "CustomerID": "16150", "Country": "United Kingdom"},
{"InvoiceNo": "536841", "StockCode": "21260", "Description": "FIRST AID TIN", "Quantity": "6", "InvoiceDate": "02-12-2010 18:27", "UnitPrice": "3.25", "CustomerID": "16150", "Country": "United Kingdom"},
{"InvoiceNo": "536841", "StockCode": "21428", "Description": "SET3 BOOK BOX GREEN GINGHAM FLOWER ", "Quantity": "4", "InvoiceDate": "02-12-2010 18:27", "UnitPrice": "4.25", "CustomerID": "16150", "Country": "United Kingdom"},
{"InvoiceNo": "536841", "StockCode": "21429", "Description": "RED GINGHAM ROSE JEWELLERY BOX", "Quantity": "8", "InvoiceDate": "02-12-2010 18:27", "UnitPrice": "1.65", "CustomerID": "16150", "Country": "United Kingdom"},
{"InvoiceNo": "536841", "StockCode": "21430", "Description": "SET/3 RED GINGHAM ROSE STORAGE BOX", "Quantity": "4", "InvoiceDate": "02-12-2010 18:27", "UnitPrice": "3.75", "CustomerID": "16150", "Country": "United Kingdom"},
{"InvoiceNo": "536841", "StockCode": "22077", "Description": "6 RIBBONS RUSTIC CHARM", "Quantity": "12", "InvoiceDate": "02-12-2010 18:27", "UnitPrice": "1.65", "CustomerID": "16150", "Country": "United Kingdom"},
{"InvoiceNo": "536841", "StockCode": "22169", "Description": "FAMILY ALBUM WHITE PICTURE FRAME", "Quantity": "2", "InvoiceDate": "02-12-2010 18:27", "UnitPrice": "8.5", "CustomerID": "16150", "Country": "United Kingdom"},
{"InvoiceNo": "536841", "StockCode": "22170", "Description": "PICTURE FRAME WOOD TRIPLE PORTRAIT", "Quantity": "4", "InvoiceDate": "02-12-2010 18:27", "UnitPrice": "6.75", "CustomerID": "16150", "Country": "United Kingdom"},
{"InvoiceNo": "536841", "StockCode": "22171", "Description": "3 HOOK PHOTO SHELF ANTIQUE WHITE", "Quantity": "2", "InvoiceDate": "02-12-2010 18:27", "UnitPrice": "8.5", "CustomerID": "16150", "Country": "United Kingdom"},
{"InvoiceNo": "536841", "StockCode": "22356", "Description": "CHARLOTTE BAG PINK POLKADOT", "Quantity": "10", "InvoiceDate": "02-12-2010 18:27", "UnitPrice": "0.85", "CustomerID": "16150", "Country": "United Kingdom"},
{"InvoiceNo": "536841", "StockCode": "22469", "Description": "HEART OF WICKER SMALL", "Quantity": "12", "InvoiceDate": "02-12-2010 18:27", "UnitPrice": "1.65", "CustomerID": "16150", "Country": "United Kingdom"},
{"InvoiceNo": "536841", "StockCode": "22470", "Description": "HEART OF WICKER LARGE", "Quantity": "6", "InvoiceDate": "02-12-2010 18:27", "UnitPrice": "2.95", "CustomerID": "16150", "Country": "United Kingdom"},
{"InvoiceNo": "536841", "StockCode": "22759", "Description": "SET OF 3 NOTEBOOKS IN PARCEL", "Quantity": "12", "InvoiceDate": "02-12-2010 18:27", "UnitPrice": "1.65", "CustomerID": "16150", "Country": "United Kingdom"},
{"InvoiceNo": "536841", "StockCode": "22766", "Description": "PHOTO FRAME CORNICE", "Quantity": "8", "InvoiceDate": "02-12-2010 18:27", "UnitPrice": "2.95", "CustomerID": "16150", "Country": "United Kingdom"},
{"InvoiceNo": "536841", "StockCode": "22768", "Description": "FAMILY PHOTO FRAME CORNICE", "Quantity": "4", "InvoiceDate": "02-12-2010 18:27", "UnitPrice": "9.95", "CustomerID": "16150", "Country": "United Kingdom"},
{"InvoiceNo": "536841", "StockCode": "22771", "Description": "CLEAR DRAWER KNOB ACRYLIC EDWARDIAN", "Quantity": "12", "InvoiceDate": "02-12-2010 18:27", "UnitPrice": "1.25", "CustomerID": "16150", "Country": "United Kingdom"},
{"InvoiceNo": "536841", "StockCode": "22772", "Description": "PINK DRAWER KNOB ACRYLIC EDWARDIAN", "Quantity": "12", "InvoiceDate": "02-12-2010 18:27", "UnitPrice": "1.25", "CustomerID": "16150", "Country": "United Kingdom"},
{"InvoiceNo": "536841", "StockCode": "22775", "Description": "PURPLE DRAWERKNOB ACRYLIC EDWARDIAN", "Quantity": "12", "InvoiceDate": "02-12-2010 18:27", "UnitPrice": "1.25", "CustomerID": "16150", "Country": "United Kingdom"},
{"InvoiceNo": "536841", "StockCode": "22969", "Description": "HOMEMADE JAM SCENTED CANDLES", "Quantity": "12", "InvoiceDate": "02-12-2010 18:27", "UnitPrice": "1.45", "CustomerID": "16150", "Country": "United Kingdom"},
{"InvoiceNo": "536841", "StockCode": "84879", "Description": "ASSORTED COLOUR BIRD ORNAMENT", "Quantity": "8", "InvoiceDate": "02-12-2010 18:27", "UnitPrice": "1.69", "CustomerID": "16150", "Country": "United Kingdom"},
{"InvoiceNo": "536841", "StockCode": "85064", "Description": "CREAM SWEETHEART LETTER RACK", "Quantity": "2", "InvoiceDate": "02-12-2010 18:27", "UnitPrice": "5.45", "CustomerID": "16150", "Country": "United Kingdom"}
]