[{"InvoiceNo": "536603", "StockCode": "22632", "Description": "HAND WARMER RED POLKA DOT", "Quantity": "6", "InvoiceDate": "02-12-2010 8:40", "UnitPrice": "1.85", "CustomerID": "17850", "Country": "United Kingdom"},
{"InvoiceNo": "536603", "StockCode": "22633", "Description": "HAND WARMER UNION JACK", "Quantity": "6", "InvoiceDate": "02-12-2010 8:40", "UnitPrice": "1.85", "CustomerID": "17850", "Country": "United Kingdom"},
{"InvoiceNo": "536613", "StockCode": "21360", "Description": "JOY LARGE WOOD LETTERS", "Quantity": "1", "InvoiceDate": "02-12-2010 9:44", "UnitPrice": "9.95", "CustomerID": "17855", "Country": "United Kingdom"},
{"InvoiceNo": "536613", "StockCode": "21790", "Description": "VINTAGE SNAP CARDS", "Quantity": "12", "InvoiceDate": "02-12-2010 9:44", "UnitPrice": "0.85", "CustomerID": "17855", "Country": "United Kingdom"},
{"InvoiceNo": "536613", "StockCode": "21791", "Description": "VINTAGE HEADS AND TAILS CARD GAME ", "Quantity": "12", "InvoiceDate": "02-12-2010 9:44", "UnitPrice": "1.25", "CustomerID": "17855", "Country": "United Kingdom"},
{"InvoiceNo": "536613", "StockCode": "21918", "Description": "SET 12 KIDS COLOUR  CHALK STICKS", "Quantity": "24", "InvoiceDate": "02-12-2010 9:44", "UnitPrice": "0.42", "CustomerID": "17855", "Country": "United Kingdom"},
{"InvoiceNo": "536613", "StockCode": "22029", "Description": "SPACEBOY BIRTHDAY CARD", "Quantity": "12", "InvoiceDate": "02-12-2010 9:44", "UnitPrice": "0.42", "CustomerID": "17855", "Country": "United Kingdom"},
{"InvoiceNo": "536613", "StockCode": "22037", "Description": "ROBOT BIRTHDAY CARD", "Quantity": "12", "InvoiceDate": "02-12-2010 9:44", "UnitPrice": "0.42", "CustomerID": "17855", "Country": "United Kingdom"},
{"InvoiceNo": "536613", "StockCode": "22044", "Description": "CHRISTMAS CARD STACK OF PRESENTS", "Quantity": "12", "InvoiceDate": "02-12-2010 9:44", "UnitPrice": "0.42", "CustomerID": "17855", "Country": "United Kingdom"},
{"InvoiceNo": "536613", "StockCode": "22149", "Description": "FELTCRAFT 6 FLOWER FRIENDS", "Quantity": "6", "InvoiceDate": "02-12-2010 9:44", "UnitPrice": "2.1", "CustomerID": "17855", "Country": "United Kingdom"},
{"InvoiceNo": "536613", "StockCode": "22544", "Description": "MINI JIGSAW SPACEBOY", "Quantity": "24", "InvoiceDate": "02-12-2010 9:44", "UnitPrice": "0.42", "CustomerID": "17855", "Country": "United Kingdom"},
{"InvoiceNo": "536613", "StockCode": "22619", "Description": "SET OF 6 SOLDIER SKITTLES", "Quantity": "8", "InvoiceDate": "02-12-2010 9:44", "UnitPrice": "3.75", "CustomerID": "17855", "Country": "United Kingdom"},
{"InvoiceNo": "536613", "StockCode": "22620", "Description": "4 TRADITIONAL SPINNING TOPS", "Quantity": "12", "InvoiceDate": "02-12-2010 9:44", "UnitPrice": "1.25", "CustomerID": "17855", "Country": "United Kingdom"},
{"InvoiceNo": "536613", "StockCode": "22652", "Description": "TRAVEL SEWING KIT", "Quantity": "10", "InvoiceDate": "02-12-2010 9:44", "UnitPrice": "1.65", "CustomerID": "17855", "Country": "United Kingdom"},
{"InvoiceNo": "536613", "StockCode": "22736", "Description": "RIBBON REEL MAKING SNOWMEN ", "Quantity": "10", "InvoiceDate": "02-12-2010 9:44", "UnitPrice": "1.65", "CustomerID": "17855", "Country": "United Kingdom"},
{"InvoiceNo": "536613", "StockCode": "22818", "Description": "CARD CHRISTMAS VILLAGE", "Quantity": "12", "InvoiceDate": "02-12-2010 9:44", "UnitPrice": "0.42", "CustomerID": "17855", "Country": "United Kingdom"},
{"InvoiceNo": "536613", "StockCode": "22910", "Description": "PAPER CHAIN KIT VINTAGE CHRISTMAS", "Quantity": "6", "InvoiceDate": "02-12-2010 9:44", "UnitPrice": "2.95", "CustomerID": "17855", "Country": "United Kingdom"},
{"InvoiceNo": "536613", "StockCode": "22945", "Description": "CHRISTMAS METAL TAGS ASSORTED ", "Quantity": "12", "InvoiceDate": "02-12-2010 9:44", "UnitPrice": "0.85", "CustomerID": "17855", "Country": "United Kingdom"},
{"InvoiceNo": "536613", "StockCode": "84836", "Description": "ZINC METAL HEART DECORATION", "Quantity": "12", "InvoiceDate": "02-12-2010 9:44", "UnitPrice": "1.25", "CustomerID": "17855", "Country": "United Kingdom"},
{"InvoiceNo": "536623", "StockCode": "21068", "Description": "VINTAGE BILLBOARD LOVE/HATE MUG", "Quantity": "12", "InvoiceDate": "02-12-2010 10:39", "UnitPrice": "1.25", "CustomerID": "15601", "Country": "United Kingdom"},
{"InvoiceNo": "536623", "StockCode": "21069", "Description": "VINTAGE BILLBOARD TEA MUG", "Quantity": "12", "InvoiceDate": "02-12-2010 10:39", "UnitPrice": "1.25", "CustomerID": "15601", "Country": "United Kingdom"},
{"InvoiceNo": "536623", "StockCode": "21070", "Description": "VINTAGE BILLBOARD MUG ", "Quantity": "12", "InvoiceDate": "02-12-2010 10:39", "UnitPrice": "1.25", "CustomerID": "15601", "Country": "United Kingdom"},
{"InvoiceNo": "536623", "StockCode": "21071", "Description": "VINTAGE BILLBOARD DRINK ME MUG", "Quantity": "12", "InvoiceDate": "02-12-2010 10:39", "UnitPrice": "1.25", "CustomerID": "15601", "Country": "United Kingdom"},
{"InvoiceNo": "536623", "StockCode": "21355", "Description": "TOAST ITS - I LOVE YOU ", "Quantity": "24", "InvoiceDate": "02-12-2010 10:39", "UnitPrice": "1.25", "CustomerID": "15601", "Country": "United Kingdom"},
{"InvoiceNo": "536623", "StockCode": "21506", "Description": "FANCY FONT BIRTHDAY CARD, ", "Quantity": "12", "InvoiceDate": "02-12-2010 10:39", "UnitPrice": "0.42", "CustomerID": "15601", "Country": "United Kingdom"},
{"InvoiceNo": "536623", "StockCode": "21518", "Description": "BANK ACCOUNT  GREETING  CARD ", "Quantity": "12", "InvoiceDate": "02-12-2010 10:39", "UnitPrice": "0.42", "CustomerID": "15601", "Country": "United Kingdom"},
{"InvoiceNo": "536623", "StockCode": "21519", "Description": "GIN & TONIC DIET GREETING CARD ", "Quantity": "12", "InvoiceDate": "02-12-2010 10:39", "UnitPrice": "0.42", "CustomerID": "15601", "Country": "United Kingdom"},
{"InvoiceNo": "536623", "StockCode": "21520", "Description": "BOOZE & WOMEN GREETING CARD ", "Quantity": "12", "InvoiceDate": "02-12-2010 10:39", "UnitPrice": "0.42", "CustomerID": "15601", "Country": "United Kingdom"},
{"InvoiceNo": "536623", "StockCode": "21669", "Description": "BLUE STRIPE CERAMIC DRAWER KNOB", "Quantity": "12", "InvoiceDate": "02-12-2010 10:39", "UnitPrice": "1.25", "CustomerID": "15601", "Country": "United Kingdom"},
{"InvoiceNo": "536623", "StockCode": "21670", "Description": "BLUE SPOT CERAMIC DRAWER KNOB", "Quantity": "12", "InvoiceDate": "02-12-2010 10:39", "UnitPrice": "1.25", "CustomerID": "15601", "Country": "United Kingdom"},
{"InvoiceNo": "536623", "StockCode": "21671", "Description": "RED SPOT CERAMIC DRAWER KNOB", "Quantity": "12", "InvoiceDate": "02-12-2010 10:39", "UnitPrice": "1.25", "CustomerID": "15601", "Country": "United Kingdom"},
{"InvoiceNo": "536623", "StockCode": "21672", "Description": "WHITE SPOT RED CERAMIC DRAWER KNOB", "Quantity": "12", "InvoiceDate": "02-12-2010 10:39", "UnitPrice": "1.25", "CustomerID": "15601", "Country": "United Kingdom"},
{"InvoiceNo": "536623", "StockCode": "21673", "Description": "WHITE SPOT BLUE CERAMIC DRAWER KNOB", "Quantity": "12", "InvoiceDate": "02-12-2010 10:39", "UnitPrice": "1.25", "CustomerID": "15601", "Country": "United Kingdom"},
{"InvoiceNo": "536623", "StockCode": "21756", "Description": "BATH BUILDING BLOCK WORD", "Quantity": "6", "InvoiceDate": "02-12-2010 10:39", "UnitPrice": "5.95", "CustomerID": "15601", "Country": "United Kingdom"},
{"InvoiceNo": "536623", "StockCode": "22023", "Description": "EMPIRE BIRTHDAY CARD", "Quantity": "12", "InvoiceDate": "02-12-2010 10:39", "UnitPrice": "0.42", "CustomerID": "15601", "Country": "United Kingdom"},
{"InvoiceNo": "536623", "StockCode": "22027", "Description": "TEA PARTY BIRTHDAY CARD", "Quantity": "12", "InvoiceDate": "02-12-2010 10:39", "UnitPrice": "0.42", "CustomerID": "15601", "Country": "United Kingdom"},
{"InvoiceNo": "536623", "StockCode": "22028", "Description": "PENNY FARTHING BIRTHDAY CARD", "Quantity": "12", "InvoiceDate": "02-12-2010 10:39", "UnitPrice": "0.42", "CustomerID": "15601", "Country": "United Kingdom"},
{"InvoiceNo": "536623", "StockCode": "22029", "Description": "SPACEBOY BIRTHDAY CARD", "Quantity": "12", "InvoiceDate": "02-12-2010 10:39", "UnitPrice": "0.42", "CustomerID": "15601", "Country": "United Kingdom"},
{"InvoiceNo": "536623", "StockCode": "22030", "Description": "SWALLOWS GREETING CARD", "Quantity": "12", "InvoiceDate": "02-12-2010 10:39", "UnitPrice": "0.42", "CustomerID": "15601", "Country": "United Kingdom"},
{"InvoiceNo": "536623", "StockCode": "22037", "Description": "ROBOT BIRTHDAY CARD", "Quantity": "12", "InvoiceDate": "02-12-2010 10:39", "UnitPrice": "0.42", "CustomerID": "15601", "Country": "United Kingdom"},
{"InvoiceNo": "536623", "StockCode": "22245", "Description": "HOOK, 1 HANGER ,MAGIC GARDEN", "Quantity": "24", "InvoiceDate": "02-12-2010 10:39", "UnitPrice": "0.85", "CustomerID": "15601", "Country": "United Kingdom"},
{"InvoiceNo": "536623", "StockCode": "22419", "Description": "LIPSTICK PEN RED", "Quantity": "36", "InvoiceDate": "02-12-2010 10:39", "UnitPrice": "0.42", "CustomerID": "15601", "Country": "United Kingdom"},
{"InvoiceNo": "536623", "StockCode": "22431", "Description": "WATERING CAN BLUE ELEPHANT", "Quantity": "6", "InvoiceDate": "02-12-2010 10:39", "UnitPrice": "1.95", "CustomerID": "15601", "Country": "United Kingdom"},
{"InvoiceNo": "536623", "StockCode": "22432", "Description": "WATERING CAN PINK BUNNY", "Quantity": "6", "InvoiceDate": "02-12-2010 10:39", "UnitPrice": "1.95", "CustomerID": "15601", "Country": "United Kingdom"},
{"InvoiceNo": "536623", "StockCode": "22433", "Description": "WATERING CAN GREEN DINOSAUR", "Quantity": "6", "InvoiceDate": "02-12-2010 10:39", "UnitPrice": "1.95", "CustomerID": "15601", "Country": "United Kingdom"},
{"InvoiceNo": "536623", "StockCode": "22460", "Description": "EMBOSSED GLASS TEALIGHT HOLDER", "Quantity": "24", "InvoiceDate": "02-12-2010 10:39", "UnitPrice": "1.25", "CustomerID": "15601", "Country": "United Kingdom"},
{"InvoiceNo": "536623", "StockCode": "22697", "Description": "GREEN REGENCY TEACUP AND SAUCER", "Quantity": "12", "InvoiceDate": "02-12-2010 10:39", "UnitPrice": "2.95", "CustomerID": "15601", "Country": "United Kingdom"},
{"InvoiceNo": "536623", "StockCode": "22712", "Description": "CARD DOLLY GIRL ", "Quantity": "24", "InvoiceDate": "02-12-2010 10:39", "UnitPrice": "0.42", "CustomerID": "15601", "Country": "United Kingdom"},
{"InvoiceNo": "536623", "StockCode": "22717", "Description": "CARD DOG AND BALL ", "Quantity": "12", "InvoiceDate": "02-12-2010 10:39", "UnitPrice": "0.42", "CustomerID": "15601", "Country": "United Kingdom"},
{"InvoiceNo": "536623", "StockCode": "22718", "Description": "CARD CAT AND TREE ", "Quantity": "24", "InvoiceDate": "02-12-2010 10:39", "UnitPrice": "0.42", "CustomerID": "15601", "Country": "United Kingdom"},
{"InvoiceNo": "536623", "StockCode": "22771", "Description": "CLEAR DRAWER KNOB ACRYLIC EDWARDIAN", "Quantity": "12", "InvoiceDate": "02-12-2010 10:39", "UnitPrice": "1.25", "CustomerID": "15601", "Country": "United Kingdom"},
{"InvoiceNo": "536623", "StockCode": "22772", "Description": "PINK DRAWER KNOB ACRYLIC EDWARDIAN", "Quantity": "12", "InvoiceDate": "02-12-2010 10:39", "UnitPrice": "1.25", "CustomerID": "15601", "Country": "United Kingdom"},
{"InvoiceNo": "536623", "StockCode": "22774", "Description": "RED DRAWER KNOB ACRYLIC EDWARDIAN", "Quantity": "12", "InvoiceDate": "02-12-2010 10:39", "UnitPrice": "1.25", "CustomerID": "15601", "Country": "United Kingdom"},
{"InvoiceNo": "536623", "StockCode": "22775", "Description": "PURPLE DRAWERKNOB ACRYLIC EDWARDIAN", "Quantity": "12", "InvoiceDate": "02-12-2010 10:39", "UnitPrice": "1.25", "CustomerID": "15601", "Country": "United Kingdom"},
{"InvoiceNo": "536623", "StockCode": "22815", "Description": "CARD PSYCHEDELIC APPLES", "Quantity": "24", "InvoiceDate": "02-12-2010 10:39", "UnitPrice": "0.42", "CustomerID": "15601", "Country": "United Kingdom"},
{"InvoiceNo": "536623", "StockCode": "22972", "Description": "CHILDREN'S SPACEBOY MUG", "Quantity": "12", "InvoiceDate": "02-12-2010 10:39", "UnitPrice": "1.65", "CustomerID": "15601", "Country": "United Kingdom"},
{"InvoiceNo": "536623", "StockCode": "22974", "Description": "CHILDRENS DOLLY GIRL MUG", "Quantity": "12", "InvoiceDate": "02-12-2010 10:39", "UnitPrice": "1.65", "CustomerID": "15601", "Country": "United Kingdom"},
{"InvoiceNo": "536623", "StockCode": "22983", "Description": "CARD BILLBOARD FONT", "Quantity": "24", "InvoiceDate": "02-12-2010 10:39", "UnitPrice": "0.42", "CustomerID": "15601", "Country": "United Kingdom"},
{"InvoiceNo": "536623", "StockCode": "48185", "Description": "DOORMAT FAIRY CAKE", "Quantity": "4", "InvoiceDate": "02-12-2010 10:39", "UnitPrice": "7.95", "CustomerID": "15601", "Country": "United Kingdom"},
{"InvoiceNo": "536623", "StockCode": "48187", "Description": "DOORMAT NEW ENGLAND", "Quantity": "4", "InvoiceDate": "02-12-2010 10:39", "UnitPrice": "7.95", "CustomerID": "15601", "Country": "United Kingdom"},
{"InvoiceNo": "536623", "StockCode": "72818", "Description": "CHRISTMAS DECOUPAGE CANDLE", "Quantity": "24", "InvoiceDate": "02-12-2010 10:39", "UnitPrice": "0.85", "CustomerID": "15601", "Country": "United Kingdom"},
{"InvoiceNo": "536623", "StockCode": "82483", "Description": "WOOD 2 DRAWER CABINET WHITE FINISH", "Quantity": "4", "InvoiceDate": "02-12-2010 10:39", "UnitPrice": "5.95", "CustomerID": "15601", "Country": "United Kingdom"},
{"InvoiceNo": "536623", "StockCode": "82486", "Description": "WOOD S/3 CABINET ANT WHITE FINISH", "Quantity": "4", "InvoiceDate": "02-12-2010 10:39", "UnitPrice": "7.95", "CustomerID": "15601", "Country": "United Kingdom"},
{"InvoiceNo": "536623", "StockCode": "84674", "Description": "FLYING PIG WATERING CAN", "Quantity": "6", "InvoiceDate": "02-12-2010 10:39", "UnitPrice": "2.95", "CustomerID": "15601", "Country": "United Kingdom"},
{"InvoiceNo": "536623", "StockCode": "84755", "Description": "COLOUR GLASS T-LIGHT HOLDER HANGING", "Quantity": "32", "InvoiceDate": "02-12-2010 10:39", "UnitPrice": "0.65", "CustomerID": "15601", "Country": "United Kingdom"},
{"InvoiceNo": "536623", "StockCode": "82494L", "Description": "WOODEN FRAME ANTIQUE WHITE ", "Quantity": "12", "InvoiceDate": "02-12-2010 10:39", "UnitPrice": "2.95", "CustomerID": "15601", "Country": "United Kingdom"},
{"InvoiceNo": "536623", "StockCode": "84970L", "Description": "SINGLE HEART ZINC T-LIGHT HOLDER", "Quantity": "24", "InvoiceDate": "02-12-2010 10:39", "UnitPrice": "0.95", "CustomerID": "15601", "Country": "United Kingdom"},
{"InvoiceNo": "536633", "StockCode": "22086", "Description": "PAPER CHAIN KIT 50'S CHRISTMAS ", "Quantity": "10", "InvoiceDate": "02-12-2010 11:20", "UnitPrice": "2.95", "CustomerID": "14901", "Country": "United Kingdom"},
{"InvoiceNo": "536633", "StockCode": "22301", "Description": "COFFEE MUG CAT + BIRD DESIGN", "Quantity": "1", "InvoiceDate": "02-12-2010 11:20", "UnitPrice": "2.55", "CustomerID": "14901", "Country": "United Kingdom"},
{"InvoiceNo": "536633", "StockCode": "22446", "Description": "PIN CUSHION BABUSHKA PINK", "Quantity": "3", "InvoiceDate": "02-12-2010 11:20", "UnitPrice": "3.35", "CustomerID": "14901", "Country": "United Kingdom"},
{"InvoiceNo": "536633", "StockCode": "22728", "Description": "ALARM CLOCK BAKELIKE PINK", "Quantity": "4", "InvoiceDate": "02-12-2010 11:20", "UnitPrice": "3.75", "CustomerID": "14901", "Country": "United Kingdom"},
{"InvoiceNo": "536633", "StockCode": "22730", "Description": "ALARM CLOCK BAKELIKE IVORY", "Quantity": "4", "InvoiceDate": "02-12-2010 11:20", "UnitPrice": "3.75", "CustomerID": "14901", "Country": "United Kingdom"},
{"InvoiceNo": "536633", "StockCode": "22832", "Description": "BROCANTE SHELF WITH HOOKS", "Quantity": "4", "InvoiceDate": "02-12-2010 11:20", "UnitPrice": "10.75", "CustomerID": "14901", "Country": "United Kingdom"},
{"InvoiceNo": "536633", "StockCode": "22909", "Description": "SET OF 20 VINTAGE CHRISTMAS NAPKINS", "Quantity": "24", "InvoiceDate": "02-12-2010 11:20", "UnitPrice": "0.85", "CustomerID": "14901", "Country": "United Kingdom"},
{"InvoiceNo": "536633", "StockCode": "22916", "Description": "HERB MARKER THYME", "Quantity": "2", "InvoiceDate": "02-12-2010 11:20", "UnitPrice": "0.65", "CustomerID": "14901", "Country": "United Kingdom"},
{"InvoiceNo": "536633", "StockCode": "22917", "Description": "HERB MARKER ROSEMARY", "Quantity": "2", "InvoiceDate": "02-12-2010 11:20", "UnitPrice": "0.65", "CustomerID": "14901", "Country": "United Kingdom"},
{"InvoiceNo": "536633", "StockCode": "22918", "Description": "HERB MARKER PARSLEY", "Quantity": "2", "InvoiceDate": "02-12-2010 11:20", "UnitPrice": "0.65", "CustomerID": "14901", "Country": "United Kingdom"},
{"InvoiceNo": "536633", "StockCode": "22919", "Description": "HERB MARKER MINT", "Quantity": "2", "InvoiceDate": "02-12-2010 11:20", "UnitPrice": "0.65", "CustomerID": "14901", "Country": "United Kingdom"},
{"InvoiceNo": "536633", "StockCode": "22920", "Description": "HERB MARKER BASIL", "Quantity": "2", "InvoiceDate": "02-12-2010 11:20", "UnitPrice": "0.65", "CustomerID": "14901", "Country": "United Kingdom"},
{"InvoiceNo": "536633", "StockCode": "22921", "Description": "HERB MARKER CHIVES ", "Quantity": "2", "InvoiceDate": "02-12-2010 11:20", "UnitPrice": "0.65", "CustomerID": "14901", "Country": "United Kingdom"},
{"InvoiceNo": "536633", "StockCode": "22926", "Description": "IVORY GIANT GARDEN THERMOMETER", "Quantity": "1", "InvoiceDate": "02-12-2010 11:20", "UnitPrice": "5.95", "CustomerID": "14901", "Country": "United Kingdom"},
{"InvoiceNo": "536633", "StockCode": "22952", "Description": "60 CAKE CASES VINTAGE CHRISTMAS", "Quantity": "24", "InvoiceDate": "02-12-2010 11:20", "UnitPrice": "0.55", "CustomerID": "14901", "Country": "United Kingdom"},
{"InvoiceNo": "536633", "StockCode": "22960", "Description": "JAM MAKING SET WITH JARS", "Quantity": "6", "InvoiceDate": "02-12-2010 11:20", "UnitPrice": "4.25", "CustomerID": "14901", "Country": "United Kingdom"},
{"InvoiceNo": "536633", "StockCode": "22961", "Description": "JAM MAKING SET PRINTED", "Quantity": "6", "InvoiceDate": "02-12-2010 11:20", "UnitPrice": "1.45", "CustomerID": "14901", "Country": "United Kingdom"},
{"InvoiceNo": "536633", "StockCode": "84380", "Description": "SET OF 3 BUTTERFLY COOKIE CUTTERS", "Quantity": "6", "InvoiceDate": "02-12-2010 11:20", "UnitPrice": "1.25", "CustomerID": "14901", "Country": "United Kingdom"},
{"InvoiceNo": "536643", "StockCode": "20723", "Description": "STRAWBERRY CHARLOTTE BAG", "Quantity": "1", "InvoiceDate": "02-12-2010 11:57", "UnitPrice": "0.85", "CustomerID": "14390", "Country": "United Kingdom"},
{"InvoiceNo": "536643", "StockCode": "20967", "Description": "GREY FLORAL FELTCRAFT SHOULDER BAG", "Quantity": "2", "InvoiceDate": "02-12-2010 11:57", "UnitPrice": "3.75", "CustomerID": "14390", "Country": "United Kingdom"},
{"InvoiceNo": "536643", "StockCode": "20969", "Description": "RED FLORAL FELTCRAFT SHOULDER BAG", "Quantity": "2", "InvoiceDate": "02-12-2010 11:57", "UnitPrice": "3.75", "CustomerID": "14390", "Country": "United Kingdom"},
{"InvoiceNo": "536643", "StockCode": "20970", "Description": "PINK FLORAL FELTCRAFT SHOULDER BAG", "Quantity": "1", "InvoiceDate": "02-12-2010 11:57", "UnitPrice": "3.75", "CustomerID": "14390", "Country": "United Kingdom"},
{"InvoiceNo": "536643", "StockCode": "21479", "Description": "WHITE SKULL HOT WATER BOTTLE ", "Quantity": "2", "InvoiceDate": "02-12-2010 11:57", "UnitPrice": "3.75", "CustomerID": "14390", "Country": "United Kingdom"},
{"InvoiceNo": "536643", "StockCode": "21870", "Description": "I CAN ONLY PLEASE ONE PERSON MUG", "Quantity": "1", "InvoiceDate": "02-12-2010 11:57", "UnitPrice": "1.25", "CustomerID": "14390", "Country": "United Kingdom"},
{"InvoiceNo": "536643", "StockCode": "22110", "Description": "BIRD HOUSE HOT WATER BOTTLE", "Quantity": "4", "InvoiceDate": "02-12-2010 11:57", "UnitPrice": "2.55", "CustomerID": "14390", "Country": "United Kingdom"},
{"InvoiceNo": "536643", "StockCode": "22112", "Description": "CHOCOLATE HOT WATER BOTTLE", "Quantity": "6", "InvoiceDate": "02-12-2010 11:57", "UnitPrice": "4.95", "CustomerID": "14390", "Country": "United Kingdom"},
{"InvoiceNo": "536643", "StockCode": "22371", "Description": "AIRLINE BAG VINTAGE TOKYO 78", "Quantity": "1", "InvoiceDate": "02-12-2010 11:57", "UnitPrice": "4.25", "CustomerID": "14390", "Country": "United Kingdom"},
{"InvoiceNo": "536643", "StockCode": "22372", "Description": "AIRLINE BAG VINTAGE WORLD CHAMPION ", "Quantity": "2", "InvoiceDate": "02-12-2010 11:57", "UnitPrice": "4.25", "CustomerID": "14390", "Country": "United Kingdom"},
{"InvoiceNo": "536643", "StockCode": "22374", "Description": "AIRLINE BAG VINTAGE JET SET RED", "Quantity": "2", "InvoiceDate": "02-12-2010 11:57", "UnitPrice": "4.25", "CustomerID": "14390", "Country": "United Kingdom"},
{"InvoiceNo": "536643", "StockCode": "22375", "Description": "AIRLINE BAG VINTAGE JET SET BROWN", "Quantity": "2", "InvoiceDate": "02-12-2010 11:57", "UnitPrice": "4.25", "CustomerID": "14390", "Country": "United Kingdom"},
{"InvoiceNo": "536643", "StockCode": "22385", "Description": "JUMBO BAG SPACEBOY DESIGN", "Quantity": "4", "InvoiceDate": "02-12-2010 11:57", "UnitPrice": "1.95", "CustomerID": "14390", "Country": "United Kingdom"},
{"InvoiceNo": "536643", "StockCode": "22418", "Description": "10 COLOUR SPACEBOY PEN", "Quantity": "2", "InvoiceDate": "02-12-2010 11:57", "UnitPrice": "0.85", "CustomerID": "14390", "Country": "United Kingdom"},
{"InvoiceNo": "536643", "StockCode": "22578", "Description": "WOODEN STAR CHRISTMAS SCANDINAVIAN", "Quantity": "5", "InvoiceDate": "02-12-2010 11:57", "UnitPrice": "0.85", "CustomerID": "14390", "Country": "United Kingdom"},
{"InvoiceNo": "536643", "StockCode": "22579", "Description": "WOODEN TREE CHRISTMAS SCANDINAVIAN", "Quantity": "6", "InvoiceDate": "02-12-2010 11:57", "UnitPrice": "0.85", "CustomerID": "14390", "Country": "United Kingdom"},
{"InvoiceNo": "536643", "StockCode": "22634", "Description": "CHILDS BREAKFAST SET SPACEBOY ", "Quantity": "2", "InvoiceDate": "02-12-2010 11:57", "UnitPrice": "9.95", "CustomerID": "14390", "Country": "United Kingdom"},
{"InvoiceNo": "536643", "StockCode": "22650", "Description": "CERAMIC PIRATE CHEST MONEY BANK", "Quantity": "4", "InvoiceDate": "02-12-2010 11:57", "UnitPrice": "1.45", "CustomerID": "14390", "Country": "United Kingdom"},
{"InvoiceNo": "536643", "StockCode": "22662", "Description": "LUNCH BAG DOLLY GIRL DESIGN", "Quantity": "2", "InvoiceDate": "02-12-2010 11:57", "UnitPrice": "1.65", "CustomerID": "14390", "Country": "United Kingdom"},
{"InvoiceNo": "536643", "StockCode": "22663", "Description": "JUMBO BAG DOLLY GIRL DESIGN", "Quantity": "2", "InvoiceDate": "02-12-2010 11:57", "UnitPrice": "1.95", "CustomerID": "14390", "Country": "United Kingdom"},
{"InvoiceNo": "536643", "StockCode": "84997A", "Description": "GREEN 3 PIECE POLKADOT CUTLERY SET", "Quantity": "3", "InvoiceDate": "02-12-2010 11:57", "UnitPrice": "3.75", "CustomerID": "14390", "Country": "United Kingdom"},
{"InvoiceNo": "536643", "StockCode": "84997B", "Description": "RED 3 PIECE RETROSPOT CUTLERY SET", "Quantity": "3", "InvoiceDate": "02-12-2010 11:57", "UnitPrice": "3.75", "CustomerID": "14390", "Country": "United Kingdom"},
{"InvoiceNo": "536643", "StockCode": "84997C", "Description": "BLUE 3 PIECE POLKADOT CUTLERY SET", "Quantity": "2", "InvoiceDate": "02-12-2010 11:57", "UnitPrice": "3.75", "CustomerID": "14390", "Country": "United Kingdom"},
{"InvoiceNo": "536643", "StockCode": "84997D", "Description": "PINK 3 PIECE POLKADOT CUTLERY SET", "Quantity": "7", "InvoiceDate": "02-12-2010 11:57", "UnitPrice": "3.75", "CustomerID": "14390", "Country": "United Kingdom"},
{"InvoiceNo": "536643", "StockCode": "85099B", "Description": "JUMBO BAG RED RETROSPOT", "Quantity": "2", "InvoiceDate": "02-12-2010 11:57", "UnitPrice": "1.95", "CustomerID": "14390", "Country": "United Kingdom"},
{"InvoiceNo": "536643", "StockCode": "85099B", "Description": "JUMBO BAG RED RETROSPOT", "Quantity": "3", "InvoiceDate": "02-12-2010 11:57", "UnitPrice": "1.95", "CustomerID": "14390", "Country": "United Kingdom"},
{"InvoiceNo": "536643", "StockCode": "85136A", "Description": "YELLOW SHARK HELICOPTER", "Quantity": "1", "InvoiceDate": "02-12-2010 11:57", "UnitPrice": "7.95", "CustomerID": "14390", "Country": "United Kingdom"},
{"InvoiceNo": "536663", "StockCode": "22632", "Description": "HAND WARMER RED RETROSPOT", "Quantity": "24", "InvoiceDate": "02-12-2010 12:07", "UnitPrice": "2.1", "CustomerID": "16546", "Country": "United Kingdom"},
{"InvoiceNo": "536663", "StockCode": "22633", "Description": "HAND WARMER UNION JACK", "Quantity": "24", "InvoiceDate": "02-12-2010 12:07", "UnitPrice": "2.1", "CustomerID": "16546", "Country": "United Kingdom"},
{"InvoiceNo": "536663", "StockCode": "22737", "Description": "RIBBON REEL CHRISTMAS PRESENT ", "Quantity": "20", "InvoiceDate": "02-12-2010 12:07", "UnitPrice": "1.65", "CustomerID": "16546", "Country": "United Kingdom"},
{"InvoiceNo": "536663", "StockCode": "22867", "Description": "HAND WARMER BIRD DESIGN", "Quantity": "24", "InvoiceDate": "02-12-2010 12:07", "UnitPrice": "2.1", "CustomerID": "16546", "Country": "United Kingdom"},
{"InvoiceNo": "536663", "StockCode": "22910", "Description": "PAPER CHAIN KIT VINTAGE CHRISTMAS", "Quantity": "40", "InvoiceDate": "02-12-2010 12:07", "UnitPrice": "2.55", "CustomerID": "16546", "Country": "United Kingdom"},
{"InvoiceNo": "536663", "StockCode": "22952", "Description": "60 CAKE CASES VINTAGE CHRISTMAS", "Quantity": "24", "InvoiceDate": "02-12-2010 12:07", "UnitPrice": "0.55", "CustomerID": "16546", "Country": "United Kingdom"},
{"InvoiceNo": "536673", "StockCode": "21014", "Description": "SWISS CHALET TREE DECORATION ", "Quantity": "60", "InvoiceDate": "02-12-2010 12:11", "UnitPrice": "0.85", "CustomerID": "14060", "Country": "United Kingdom"},
{"InvoiceNo": "536673", "StockCode": "21791", "Description": "VINTAGE HEADS AND TAILS CARD GAME ", "Quantity": "36", "InvoiceDate": "02-12-2010 12:11", "UnitPrice": "1.25", "CustomerID": "14060", "Country": "United Kingdom"},
{"InvoiceNo": "536673", "StockCode": "21801", "Description": "CHRISTMAS TREE DECORATION WITH BELL", "Quantity": "36", "InvoiceDate": "02-12-2010 12:11", "UnitPrice": "0.42", "CustomerID": "14060", "Country": "United Kingdom"},
{"InvoiceNo": "536673", "StockCode": "21803", "Description": "CHRISTMAS TREE STAR DECORATION", "Quantity": "36", "InvoiceDate": "02-12-2010 12:11", "UnitPrice": "0.42", "CustomerID": "14060", "Country": "United Kingdom"},
{"InvoiceNo": "536673", "StockCode": "22491", "Description": "PACK OF 12 COLOURED PENCILS", "Quantity": "48", "InvoiceDate": "02-12-2010 12:11", "UnitPrice": "0.85", "CustomerID": "14060", "Country": "United Kingdom"},
{"InvoiceNo": "536673", "StockCode": "22909", "Description": "SET OF 20 VINTAGE CHRISTMAS NAPKINS", "Quantity": "96", "InvoiceDate": "02-12-2010 12:11", "UnitPrice": "0.64", "CustomerID": "14060", "Country": "United Kingdom"},
{"InvoiceNo": "536673", "StockCode": "40016", "Description": "CHINESE DRAGON PAPER LANTERNS", "Quantity": "144", "InvoiceDate": "02-12-2010 12:11", "UnitPrice": "0.42", "CustomerID": "14060", "Country": "United Kingdom"},
{"InvoiceNo": "536673", "StockCode": "72816", "Description": "SET/3 CHRISTMAS DECOUPAGE CANDLES", "Quantity": "48", "InvoiceDate": "02-12-2010 12:11", "UnitPrice": "1.06", "CustomerID": "14060", "Country": "United Kingdom"},
{"InvoiceNo": "536693", "StockCode": "22632", "Description": "HAND WARMER RED POLKA DOT", "Quantity": "6", "InvoiceDate": "02-12-2010 12:26", "UnitPrice": "1.85", "CustomerID": "17850", "Country": "United Kingdom"},
{"InvoiceNo": "536693", "StockCode": "22633", "Description": "HAND WARMER UNION JACK", "Quantity": "6", "InvoiceDate": "02-12-2010 12:26", "UnitPrice": "1.85", "CustomerID": "17850", "Country": "United Kingdom"},
{"InvoiceNo": "536733", "StockCode": "20677", "Description": "PINK POLKADOT BOWL", "Quantity": "8", "InvoiceDate": "02-12-2010 12:50", "UnitPrice": "1.25", "CustomerID": "15738", "Country": "United Kingdom"},
{"InvoiceNo": "536733", "StockCode": "20914", "Description": "SET/5 RED RETROSPOT LID GLASS BOWLS", "Quantity": "6", "InvoiceDate": "02-12-2010 12:50", "UnitPrice": "2.95", "CustomerID": "15738", "Country": "United Kingdom"},
{"InvoiceNo": "536733", "StockCode": "20974", "Description": "12 PENCILS SMALL TUBE SKULL", "Quantity": "24", "InvoiceDate": "02-12-2010 12:50", "UnitPrice": "0.65", "CustomerID": "15738", "Country": "United Kingdom"},
{"InvoiceNo": "536733", "StockCode": "20975", "Description": "12 PENCILS SMALL TUBE RED RETROSPOT", "Quantity": "24", "InvoiceDate": "02-12-2010 12:50", "UnitPrice": "0.65", "CustomerID": "15738", "Country": "United Kingdom"},
{"InvoiceNo": "536733", "StockCode": "21080", "Description": "SET/20 RED RETROSPOT PAPER NAPKINS ", "Quantity": "24", "InvoiceDate": "02-12-2010 12:50", "UnitPrice": "0.85", "CustomerID": "15738", "Country": "United Kingdom"},
{"InvoiceNo": "536733", "StockCode": "21086", "Description": "SET/6 RED SPOTTY PAPER CUPS", "Quantity": "36", "InvoiceDate": "02-12-2010 12:50", "UnitPrice": "0.65", "CustomerID": "15738", "Country": "United Kingdom"},
{"InvoiceNo": "536733", "StockCode": "21094", "Description": "SET/6 RED SPOTTY PAPER PLATES", "Quantity": "60", "InvoiceDate": "02-12-2010 12:50", "UnitPrice": "0.85", "CustomerID": "15738", "Country": "United Kingdom"},
{"InvoiceNo": "536733", "StockCode": "21206", "Description": "STRAWBERRY HONEYCOMB  GARLAND ", "Quantity": "12", "InvoiceDate": "02-12-2010 12:50", "UnitPrice": "1.65", "CustomerID": "15738", "Country": "United Kingdom"},
{"InvoiceNo": "536733", "StockCode": "22083", "Description": "PAPER CHAIN KIT RETROSPOT", "Quantity": "6", "InvoiceDate": "02-12-2010 12:50", "UnitPrice": "2.95", "CustomerID": "15738", "Country": "United Kingdom"},
{"InvoiceNo": "536733", "StockCode": "22333", "Description": "RETROSPOT PARTY BAG + STICKER SET", "Quantity": "16", "InvoiceDate": "02-12-2010 12:50", "UnitPrice": "1.65", "CustomerID": "15738", "Country": "United Kingdom"},
{"InvoiceNo": "536733", "StockCode": "84375", "Description": "SET OF 20 KIDS COOKIE CUTTERS", "Quantity": "12", "InvoiceDate": "02-12-2010 12:50", "UnitPrice": "2.1", "CustomerID": "15738", "Country": "United Kingdom"},
{"InvoiceNo": "536733", "StockCode": "47590B", "Description": "PINK HAPPY BIRTHDAY BUNTING", "Quantity": "9", "InvoiceDate": "02-12-2010 12:50", "UnitPrice": "5.45", "CustomerID": "15738", "Country": "United Kingdom"},
{"InvoiceNo": "536733", "StockCode": "47599A", "Description": "PINK PARTY BAGS", "Quantity": "12", "InvoiceDate": "02-12-2010 12:50", "UnitPrice": "2.1", "CustomerID": "15738", "Country": "United Kingdom"},
{"InvoiceNo": "536733", "StockCode": "47599B", "Description": "BLUE PARTY BAGS ", "Quantity": "6", "InvoiceDate": "02-12-2010 12:50", "UnitPrice": "2.1", "CustomerID": "15738", "Country": "United Kingdom"},
{"InvoiceNo": "536743", "StockCode": "16012", "Description": "FOOD/DRINK SPONGE STICKERS", "Quantity": "24", "InvoiceDate": "02-12-2010 13:32", "UnitPrice": "0.21", "CustomerID": "17964", "Country": "United Kingdom"},
{"InvoiceNo": "536743", "StockCode": "20828", "Description": "GLITTER BUTTERFLY CLIPS", "Quantity": "2", "InvoiceDate": "02-12-2010 13:32", "UnitPrice": "2.55", "CustomerID": "17964", "Country": "United Kingdom"},
{"InvoiceNo": "536743", "StockCode": "20984", "Description": "12 PENCILS TALL TUBE POSY", "Quantity": "2", "InvoiceDate": "02-12-2010 13:32", "UnitPrice": "0.85", "CustomerID": "17964", "Country": "United Kingdom"},
{"InvoiceNo": "536743", "StockCode": "21465", "Description": "PINK FLOWER CROCHET FOOD COVER", "Quantity": "1", "InvoiceDate": "02-12-2010 13:32", "UnitPrice": "3.75", "CustomerID": "17964", "Country": "United Kingdom"},
{"InvoiceNo": "536743", "StockCode": "21470", "Description": "FLOWER VINE RAFFIA FOOD COVER", "Quantity": "1", "InvoiceDate": "02-12-2010 13:32", "UnitPrice": "3.75", "CustomerID": "17964", "Country": "United Kingdom"},
{"InvoiceNo": "536743", "StockCode": "21623", "Description": "VINTAGE UNION JACK MEMOBOARD", "Quantity": "2", "InvoiceDate": "02-12-2010 13:32", "UnitPrice": "9.95", "CustomerID": "17964", "Country": "United Kingdom"},
{"InvoiceNo": "536743", "StockCode": "21731", "Description": "RED TOADSTOOL LED NIGHT LIGHT", "Quantity": "3", "InvoiceDate": "02-12-2010 13:32", "UnitPrice": "1.65", "CustomerID": "17964", "Country": "United Kingdom"},
{"InvoiceNo": "536743", "StockCode": "21830", "Description": "ASSORTED CREEPY CRAWLIES", "Quantity": "48", "InvoiceDate": "02-12-2010 13:32", "UnitPrice": "0.42", "CustomerID": "17964", "Country": "United Kingdom"},
{"InvoiceNo": "536743", "StockCode": "21849", "Description": "SILVER DIAMANTE PEN IN GIFT BOX", "Quantity": "1", "InvoiceDate": "02-12-2010 13:32", "UnitPrice": "4.95", "CustomerID": "17964", "Country": "United Kingdom"},
{"InvoiceNo": "536743", "StockCode": "21851", "Description": "LILAC DIAMANTE PEN IN GIFT BOX", "Quantity": "1", "InvoiceDate": "02-12-2010 13:32", "UnitPrice": "4.95", "CustomerID": "17964", "Country": "United Kingdom"},
{"InvoiceNo": "536743", "StockCode": "21889", "Description": "WOODEN BOX OF DOMINOES", "Quantity": "1", "InvoiceDate": "02-12-2010 13:32", "UnitPrice": "1.25", "CustomerID": "17964", "Country": "United Kingdom"},
{"InvoiceNo": "536743", "StockCode": "21914", "Description": "BLUE HARMONICA IN BOX ", "Quantity": "1", "InvoiceDate": "02-12-2010 13:32", "UnitPrice": "1.25", "CustomerID": "17964", "Country": "United Kingdom"},
{"InvoiceNo": "536743", "StockCode": "21918", "Description": "SET 12 KIDS COLOUR  CHALK STICKS", "Quantity": "1", "InvoiceDate": "02-12-2010 13:32", "UnitPrice": "0.42", "CustomerID": "17964", "Country": "United Kingdom"},
{"InvoiceNo": "536743", "StockCode": "22045", "Description": "SPACEBOY GIFT WRAP", "Quantity": "25", "InvoiceDate": "02-12-2010 13:32", "UnitPrice": "0.42", "CustomerID": "17964", "Country": "United Kingdom"},
{"InvoiceNo": "536743", "StockCode": "22436", "Description": "12 COLOURED PARTY BALLOONS", "Quantity": "10", "InvoiceDate": "02-12-2010 13:32", "UnitPrice": "0.65", "CustomerID": "17964", "Country": "United Kingdom"},
{"InvoiceNo": "536743", "StockCode": "22551", "Description": "PLASTERS IN TIN SPACEBOY", "Quantity": "1", "InvoiceDate": "02-12-2010 13:32", "UnitPrice": "1.65", "CustomerID": "17964", "Country": "United Kingdom"},
{"InvoiceNo": "536743", "StockCode": "22554", "Description": "PLASTERS IN TIN WOODLAND ANIMALS", "Quantity": "2", "InvoiceDate": "02-12-2010 13:32", "UnitPrice": "1.65", "CustomerID": "17964", "Country": "United Kingdom"},
{"InvoiceNo": "536743", "StockCode": "22622", "Description": "BOX OF VINTAGE ALPHABET BLOCKS", "Quantity": "2", "InvoiceDate": "02-12-2010 13:32", "UnitPrice": "9.95", "CustomerID": "17964", "Country": "United Kingdom"},
{"InvoiceNo": "536743", "StockCode": "22653", "Description": "BUTTON BOX ", "Quantity": "2", "InvoiceDate": "02-12-2010 13:32", "UnitPrice": "1.95", "CustomerID": "17964", "Country": "United Kingdom"},
{"InvoiceNo": "536743", "StockCode": "22654", "Description": "DELUXE SEWING KIT ", "Quantity": "5", "InvoiceDate": "02-12-2010 13:32", "UnitPrice": "5.95", "CustomerID": "17964", "Country": "United Kingdom"},
{"InvoiceNo": "536743", "StockCode": "22729", "Description": "ALARM CLOCK BAKELIKE ORANGE", "Quantity": "1", "InvoiceDate": "02-12-2010 13:32", "UnitPrice": "3.75", "CustomerID": "17964", "Country": "United Kingdom"},
{"InvoiceNo": "536743", "StockCode": "22745", "Description": "POPPY'S PLAYHOUSE BEDROOM ", "Quantity": "1", "InvoiceDate": "02-12-2010 13:32", "UnitPrice": "2.1", "CustomerID": "17964", "Country": "United Kingdom"},
{"InvoiceNo": "536743", "StockCode": "22746", "Description": "POPPY'S PLAYHOUSE LIVINGROOM ", "Quantity": "1", "InvoiceDate": "02-12-2010 13:32", "UnitPrice": "2.1", "CustomerID": "17964", "Country": "United Kingdom"},
{"InvoiceNo": "536743", "StockCode": "22785", "Description": "SQUARECUSHION COVER PINK UNION FLAG", "Quantity": "2", "InvoiceDate": "02-12-2010 13:32", "UnitPrice": "6.75", "CustomerID": "17964", "Country": "United Kingdom"},
{"InvoiceNo": "536743", "StockCode": "22800", "Description": "ANTIQUE TALL SWIRLGLASS TRINKET POT", "Quantity": "4", "InvoiceDate": "02-12-2010 13:32", "UnitPrice": "3.75", "CustomerID": "17964", "Country": "United Kingdom"},
{"InvoiceNo": "536743", "StockCode": "22983", "Description": "CARD BILLBOARD FONT", "Quantity": "12", "InvoiceDate": "02-12-2010 13:32", "UnitPrice": "0.42", "CustomerID": "17964", "Country": "United Kingdom"},
{"InvoiceNo": "536743", "StockCode": "22986", "Description": "GINGHAM ROSE WRAP", "Quantity": "25", "InvoiceDate": "02-12-2010 13:32", "UnitPrice": "0.42", "CustomerID": "17964", "Country": "United Kingdom"},
{"InvoiceNo": "536743", "StockCode": "84949", "Description": "SILVER HANGING T-LIGHT HOLDER", "Quantity": "6", "InvoiceDate": "02-12-2010 13:32", "UnitPrice": "1.65", "CustomerID": "17964", "Country": "United Kingdom"},
{"InvoiceNo": "536743", "StockCode": "85025C", "Description": "PINK HEART SHAPE PHOTO FRAME", "Quantity": "2", "InvoiceDate": "02-12-2010 13:32", "UnitPrice": "1.65", "CustomerID": "17964", "Country": "United Kingdom"},
{"InvoiceNo": "536743", "StockCode": "85124B", "Description": "BLUE JUICY FRUIT PHOTO FRAME", "Quantity": "1", "InvoiceDate": "02-12-2010 13:32", "UnitPrice": "2.55", "CustomerID": "17964", "Country": "United Kingdom"},
{"InvoiceNo": "536743", "StockCode": "85124C", "Description": "GREEN JUICY FRUIT PHOTO FRAME", "Quantity": "1", "InvoiceDate": "02-12-2010 13:32", "UnitPrice": "2.55", "CustomerID": "17964", "Country": "United Kingdom"},
{"InvoiceNo": "536743", "StockCode": "85135B", "Description": "BLUE DRAGONFLY HELICOPTER", "Quantity": "1", "InvoiceDate": "02-12-2010 13:32", "UnitPrice": "7.95", "CustomerID": "17964", "Country": "United Kingdom"},
{"InvoiceNo": "536743", "StockCode": "90175C", "Description": "BLUE GLASS CHUNKY CHARM BRACELET", "Quantity": "1", "InvoiceDate": "02-12-2010 13:32", "UnitPrice": "8.95", "CustomerID": "17964", "Country": "United Kingdom"},
{"InvoiceNo": "536743", "StockCode": "90178A", "Description": "AMBER CHUNKY GLASS+BEAD NECKLACE", "Quantity": "1", "InvoiceDate": "02-12-2010 13:32", "UnitPrice": "11.95", "CustomerID": "17964", "Country": "United Kingdom"},
{"InvoiceNo": "536743", "StockCode": "90180A", "Description": "BLACK+WHITE NECKLACE W TASSEL", "Quantity": "1", "InvoiceDate": "02-12-2010 13:32", "UnitPrice": "9.95", "CustomerID": "17964", "Country": "United Kingdom"},
{"InvoiceNo": "536753", "StockCode": "22632", "Description": "HAND WARMER RED POLKA DOT", "Quantity": "6", "InvoiceDate": "02-12-2010 14:07", "UnitPrice": "1.85", "CustomerID": "17850", "Country": "United Kingdom"},
{"InvoiceNo": "536753", "StockCode": "22633", "Description": "HAND WARMER UNION JACK", "Quantity": "6", "InvoiceDate": "02-12-2010 14:07", "UnitPrice": "1.85", "CustomerID": "17850", "Country": "United Kingdom"},
{"InvoiceNo": "536763", "StockCode": "20973", "Description": "12 PENCIL SMALL TUBE WOODLAND", "Quantity": "48", "InvoiceDate": "02-12-2010 14:42", "UnitPrice": "0.65", "CustomerID": "17685", "Country": "United Kingdom"},
{"InvoiceNo": "536763", "StockCode": "21313", "Description": "GLASS HEART T-LIGHT HOLDER ", "Quantity": "12", "InvoiceDate": "02-12-2010 14:42", "UnitPrice": "0.85", "CustomerID": "17685", "Country": "United Kingdom"},
{"InvoiceNo": "536763", "StockCode": "21326", "Description": "AGED GLASS SILVER T-LIGHT HOLDER", "Quantity": "12", "InvoiceDate": "02-12-2010 14:42", "UnitPrice": "0.65", "CustomerID": "17685", "Country": "United Kingdom"},
{"InvoiceNo": "536763", "StockCode": "21733", "Description": "RED HANGING HEART T-LIGHT HOLDER", "Quantity": "6", "InvoiceDate": "02-12-2010 14:42", "UnitPrice": "2.95", "CustomerID": "17685", "Country": "United Kingdom"},
{"InvoiceNo": "536763", "StockCode": "21801", "Description": "CHRISTMAS TREE DECORATION WITH BELL", "Quantity": "36", "InvoiceDate": "02-12-2010 14:42", "UnitPrice": "0.42", "CustomerID": "17685", "Country": "United Kingdom"},
{"InvoiceNo": "536763", "StockCode": "22576", "Description": "SWALLOW WOODEN CHRISTMAS DECORATION", "Quantity": "12", "InvoiceDate": "02-12-2010 14:42", "UnitPrice": "0.85", "CustomerID": "17685", "Country": "United Kingdom"},
{"InvoiceNo": "536763", "StockCode": "22585", "Description": "PACK OF 6 BIRDY GIFT TAGS", "Quantity": "12", "InvoiceDate": "02-12-2010 14:42", "UnitPrice": "1.25", "CustomerID": "17685", "Country": "United Kingdom"},
{"InvoiceNo": "536763", "StockCode": "22705", "Description": "WRAP GREEN PEARS ", "Quantity": "25", "InvoiceDate": "02-12-2010 14:42", "UnitPrice": "0.42", "CustomerID": "17685", "Country": "United Kingdom"},
{"InvoiceNo": "536763", "StockCode": "22813", "Description": "PACK 3 BOXES BIRD PANNETONE ", "Quantity": "12", "InvoiceDate": "02-12-2010 14:42", "UnitPrice": "1.95", "CustomerID": "17685", "Country": "United Kingdom"},
{"InvoiceNo": "536763", "StockCode": "79321", "Description": "CHILLI LIGHTS", "Quantity": "24", "InvoiceDate": "02-12-2010 14:42", "UnitPrice": "4.25", "CustomerID": "17685", "Country": "United Kingdom"},
{"InvoiceNo": "536763", "StockCode": "85114A", "Description": "BLACK ENCHANTED FOREST PLACEMAT", "Quantity": "120", "InvoiceDate": "02-12-2010 14:42", "UnitPrice": "1.45", "CustomerID": "17685", "Country": "United Kingdom"},
{"InvoiceNo": "536763", "StockCode": "85123A", "Description": "WHITE HANGING HEART T-LIGHT HOLDER", "Quantity": "12", "InvoiceDate": "02-12-2010 14:42", "UnitPrice": "2.95", "CustomerID": "17685", "Country": "United Kingdom"},
{"InvoiceNo": "536783", "StockCode": "16237", "Description": "SLEEPING CAT ERASERS", "Quantity": "270", "InvoiceDate": "02-12-2010 15:19", "UnitPrice": "0.16", "CustomerID": "15061", "Country": "United Kingdom"},
{"InvoiceNo": "536783", "StockCode": "20685", "Description": "DOORMAT RED RETROSPOT", "Quantity": "30", "InvoiceDate": "02-12-2010 15:19", "UnitPrice": "6.75", "CustomerID": "15061", "Country": "United Kingdom"},
{"InvoiceNo": "536783", "StockCode": "20719", "Description": "WOODLAND CHARLOTTE BAG", "Quantity": "100", "InvoiceDate": "02-12-2010 15:19", "UnitPrice": "0.72", "CustomerID": "15061", "Country": "United Kingdom"},
{"InvoiceNo": "536783", "StockCode": "21212", "Description": "PACK OF 72 RETROSPOT CAKE CASES", "Quantity": "120", "InvoiceDate": "02-12-2010 15:19", "UnitPrice": "0.42", "CustomerID": "15061", "Country": "United Kingdom"},
{"InvoiceNo": "536783", "StockCode": "21498", "Description": "RED RETROSPOT WRAP ", "Quantity": "200", "InvoiceDate": "02-12-2010 15:19", "UnitPrice": "0.34", "CustomerID": "15061", "Country": "United Kingdom"},
{"InvoiceNo": "536783", "StockCode": "21499", "Description": "BLUE POLKADOT WRAP", "Quantity": "200", "InvoiceDate": "02-12-2010 15:19", "UnitPrice": "0.34", "CustomerID": "15061", "Country": "United Kingdom"},
{"InvoiceNo": "536783", "StockCode": "21500", "Description": "PINK POLKADOT WRAP ", "Quantity": "75", "InvoiceDate": "02-12-2010 15:19", "UnitPrice": "0.34", "CustomerID": "15061", "Country": "United Kingdom"},
{"InvoiceNo": "536783", "StockCode": "21506", "Description": "FANCY FONT BIRTHDAY CARD, ", "Quantity": "108", "InvoiceDate": "02-12-2010 15:19", "UnitPrice": "0.36", "CustomerID": "15061", "Country": "United Kingdom"},
{"InvoiceNo": "536783", "StockCode": "21507", "Description": "ELEPHANT, BIRTHDAY CARD, ", "Quantity": "48", "InvoiceDate": "02-12-2010 15:19", "UnitPrice": "0.36", "CustomerID": "15061", "Country": "United Kingdom"},
{"InvoiceNo": "536783", "StockCode": "21508", "Description": "VINTAGE KID DOLLY CARD ", "Quantity": "24", "InvoiceDate": "02-12-2010 15:19", "UnitPrice": "0.36", "CustomerID": "15061", "Country": "United Kingdom"},
{"InvoiceNo": "536783", "StockCode": "21509", "Description": "COWBOYS AND INDIANS BIRTHDAY CARD ", "Quantity": "24", "InvoiceDate": "02-12-2010 15:19", "UnitPrice": "0.36", "CustomerID": "15061", "Country": "United Kingdom"},
{"InvoiceNo": "536783", "StockCode": "21673", "Description": "WHITE SPOT BLUE CERAMIC DRAWER KNOB", "Quantity": "72", "InvoiceDate": "02-12-2010 15:19", "UnitPrice": "1.25", "CustomerID": "15061", "Country": "United Kingdom"},
{"InvoiceNo": "536783", "StockCode": "22075", "Description": "6 RIBBONS ELEGANT CHRISTMAS ", "Quantity": "24", "InvoiceDate": "02-12-2010 15:19", "UnitPrice": "1.45", "CustomerID": "15061", "Country": "United Kingdom"},
{"InvoiceNo": "536783", "StockCode": "22328", "Description": "ROUND SNACK BOXES SET OF 4 FRUITS ", "Quantity": "72", "InvoiceDate": "02-12-2010 15:19", "UnitPrice": "2.55", "CustomerID": "15061", "Country": "United Kingdom"},
{"InvoiceNo": "536783", "StockCode": "22452", "Description": "MEASURING TAPE BABUSHKA PINK", "Quantity": "48", "InvoiceDate": "02-12-2010 15:19", "UnitPrice": "2.55", "CustomerID": "15061", "Country": "United Kingdom"},
{"InvoiceNo": "536783", "StockCode": "22453", "Description": "MEASURING TAPE BABUSHKA BLUE", "Quantity": "24", "InvoiceDate": "02-12-2010 15:19", "UnitPrice": "2.95", "CustomerID": "15061", "Country": "United Kingdom"},
{"InvoiceNo": "536783", "StockCode": "22454", "Description": "MEASURING TAPE BABUSHKA RED", "Quantity": "48", "InvoiceDate": "02-12-2010 15:19", "UnitPrice": "2.55", "CustomerID": "15061", "Country": "United Kingdom"},
{"InvoiceNo": "536783", "StockCode": "22467", "Description": "GUMBALL COAT RACK", "Quantity": "108", "InvoiceDate": "02-12-2010 15:19", "UnitPrice": "2.1", "CustomerID": "15061", "Country": "United Kingdom"},
{"InvoiceNo": "536783", "StockCode": "22492", "Description": "MINI PAINT SET VINTAGE ", "Quantity": "144", "InvoiceDate": "02-12-2010 15:19", "UnitPrice": "0.55", "CustomerID": "15061", "Country": "United Kingdom"},
{"InvoiceNo": "536783", "StockCode": "22530", "Description": "MAGIC DRAWING SLATE DOLLY GIRL ", "Quantity": "60", "InvoiceDate": "02-12-2010 15:19", "UnitPrice": "0.36", "CustomerID": "15061", "Country": "United Kingdom"},
{"InvoiceNo": "536783", "StockCode": "22533", "Description": "MAGIC DRAWING SLATE BAKE A CAKE ", "Quantity": "24", "InvoiceDate": "02-12-2010 15:19", "UnitPrice": "0.36", "CustomerID": "15061", "Country": "United Kingdom"},
{"InvoiceNo": "536783", "StockCode": "22534", "Description": "MAGIC DRAWING SLATE SPACEBOY ", "Quantity": "96", "InvoiceDate": "02-12-2010 15:19", "UnitPrice": "0.36", "CustomerID": "15061", "Country": "United Kingdom"},
{"InvoiceNo": "536783", "StockCode": "22536", "Description": "MAGIC DRAWING SLATE PURDEY", "Quantity": "48", "InvoiceDate": "02-12-2010 15:19", "UnitPrice": "0.36", "CustomerID": "15061", "Country": "United Kingdom"},
{"InvoiceNo": "536783", "StockCode": "22585", "Description": "PACK OF 6 BIRDY GIFT TAGS", "Quantity": "72", "InvoiceDate": "02-12-2010 15:19", "UnitPrice": "1.25", "CustomerID": "15061", "Country": "United Kingdom"},
{"InvoiceNo": "536783", "StockCode": "22629", "Description": "SPACEBOY LUNCH BOX ", "Quantity": "64", "InvoiceDate": "02-12-2010 15:19", "UnitPrice": "1.65", "CustomerID": "15061", "Country": "United Kingdom"},
{"InvoiceNo": "536783", "StockCode": "22630", "Description": "DOLLY GIRL LUNCH BOX", "Quantity": "64", "InvoiceDate": "02-12-2010 15:19", "UnitPrice": "1.65", "CustomerID": "15061", "Country": "United Kingdom"},
{"InvoiceNo": "536783", "StockCode": "22659", "Description": "LUNCH BOX I LOVE LONDON", "Quantity": "64", "InvoiceDate": "02-12-2010 15:19", "UnitPrice": "1.65", "CustomerID": "15061", "Country": "United Kingdom"},
{"InvoiceNo": "536783", "StockCode": "22752", "Description": "SET 7 BABUSHKA NESTING BOXES", "Quantity": "96", "InvoiceDate": "02-12-2010 15:19", "UnitPrice": "7.65", "CustomerID": "15061", "Country": "United Kingdom"},
{"InvoiceNo": "536783", "StockCode": "48184", "Description": "DOORMAT ENGLISH ROSE ", "Quantity": "30", "InvoiceDate": "02-12-2010 15:19", "UnitPrice": "6.75", "CustomerID": "15061", "Country": "United Kingdom"},
{"InvoiceNo": "536783", "StockCode": "48194", "Description": "DOORMAT HEARTS", "Quantity": "70", "InvoiceDate": "02-12-2010 15:19", "UnitPrice": "6.75", "CustomerID": "15061", "Country": "United Kingdom"},
{"InvoiceNo": "536783", "StockCode": "71459", "Description": "HANGING JAM JAR T-LIGHT HOLDER", "Quantity": "144", "InvoiceDate": "02-12-2010 15:19", "UnitPrice": "0.72", "CustomerID": "15061", "Country": "United Kingdom"},
{"InvoiceNo": "536783", "StockCode": "84347", "Description": "ROTATING SILVER ANGELS T-LIGHT HLDR", "Quantity": "120", "InvoiceDate": "02-12-2010 15:19", "UnitPrice": "1.88", "CustomerID": "15061", "Country": "United Kingdom"},
{"InvoiceNo": "536783", "StockCode": "84692", "Description": "BOX OF 24 COCKTAIL PARASOLS", "Quantity": "50", "InvoiceDate": "02-12-2010 15:19", "UnitPrice": "0.32", "CustomerID": "15061", "Country": "United Kingdom"},
{"InvoiceNo": "536783", "StockCode": "85116", "Description": "BLACK CANDELABRA T-LIGHT HOLDER", "Quantity": "24", "InvoiceDate": "02-12-2010 15:19", "UnitPrice": "1.25", "CustomerID": "15061", "Country": "United Kingdom"},
{"InvoiceNo": "536783", "StockCode": "85178", "Description": "VICTORIAN SEWING KIT", "Quantity": "18", "InvoiceDate": "02-12-2010 15:19", "UnitPrice": "1.25", "CustomerID": "15061", "Country": "United Kingdom"},
{"InvoiceNo": "536783", "StockCode": "35001G", "Description": "HAND OPEN SHAPE GOLD", "Quantity": "42", "InvoiceDate": "02-12-2010 15:19", "UnitPrice": "3.39", "CustomerID": "15061", "Country": "United Kingdom"},
{"InvoiceNo": "536783", "StockCode": "84952B", "Description": "BLACK LOVE BIRD T-LIGHT HOLDER", "Quantity": "48", "InvoiceDate": "02-12-2010 15:19", "UnitPrice": "1.25", "CustomerID": "15061", "Country": "United Kingdom"},
{"InvoiceNo": "536783", "StockCode": "84952C", "Description": "MIRROR LOVE BIRD T-LIGHT HOLDER", "Quantity": "36", "InvoiceDate": "02-12-2010 15:19", "UnitPrice": "1.25", "CustomerID": "15061", "Country": "United Kingdom"},
{"InvoiceNo": "536793", "StockCode": "20971", "Description": "PINK BLUE FELT CRAFT TRINKET BOX", "Quantity": "12", "InvoiceDate": "02-12-2010 15:39", "UnitPrice": "1.25", "CustomerID": "16203", "Country": "United Kingdom"},
{"InvoiceNo": "536793", "StockCode": "21912", "Description": "VINTAGE SNAKES & LADDERS", "Quantity": "4", "InvoiceDate": "02-12-2010 15:39", "UnitPrice": "3.75", "CustomerID": "16203", "Country": "United Kingdom"},
{"InvoiceNo": "536793", "StockCode": "21914", "Description": "BLUE HARMONICA IN BOX ", "Quantity": "12", "InvoiceDate": "02-12-2010 15:39", "UnitPrice": "1.25", "CustomerID": "16203", "Country": "United Kingdom"},
{"InvoiceNo": "536793", "StockCode": "22264", "Description": "FELT FARM ANIMAL WHITE BUNNY ", "Quantity": "12", "InvoiceDate": "02-12-2010 15:39", "UnitPrice": "0.85", "CustomerID": "16203", "Country": "United Kingdom"},
{"InvoiceNo": "536793", "StockCode": "22568", "Description": "FELTCRAFT CUSHION OWL", "Quantity": "4", "InvoiceDate": "02-12-2010 15:39", "UnitPrice": "3.75", "CustomerID": "16203", "Country": "United Kingdom"},
{"InvoiceNo": "536793", "StockCode": "22570", "Description": "FELTCRAFT CUSHION RABBIT", "Quantity": "4", "InvoiceDate": "02-12-2010 15:39", "UnitPrice": "3.75", "CustomerID": "16203", "Country": "United Kingdom"},
{"InvoiceNo": "536793", "StockCode": "22725", "Description": "ALARM CLOCK BAKELIKE CHOCOLATE", "Quantity": "4", "InvoiceDate": "02-12-2010 15:39", "UnitPrice": "3.75", "CustomerID": "16203", "Country": "United Kingdom"},
{"InvoiceNo": "536793", "StockCode": "22726", "Description": "ALARM CLOCK BAKELIKE GREEN", "Quantity": "4", "InvoiceDate": "02-12-2010 15:39", "UnitPrice": "3.75", "CustomerID": "16203", "Country": "United Kingdom"},
{"InvoiceNo": "536793", "StockCode": "22727", "Description": "ALARM CLOCK BAKELIKE RED ", "Quantity": "4", "InvoiceDate": "02-12-2010 15:39", "UnitPrice": "3.75", "CustomerID": "16203", "Country": "United Kingdom"},
{"InvoiceNo": "536793", "StockCode": "22750", "Description": "FELTCRAFT PRINCESS LOLA DOLL", "Quantity": "4", "InvoiceDate": "02-12-2010 15:39", "UnitPrice": "3.75", "CustomerID": "16203", "Country": "United Kingdom"},
{"InvoiceNo": "536793", "StockCode": "22960", "Description": "JAM MAKING SET WITH JARS", "Quantity": "6", "InvoiceDate": "02-12-2010 15:39", "UnitPrice": "4.25", "CustomerID": "16203", "Country": "United Kingdom"},
{"InvoiceNo": "536803", "StockCode": "22113", "Description": "GREY HEART HOT WATER BOTTLE", "Quantity": "6", "InvoiceDate": "02-12-2010 16:33", "UnitPrice": "3.75", "CustomerID": "14911", "Country": "EIRE"},
{"InvoiceNo": "536813", "StockCode": "17003", "Description": "BROCADE RING PURSE ", "Quantity": "36", "InvoiceDate": "02-12-2010 16:59", "UnitPrice": "0.21", "CustomerID": "15646", "Country": "United Kingdom"},
{"InvoiceNo": "536813", "StockCode": "20668", "Description": "DISCO BALL CHRISTMAS DECORATION", "Quantity": "24", "InvoiceDate": "02-12-2010 16:59", "UnitPrice": "0.12", "CustomerID": "15646", "Country": "United Kingdom"},
{"InvoiceNo": "536813", "StockCode": "22042", "Description": "CHRISTMAS CARD SINGING ANGEL", "Quantity": "12", "InvoiceDate": "02-12-2010 16:59", "UnitPrice": "0.42", "CustomerID": "15646", "Country": "United Kingdom"},
{"InvoiceNo": "536813", "StockCode": "22043", "Description": "CHRISTMAS CARD SCREEN PRINT ", "Quantity": "12", "InvoiceDate": "02-12-2010 16:59", "UnitPrice": "0.42", "CustomerID": "15646", "Country": "United Kingdom"},
{"InvoiceNo": "536813", "StockCode": "22044", "Description": "CHRISTMAS CARD STACK OF PRESENTS", "Quantity": "12", "InvoiceDate": "02-12-2010 16:59", "UnitPrice": "0.42", "CustomerID": "15646", "Country": "United Kingdom"},
{"InvoiceNo": "536813", "StockCode": "22086", "Description": "PAPER CHAIN KIT 50'S CHRISTMAS ", "Quantity": "6", "InvoiceDate": "02-12-2010 16:59", "UnitPrice": "2.95", "CustomerID": "15646", "Country": "United Kingdom"},
{"InvoiceNo": "536813", "StockCode": "22089", "Description": "PAPER BUNTING VINTAGE PAISLEY", "Quantity": "6", "InvoiceDate": "02-12-2010 16:59", "UnitPrice": "2.95", "CustomerID": "15646", "Country": "United Kingdom"},
{"InvoiceNo": "536813", "StockCode": "22413", "Description": "METAL SIGN TAKE IT OR LEAVE IT ", "Quantity": "6", "InvoiceDate": "02-12-2010 16:59", "UnitPrice": "2.95", "CustomerID": "15646", "Country": "United Kingdom"},
{"InvoiceNo": "536813", "StockCode": "22816", "Description": "CARD MOTORBIKE SANTA", "Quantity": "12", "InvoiceDate": "02-12-2010 16:59", "UnitPrice": "0.42", "CustomerID": "15646", "Country": "United Kingdom"},
{"InvoiceNo": "536813", "StockCode": "22818", "Description": "CARD CHRISTMAS VILLAGE", "Quantity": "12", "InvoiceDate": "02-12-2010 16:59", "UnitPrice": "0.42", "CustomerID": "15646", "Country": "United Kingdom"},
{"InvoiceNo": "536813", "StockCode": "22910", "Description": "PAPER CHAIN KIT VINTAGE CHRISTMAS", "Quantity": "6", "InvoiceDate": "02-12-2010 16:59", "UnitPrice": "2.95", "CustomerID": "15646", "Country": "United Kingdom"},
{"InvoiceNo": "536813", "StockCode": "35957", "Description": "SMALLFOLKART BAUBLE CHRISTMAS DEC", "Quantity": "48", "InvoiceDate": "02-12-2010 16:59", "UnitPrice": "0.42", "CustomerID": "15646", "Country": "United Kingdom"},
{"InvoiceNo": "536813", "StockCode": "37450", "Description": "CERAMIC CAKE BOWL + HANGING CAKES", "Quantity": "6", "InvoiceDate": "02-12-2010 16:59", "UnitPrice": "2.95", "CustomerID": "15646", "Country": "United Kingdom"},
{"InvoiceNo": "536813", "StockCode": "72816", "Description": "SET/3 CHRISTMAS DECOUPAGE CANDLES", "Quantity": "12", "InvoiceDate": "02-12-2010 16:59", "UnitPrice": "1.25", "CustomerID": "15646", "Country": "United Kingdom"},
{"InvoiceNo": "536813", "StockCode": "46000S", "Description": "POLYESTER FILLER PAD 40x40cm", "Quantity": "2", "InvoiceDate": "02-12-2010 16:59", "UnitPrice": "1.45", "CustomerID": "15646", "Country": "United Kingdom"},
{"InvoiceNo": "536813", "StockCode": "85032D", "Description": "YULETIDE IMAGES GIFT WRAP SET", "Quantity": "6", "InvoiceDate": "02-12-2010 16:59", "UnitPrice": "2.1", "CustomerID": "15646", "Country": "United Kingdom"},
{"InvoiceNo": "536813", "StockCode": "85049A", "Description": "TRADITIONAL CHRISTMAS RIBBONS", "Quantity": "12", "InvoiceDate": "02-12-2010 16:59", "UnitPrice": "1.25", "CustomerID": "15646", "Country": "United Kingdom"},
{"InvoiceNo": "536823", "StockCode": "22508", "Description": "DOORSTOP RETROSPOT HEART", "Quantity": "4", "InvoiceDate": "02-12-2010 17:22", "UnitPrice": "3.75", "CustomerID": "13011", "Country": "United Kingdom"},
{"InvoiceNo": "536823", "StockCode": "82494L", "Description": "WOODEN FRAME ANTIQUE WHITE ", "Quantity": "6", "InvoiceDate": "02-12-2010 17:22", "UnitPrice": "2.95", "CustomerID": "13011", "Country": "United Kingdom"},
{"InvoiceNo": "536823", "StockCode": "85014A", "Description": "BLACK/BLUE POLKADOT UMBRELLA", "Quantity": "3", "InvoiceDate": "02-12-2010 17:22", "UnitPrice": "5.95", "CustomerID": "13011", "Country": "United Kingdom"},
{"InvoiceNo": "536833", "StockCode": "20749", "Description": "ASSORTED COLOUR MINI CASES", "Quantity": "2", "InvoiceDate": "02-12-2010 17:48", "UnitPrice": "7.95", "CustomerID": "18239", "Country": "United Kingdom"},
{"InvoiceNo": "536833", "StockCode": "21349", "Description": "IVY HEART WREATH", "Quantity": "2", "InvoiceDate": "02-12-2010 17:48", "UnitPrice": "6.75", "CustomerID": "18239", "Country": "United Kingdom"},
{"InvoiceNo": "536833", "StockCode": "21352", "Description": "EUCALYPTUS & PINECONE  WREATH", "Quantity": "2", "InvoiceDate": "02-12-2010 17:48", "UnitPrice": "6.75", "CustomerID": "18239", "Country": "United Kingdom"},
{"InvoiceNo": "536833", "StockCode": "21364", "Description": "PEACE SMALL WOOD LETTERS", "Quantity": "2", "InvoiceDate": "02-12-2010 17:48", "UnitPrice": "6.75", "CustomerID": "18239", "Country": "United Kingdom"},
{"InvoiceNo": "536833", "StockCode": "21621", "Description": "VINTAGE UNION JACK BUNTING", "Quantity": "2", "InvoiceDate": "02-12-2010 17:48", "UnitPrice": "8.5", "CustomerID": "18239", "Country": "United Kingdom"},
{"InvoiceNo": "536833", "StockCode": "22065", "Description": "CHRISTMAS PUDDING TRINKET POT ", "Quantity": "12", "InvoiceDate": "02-12-2010 17:48", "UnitPrice": "1.45", "CustomerID": "18239", "Country": "United Kingdom"},
{"InvoiceNo": "536833", "StockCode": "22121", "Description": "NOEL WOODEN BLOCK LETTERS ", "Quantity": "3", "InvoiceDate": "02-12-2010 17:48", "UnitPrice": "5.95", "CustomerID": "18239", "Country": "United Kingdom"},
{"InvoiceNo": "536833", "StockCode": "22141", "Description": "CHRISTMAS CRAFT TREE TOP ANGEL", "Quantity": "6", "InvoiceDate": "02-12-2010 17:48", "UnitPrice": "2.1", "CustomerID": "18239", "Country": "United Kingdom"},
{"InvoiceNo": "536833", "StockCode": "22144", "Description": "CHRISTMAS CRAFT LITTLE FRIENDS", "Quantity": "6", "InvoiceDate": "02-12-2010 17:48", "UnitPrice": "2.1", "CustomerID": "18239", "Country": "United Kingdom"},
{"InvoiceNo": "536833", "StockCode": "22186", "Description": "RED STAR CARD HOLDER", "Quantity": "6", "InvoiceDate": "02-12-2010 17:48", "UnitPrice": "2.95", "CustomerID": "18239", "Country": "United Kingdom"},
{"InvoiceNo": "536833", "StockCode": "22187", "Description": "GREEN CHRISTMAS TREE CARD HOLDER", "Quantity": "4", "InvoiceDate": "02-12-2010 17:48", "UnitPrice": "4.25", "CustomerID": "18239", "Country": "United Kingdom"},
{"InvoiceNo": "536833", "StockCode": "22334", "Description": "DINOSAUR PARTY BAG + STICKER SET", "Quantity": "8", "InvoiceDate": "02-12-2010 17:48", "UnitPrice": "1.65", "CustomerID": "18239", "Country": "United Kingdom"},
{"InvoiceNo": "536833", "StockCode": "22464", "Description": "HANGING METAL HEART LANTERN", "Quantity": "12", "InvoiceDate": "02-12-2010 17:48", "UnitPrice": "1.65", "CustomerID": "18239", "Country": "United Kingdom"},
{"InvoiceNo": "536833", "StockCode": "22465", "Description": "HANGING METAL STAR LANTERN", "Quantity": "12", "InvoiceDate": "02-12-2010 17:48", "UnitPrice": "1.65", "CustomerID": "18239", "Country": "United Kingdom"},
{"InvoiceNo": "536833", "StockCode": "22573", "Description": "STAR WOODEN CHRISTMAS DECORATION", "Quantity": "12", "InvoiceDate": "02-12-2010 17:48", "UnitPrice": "0.85", "CustomerID": "18239", "Country": "United Kingdom"},
{"InvoiceNo": "536833", "StockCode": "22576", "Description": "SWALLOW WOODEN CHRISTMAS DECORATION", "Quantity": "12", "InvoiceDate": "02-12-2010 17:48", "UnitPrice": "0.85", "CustomerID": "18239", "Country": "United Kingdom"},
{"InvoiceNo": "536833", "StockCode": "22578", "Description": "WOODEN STAR CHRISTMAS SCANDINAVIAN", "Quantity": "12", "InvoiceDate": "02-12-2010 17:48", "UnitPrice": "0.85", "CustomerID": "18239", "Country": "United Kingdom"},
{"InvoiceNo": "536833", "StockCode": "22593", "Description": "CHRISTMAS GINGHAM STAR", "Quantity": "12", "InvoiceDate": "02-12-2010 17:48", "UnitPrice": "0.85", "CustomerID": "18239", "Country": "United Kingdom"},
{"InvoiceNo": "536833", "StockCode": "22595", "Description": "CHRISTMAS GINGHAM HEART", "Quantity": "12", "InvoiceDate": "02-12-2010 17:48", "UnitPrice": "0.85", "CustomerID": "18239", "Country": "United Kingdom"},
{"InvoiceNo": "536833", "StockCode": "22785", "Description": "SQUARECUSHION COVER PINK UNION FLAG", "Quantity": "4", "InvoiceDate": "02-12-2010 17:48", "UnitPrice": "6.75", "CustomerID": "18239", "Country": "United Kingdom"},
{"InvoiceNo": "536833", "StockCode": "22810", "Description": "SET OF 6 T-LIGHTS SNOWMEN", "Quantity": "6", "InvoiceDate": "02-12-2010 17:48", "UnitPrice": "2.95", "CustomerID": "18239", "Country": "United Kingdom"},
{"InvoiceNo": "536833", "StockCode": "22910", "Description": "PAPER CHAIN KIT VINTAGE CHRISTMAS", "Quantity": "6", "InvoiceDate": "02-12-2010 17:48", "UnitPrice": "2.95", "CustomerID": "18239", "Country": "United Kingdom"},
{"InvoiceNo": "536833", "StockCode": "22969", "Description": "HOMEMADE JAM SCENTED CANDLES", "Quantity": "12", "InvoiceDate": "02-12-2010 17:48", "UnitPrice": "1.45", "CustomerID": "18239", "Country": "United Kingdom"},
{"InvoiceNo": "536833", "StockCode": "35961", "Description": "FOLKART ZINC HEART CHRISTMAS DEC", "Quantity": "12", "InvoiceDate": "02-12-2010 17:48", "UnitPrice": "0.85", "CustomerID": "18239", "Country": "United Kingdom"},
{"InvoiceNo": "536833", "StockCode": "71053", "Description": "WHITE METAL LANTERN", "Quantity": "4", "InvoiceDate": "02-12-2010 17:48", "UnitPrice": "3.75", "CustomerID": "18239", "Country": "United Kingdom"},
{"InvoiceNo": "536833", "StockCode": "15060B", "Description": "FAIRY CAKE DESIGN UMBRELLA", "Quantity": "4", "InvoiceDate": "02-12-2010 17:48", "UnitPrice": "3.75", "CustomerID": "18239", "Country": "United Kingdom"},
{"InvoiceNo": "536833", "StockCode": "84970S", "Description": "HANGING HEART ZINC T-LIGHT HOLDER", "Quantity": "12", "InvoiceDate": "02-12-2010 17:48", "UnitPrice": "0.85", "CustomerID": "18239", "Country": "United Kingdom"},
{"InvoiceNo": "536833", "StockCode": "85014B", "Description": "RED RETROSPOT UMBRELLA", "Quantity": "3", "InvoiceDate": "02-12-2010 17:48", "UnitPrice": "5.95", "CustomerID": "18239", "Country": "United Kingdom"},
{"InvoiceNo": "536833", "StockCode": "85123A", "Description": "WHITE HANGING HEART T-LIGHT HOLDER", "Quantity": "6", "InvoiceDate": "02-12-2010 17:48", "UnitPrice": "2.95", "CustomerID": "18239", "Country": "United Kingdom"},
{"InvoiceNo": "536843", "StockCode": "22890", "Description": "NOVELTY BISCUITS CAKE STAND 3 TIER", "Quantity": "2", "InvoiceDate": "02-12-2010 18:46", "UnitPrice": "9.95", "CustomerID": "17552", "Country": "United Kingdom"},
{"InvoiceNo": "536843", "StockCode": "22966", "Description": "GINGERBREAD MAN COOKIE CUTTER", "Quantity": "12", "InvoiceDate": "02-12-2010 18:46", "UnitPrice": "1.25", "CustomerID": "17552", "Country": "United Kingdom"}
]