[{"InvoiceNo": "536602", "StockCode": "21068", "Description": "VINTAGE BILLBOARD LOVE/HATE MUG", "Quantity": "6", "InvoiceDate": "02-12-2010 8:34", "UnitPrice": "1.06", "CustomerID": "17850", "Country": "United Kingdom"},
{"InvoiceNo": "536602", "StockCode": "21071", "Description": "VINTAGE BILLBOARD DRINK ME MUG", "Quantity": "6", "InvoiceDate": "02-12-2010 8:34", "UnitPrice": "1.06", "CustomerID": "17850", "Country": "United Kingdom"},
{"InvoiceNo": "536602", "StockCode": "21730", "Description": "GLASS STAR FROSTED T-LIGHT HOLDER", "Quantity": "4", "InvoiceDate": "02-12-2010 8:34", "UnitPrice": "4.25", "CustomerID": "17850", "Country": "United Kingdom"},
{"InvoiceNo": "536602", "StockCode": "21871", "Description": "SAVE THE PLANET MUG", "Quantity": "6", "InvoiceDate": "02-12-2010 8:34", "UnitPrice": "1.06", "CustomerID": "17850", "Country": "United Kingdom"},
{"InvoiceNo": "536602", "StockCode": "22411", "Description": "JUMBO SHOPPER VINTAGE RED PAISLEY", "Quantity": "6", "InvoiceDate": "02-12-2010 8:34", "UnitPrice": "1.65", "CustomerID": "17850", "Country": "United Kingdom"},
{"InvoiceNo": "536602", "StockCode": "22752", "Description": "SET 7 BABUSHKA NESTING BOXES", "Quantity": "2", "InvoiceDate": "02-12-2010 8:34", "UnitPrice": "7.65", "CustomerID": "17850", "Country": "United Kingdom"},
{"InvoiceNo": "536602", "StockCode": "37370", "Description": "RETRO COFFEE MUGS ASSORTED", "Quantity": "6", "InvoiceDate": "02-12-2010 8:34", "UnitPrice": "1.06", "CustomerID": "17850", "Country": "United Kingdom"},
{"InvoiceNo": "536602", "StockCode": "71053", "Description": "WHITE METAL LANTERN", "Quantity": "6", "InvoiceDate": "02-12-2010 8:34", "UnitPrice": "3.39", "CustomerID": "17850", "Country": "United Kingdom"},
{"InvoiceNo": "536602", "StockCode": "82483", "Description": "WOOD 2 DRAWER CABINET WHITE FINISH", "Quantity": "4", "InvoiceDate": "02-12-2010 8:34", "UnitPrice": "4.95", "CustomerID": "17850", "Country": "United Kingdom"},
{"InvoiceNo": "536602", "StockCode": "84029E", "Description": "RED WOOLLY HOTTIE WHITE HEART.", "Quantity": "6", "InvoiceDate": "02-12-2010 8:34", "UnitPrice": "3.39", "CustomerID": "17850", "Country": "United Kingdom"},
{"InvoiceNo": "536602", "StockCode": "84029G", "Description": "KNITTED UNION FLAG HOT WATER BOTTLE", "Quantity": "6", "InvoiceDate": "02-12-2010 8:34", "UnitPrice": "3.39", "CustomerID": "17850", "Country": "United Kingdom"},
{"InvoiceNo": "536602", "StockCode": "85123A", "Description": "WHITE HANGING HEART T-LIGHT HOLDER", "Quantity": "6", "InvoiceDate": "02-12-2010 8:34", "UnitPrice": "2.55", "CustomerID": "17850", "Country": "United Kingdom"},
{"InvoiceNo": "536612", "StockCode": "21068", "Description": "VINTAGE BILLBOARD LOVE/HATE MUG", "Quantity": "6", "InvoiceDate": "02-12-2010 9:44", "UnitPrice": "1.06", "CustomerID": "17850", "Country": "United Kingdom"},
{"InvoiceNo": "536612", "StockCode": "21071", "Description": "VINTAGE BILLBOARD DRINK ME MUG", "Quantity": "6", "InvoiceDate": "02-12-2010 9:44", "UnitPrice": "1.06", "CustomerID": "17850", "Country": "United Kingdom"},
{"InvoiceNo": "536612", "StockCode": "21730", "Description": "GLASS STAR FROSTED T-LIGHT HOLDER", "Quantity": "4", "InvoiceDate": "02-12-2010 9:44", "UnitPrice": "4.25", "CustomerID": "17850", "Country": "United Kingdom"},
{"InvoiceNo": "536612", "StockCode": "21871", "Description": "SAVE THE PLANET MUG", "Quantity": "6", "InvoiceDate": "02-12-2010 9:44", "UnitPrice": "1.06", "CustomerID": "17850", "Country": "United Kingdom"},
{"InvoiceNo": "536612", "StockCode": "22411", "Description": "JUMBO SHOPPER VINTAGE RED PAISLEY", "Quantity": "6", "InvoiceDate": "02-12-2010 9:44", "UnitPrice": "1.65", "CustomerID": "17850", "Country": "United Kingdom"},
{"InvoiceNo": "536612", "StockCode": "37370", "Description": "RETRO COFFEE MUGS ASSORTED", "Quantity": "6", "InvoiceDate": "02-12-2010 9:44", "UnitPrice": "1.06", "CustomerID": "17850", "Country": "United Kingdom"},
{"InvoiceNo": "536612", "StockCode": "71053", "Description": "WHITE METAL LANTERN", "Quantity": "6", "InvoiceDate": "02-12-2010 9:44", "UnitPrice": "3.39", "CustomerID": "17850", "Country": "United Kingdom"},
{"InvoiceNo": "536612", "StockCode": "82482", "Description": "WOODEN PICTURE FRAME WHITE FINISH", "Quantity": "6", "InvoiceDate": "02-12-2010 9:44", "UnitPrice": "2.1", "CustomerID": "17850", "Country": "United Kingdom"},
{"InvoiceNo": "536612", "StockCode": "82483", "Description": "WOOD 2 DRAWER CABINET WHITE FINISH", "Quantity": "4", "InvoiceDate": "02-12-2010 9:44", "UnitPrice": "4.95", "CustomerID": "17850", "Country": "United Kingdom"},
{"InvoiceNo": "536612", "StockCode": "82486", "Description": "WOOD S/3 CABINET ANT WHITE FINISH", "Quantity": "2", "InvoiceDate": "02-12-2010 9:44", "UnitPrice": "6.95", "CustomerID": "17850", "Country": "United Kingdom"},
{"InvoiceNo": "536612", "StockCode": "82494L", "Description": "WOODEN FRAME ANTIQUE WHITE ", "Quantity": "6", "InvoiceDate": "02-12-2010 9:44", "UnitPrice": "2.55", "CustomerID": "17850", "Country": "United Kingdom"},
{"InvoiceNo": "536612", "StockCode": "84029E", "Description": "RED WOOLLY HOTTIE WHITE HEART.", "Quantity": "6", "InvoiceDate": "02-12-2010 9:44", "UnitPrice": "3.39", "CustomerID": "17850", "Country": "United Kingdom"},
{"InvoiceNo": "536612", "StockCode": "84029G", "Description": "KNITTED UNION FLAG HOT WATER BOTTLE", "Quantity": "6", "InvoiceDate": "02-12-2010 9:44", "UnitPrice": "3.39", "CustomerID": "17850", "Country": "United Kingdom"},
{"InvoiceNo": "536612", "StockCode": "84406B", "Description": "CREAM CUPID HEARTS COAT HANGER", "Quantity": "6", "InvoiceDate": "02-12-2010 9:44", "UnitPrice": "2.75", "CustomerID": "17850", "Country": "United Kingdom"},
{"InvoiceNo": "536612", "StockCode": "85123A", "Description": "WHITE HANGING HEART T-LIGHT HOLDER", "Quantity": "6", "InvoiceDate": "02-12-2010 9:44", "UnitPrice": "2.55", "CustomerID": "17850", "Country": "United Kingdom"},
{"InvoiceNo": "C536622", "StockCode": "22752", "Description": "SET 7 BABUSHKA NESTING BOXES", "Quantity": "-2", "InvoiceDate": "02-12-2010 10:37", "UnitPrice": "8.5", "CustomerID": "12471", "Country": "Germany"},
{"InvoiceNo": "536632", "StockCode": "21217", "Description": "RED RETROSPOT ROUND CAKE TINS", "Quantity": "1", "InvoiceDate": "02-12-2010 11:02", "UnitPrice": "9.95", "CustomerID": "14388", "Country": "United Kingdom"},
{"InvoiceNo": "536632", "StockCode": "21479", "Description": "WHITE SKULL HOT WATER BOTTLE ", "Quantity": "4", "InvoiceDate": "02-12-2010 11:02", "UnitPrice": "3.75", "CustomerID": "14388", "Country": "United Kingdom"},
{"InvoiceNo": "536632", "StockCode": "21484", "Description": "CHICK GREY HOT WATER BOTTLE", "Quantity": "4", "InvoiceDate": "02-12-2010 11:02", "UnitPrice": "3.45", "CustomerID": "14388", "Country": "United Kingdom"},
{"InvoiceNo": "536632", "StockCode": "21485", "Description": "RETROSPOT HEART HOT WATER BOTTLE", "Quantity": "3", "InvoiceDate": "02-12-2010 11:02", "UnitPrice": "4.95", "CustomerID": "14388", "Country": "United Kingdom"},
{"InvoiceNo": "536632", "StockCode": "21843", "Description": "RED RETROSPOT CAKE STAND", "Quantity": "1", "InvoiceDate": "02-12-2010 11:02", "UnitPrice": "10.95", "CustomerID": "14388", "Country": "United Kingdom"},
{"InvoiceNo": "536632", "StockCode": "21875", "Description": "KINGS CHOICE MUG", "Quantity": "12", "InvoiceDate": "02-12-2010 11:02", "UnitPrice": "1.25", "CustomerID": "14388", "Country": "United Kingdom"},
{"InvoiceNo": "536632", "StockCode": "21931", "Description": "JUMBO STORAGE BAG SUKI", "Quantity": "10", "InvoiceDate": "02-12-2010 11:02", "UnitPrice": "1.95", "CustomerID": "14388", "Country": "United Kingdom"},
{"InvoiceNo": "536632", "StockCode": "22111", "Description": "SCOTTIE DOG HOT WATER BOTTLE", "Quantity": "3", "InvoiceDate": "02-12-2010 11:02", "UnitPrice": "4.95", "CustomerID": "14388", "Country": "United Kingdom"},
{"InvoiceNo": "536632", "StockCode": "22386", "Description": "JUMBO BAG PINK POLKADOT", "Quantity": "10", "InvoiceDate": "02-12-2010 11:02", "UnitPrice": "1.95", "CustomerID": "14388", "Country": "United Kingdom"},
{"InvoiceNo": "536632", "StockCode": "22477", "Description": "WATERING CAN GARDEN MARKER", "Quantity": "10", "InvoiceDate": "02-12-2010 11:02", "UnitPrice": "1.25", "CustomerID": "14388", "Country": "United Kingdom"},
{"InvoiceNo": "536632", "StockCode": "22739", "Description": "RIBBON REEL CHRISTMAS SOCK BAUBLE", "Quantity": "10", "InvoiceDate": "02-12-2010 11:02", "UnitPrice": "1.65", "CustomerID": "14388", "Country": "United Kingdom"},
{"InvoiceNo": "536632", "StockCode": "22812", "Description": "PACK 3 BOXES CHRISTMAS PANNETONE", "Quantity": "12", "InvoiceDate": "02-12-2010 11:02", "UnitPrice": "1.95", "CustomerID": "14388", "Country": "United Kingdom"},
{"InvoiceNo": "536632", "StockCode": "22837", "Description": "HOT WATER BOTTLE BABUSHKA ", "Quantity": "4", "InvoiceDate": "02-12-2010 11:02", "UnitPrice": "4.65", "CustomerID": "14388", "Country": "United Kingdom"},
{"InvoiceNo": "536632", "StockCode": "22923", "Description": "FRIDGE MAGNETS LES ENFANTS ASSORTED", "Quantity": "12", "InvoiceDate": "02-12-2010 11:02", "UnitPrice": "0.85", "CustomerID": "14388", "Country": "United Kingdom"},
{"InvoiceNo": "536632", "StockCode": "22924", "Description": "FRIDGE MAGNETS LA VIE EN ROSE", "Quantity": "12", "InvoiceDate": "02-12-2010 11:02", "UnitPrice": "0.85", "CustomerID": "14388", "Country": "United Kingdom"},
{"InvoiceNo": "536632", "StockCode": "22961", "Description": "JAM MAKING SET PRINTED", "Quantity": "12", "InvoiceDate": "02-12-2010 11:02", "UnitPrice": "1.45", "CustomerID": "14388", "Country": "United Kingdom"},
{"InvoiceNo": "536632", "StockCode": "22964", "Description": "3 PIECE SPACEBOY COOKIE CUTTER SET", "Quantity": "6", "InvoiceDate": "02-12-2010 11:02", "UnitPrice": "2.1", "CustomerID": "14388", "Country": "United Kingdom"},
{"InvoiceNo": "536632", "StockCode": "22988", "Description": "SOLDIERS EGG CUP ", "Quantity": "12", "InvoiceDate": "02-12-2010 11:02", "UnitPrice": "1.25", "CustomerID": "14388", "Country": "United Kingdom"},
{"InvoiceNo": "536632", "StockCode": "37370", "Description": "RETRO COFFEE MUGS ASSORTED", "Quantity": "12", "InvoiceDate": "02-12-2010 11:02", "UnitPrice": "1.25", "CustomerID": "14388", "Country": "United Kingdom"},
{"InvoiceNo": "536632", "StockCode": "79066K", "Description": "RETRO MOD TRAY", "Quantity": "10", "InvoiceDate": "02-12-2010 11:02", "UnitPrice": "0.85", "CustomerID": "14388", "Country": "United Kingdom"},
{"InvoiceNo": "536632", "StockCode": "85099B", "Description": "JUMBO BAG RED RETROSPOT", "Quantity": "10", "InvoiceDate": "02-12-2010 11:02", "UnitPrice": "1.95", "CustomerID": "14388", "Country": "United Kingdom"},
{"InvoiceNo": "C536642", "StockCode": "21463", "Description": "MIRRORED DISCO BALL ", "Quantity": "-1", "InvoiceDate": "02-12-2010 11:56", "UnitPrice": "5.95", "CustomerID": "14390", "Country": "United Kingdom"},
{"InvoiceNo": "536672", "StockCode": "20749", "Description": "ASSORTED COLOUR MINI CASES", "Quantity": "6", "InvoiceDate": "02-12-2010 12:10", "UnitPrice": "7.95", "CustomerID": "14491", "Country": "United Kingdom"},
{"InvoiceNo": "536672", "StockCode": "21288", "Description": "STRIPEY CHOCOLATE NESTING BOXES", "Quantity": "6", "InvoiceDate": "02-12-2010 12:10", "UnitPrice": "2.95", "CustomerID": "14491", "Country": "United Kingdom"},
{"InvoiceNo": "536672", "StockCode": "22729", "Description": "ALARM CLOCK BAKELIKE ORANGE", "Quantity": "4", "InvoiceDate": "02-12-2010 12:10", "UnitPrice": "3.75", "CustomerID": "14491", "Country": "United Kingdom"},
{"InvoiceNo": "536672", "StockCode": "22812", "Description": "PACK 3 BOXES CHRISTMAS PANNETONE", "Quantity": "24", "InvoiceDate": "02-12-2010 12:10", "UnitPrice": "1.95", "CustomerID": "14491", "Country": "United Kingdom"},
{"InvoiceNo": "536732", "StockCode": "20674", "Description": "GREEN POLKADOT BOWL", "Quantity": "8", "InvoiceDate": "02-12-2010 12:47", "UnitPrice": "1.25", "CustomerID": "15544", "Country": "United Kingdom"},
{"InvoiceNo": "536732", "StockCode": "20675", "Description": "BLUE POLKADOT BOWL", "Quantity": "8", "InvoiceDate": "02-12-2010 12:47", "UnitPrice": "1.25", "CustomerID": "15544", "Country": "United Kingdom"},
{"InvoiceNo": "536732", "StockCode": "21080", "Description": "SET/20 RED RETROSPOT PAPER NAPKINS ", "Quantity": "12", "InvoiceDate": "02-12-2010 12:47", "UnitPrice": "0.85", "CustomerID": "15544", "Country": "United Kingdom"},
{"InvoiceNo": "536732", "StockCode": "21086", "Description": "SET/6 RED SPOTTY PAPER CUPS", "Quantity": "12", "InvoiceDate": "02-12-2010 12:47", "UnitPrice": "0.65", "CustomerID": "15544", "Country": "United Kingdom"},
{"InvoiceNo": "536732", "StockCode": "21094", "Description": "SET/6 RED SPOTTY PAPER PLATES", "Quantity": "12", "InvoiceDate": "02-12-2010 12:47", "UnitPrice": "0.85", "CustomerID": "15544", "Country": "United Kingdom"},
{"InvoiceNo": "536732", "StockCode": "21207", "Description": "SKULL AND CROSSBONES  GARLAND ", "Quantity": "12", "InvoiceDate": "02-12-2010 12:47", "UnitPrice": "1.65", "CustomerID": "15544", "Country": "United Kingdom"},
{"InvoiceNo": "536732", "StockCode": "21212", "Description": "PACK OF 72 RETROSPOT CAKE CASES", "Quantity": "24", "InvoiceDate": "02-12-2010 12:47", "UnitPrice": "0.55", "CustomerID": "15544", "Country": "United Kingdom"},
{"InvoiceNo": "536732", "StockCode": "21213", "Description": "PACK OF 72 SKULL CAKE CASES", "Quantity": "24", "InvoiceDate": "02-12-2010 12:47", "UnitPrice": "0.55", "CustomerID": "15544", "Country": "United Kingdom"},
{"InvoiceNo": "536732", "StockCode": "21238", "Description": "RED RETROSPOT CUP", "Quantity": "8", "InvoiceDate": "02-12-2010 12:47", "UnitPrice": "0.85", "CustomerID": "15544", "Country": "United Kingdom"},
{"InvoiceNo": "536732", "StockCode": "21239", "Description": "PINK  POLKADOT CUP", "Quantity": "8", "InvoiceDate": "02-12-2010 12:47", "UnitPrice": "0.85", "CustomerID": "15544", "Country": "United Kingdom"},
{"InvoiceNo": "536732", "StockCode": "21244", "Description": "BLUE POLKADOT PLATE ", "Quantity": "8", "InvoiceDate": "02-12-2010 12:47", "UnitPrice": "1.69", "CustomerID": "15544", "Country": "United Kingdom"},
{"InvoiceNo": "536732", "StockCode": "21245", "Description": "GREEN POLKADOT PLATE ", "Quantity": "8", "InvoiceDate": "02-12-2010 12:47", "UnitPrice": "1.69", "CustomerID": "15544", "Country": "United Kingdom"},
{"InvoiceNo": "536732", "StockCode": "21479", "Description": "WHITE SKULL HOT WATER BOTTLE ", "Quantity": "4", "InvoiceDate": "02-12-2010 12:47", "UnitPrice": "3.75", "CustomerID": "15544", "Country": "United Kingdom"},
{"InvoiceNo": "536732", "StockCode": "21679", "Description": "SKULLS  STICKERS", "Quantity": "12", "InvoiceDate": "02-12-2010 12:47", "UnitPrice": "0.85", "CustomerID": "15544", "Country": "United Kingdom"},
{"InvoiceNo": "536732", "StockCode": "21987", "Description": "PACK OF 6 SKULL PAPER CUPS", "Quantity": "12", "InvoiceDate": "02-12-2010 12:47", "UnitPrice": "0.65", "CustomerID": "15544", "Country": "United Kingdom"},
{"InvoiceNo": "536732", "StockCode": "21988", "Description": "PACK OF 6 SKULL PAPER PLATES", "Quantity": "12", "InvoiceDate": "02-12-2010 12:47", "UnitPrice": "0.85", "CustomerID": "15544", "Country": "United Kingdom"},
{"InvoiceNo": "536732", "StockCode": "21989", "Description": "PACK OF 20 SKULL PAPER NAPKINS", "Quantity": "12", "InvoiceDate": "02-12-2010 12:47", "UnitPrice": "0.85", "CustomerID": "15544", "Country": "United Kingdom"},
{"InvoiceNo": "536732", "StockCode": "22086", "Description": "PAPER CHAIN KIT 50'S CHRISTMAS ", "Quantity": "6", "InvoiceDate": "02-12-2010 12:47", "UnitPrice": "2.95", "CustomerID": "15544", "Country": "United Kingdom"},
{"InvoiceNo": "536732", "StockCode": "22316", "Description": "200 BENDY SKULL STRAWS", "Quantity": "12", "InvoiceDate": "02-12-2010 12:47", "UnitPrice": "1.25", "CustomerID": "15544", "Country": "United Kingdom"},
{"InvoiceNo": "536732", "StockCode": "22332", "Description": "SKULLS PARTY BAG + STICKER SET", "Quantity": "8", "InvoiceDate": "02-12-2010 12:47", "UnitPrice": "1.65", "CustomerID": "15544", "Country": "United Kingdom"},
{"InvoiceNo": "536732", "StockCode": "22423", "Description": "REGENCY CAKESTAND 3 TIER", "Quantity": "2", "InvoiceDate": "02-12-2010 12:47", "UnitPrice": "12.75", "CustomerID": "15544", "Country": "United Kingdom"},
{"InvoiceNo": "536732", "StockCode": "22437", "Description": "SET OF 9 BLACK SKULL BALLOONS", "Quantity": "20", "InvoiceDate": "02-12-2010 12:47", "UnitPrice": "0.85", "CustomerID": "15544", "Country": "United Kingdom"},
{"InvoiceNo": "536732", "StockCode": "22910", "Description": "PAPER CHAIN KIT VINTAGE CHRISTMAS", "Quantity": "6", "InvoiceDate": "02-12-2010 12:47", "UnitPrice": "2.95", "CustomerID": "15544", "Country": "United Kingdom"},
{"InvoiceNo": "536732", "StockCode": "84997A", "Description": "GREEN 3 PIECE POLKADOT CUTLERY SET", "Quantity": "6", "InvoiceDate": "02-12-2010 12:47", "UnitPrice": "3.75", "CustomerID": "15544", "Country": "United Kingdom"},
{"InvoiceNo": "536732", "StockCode": "84997D", "Description": "PINK 3 PIECE POLKADOT CUTLERY SET", "Quantity": "6", "InvoiceDate": "02-12-2010 12:47", "UnitPrice": "3.75", "CustomerID": "15544", "Country": "United Kingdom"},
{"InvoiceNo": "536732", "StockCode": "85049A", "Description": "TRADITIONAL CHRISTMAS RIBBONS", "Quantity": "12", "InvoiceDate": "02-12-2010 12:47", "UnitPrice": "1.25", "CustomerID": "15544", "Country": "United Kingdom"},
{"InvoiceNo": "536742", "StockCode": "20914", "Description": "SET/5 RED RETROSPOT LID GLASS BOWLS", "Quantity": "1", "InvoiceDate": "02-12-2010 13:14", "UnitPrice": "2.95", "CustomerID": "16916", "Country": "United Kingdom"},
{"InvoiceNo": "536742", "StockCode": "20978", "Description": "36 PENCILS TUBE SKULLS", "Quantity": "1", "InvoiceDate": "02-12-2010 13:14", "UnitPrice": "1.25", "CustomerID": "16916", "Country": "United Kingdom"},
{"InvoiceNo": "536742", "StockCode": "20978", "Description": "36 PENCILS TUBE SKULLS", "Quantity": "3", "InvoiceDate": "02-12-2010 13:14", "UnitPrice": "1.25", "CustomerID": "16916", "Country": "United Kingdom"},
{"InvoiceNo": "536742", "StockCode": "21211", "Description": "SET OF 72 SKULL PAPER  DOILIES", "Quantity": "1", "InvoiceDate": "02-12-2010 13:14", "UnitPrice": "1.45", "CustomerID": "16916", "Country": "United Kingdom"},
{"InvoiceNo": "536742", "StockCode": "21213", "Description": "PACK OF 72 SKULL CAKE CASES", "Quantity": "1", "InvoiceDate": "02-12-2010 13:14", "UnitPrice": "0.55", "CustomerID": "16916", "Country": "United Kingdom"},
{"InvoiceNo": "536742", "StockCode": "21427", "Description": "SKULLS STORAGE BOX SMALL", "Quantity": "2", "InvoiceDate": "02-12-2010 13:14", "UnitPrice": "2.1", "CustomerID": "16916", "Country": "United Kingdom"},
{"InvoiceNo": "536742", "StockCode": "21472", "Description": "LADYBIRD + BEE RAFFIA FOOD COVER", "Quantity": "1", "InvoiceDate": "02-12-2010 13:14", "UnitPrice": "3.75", "CustomerID": "16916", "Country": "United Kingdom"},
{"InvoiceNo": "536742", "StockCode": "21504", "Description": "SKULLS GREETING CARD", "Quantity": "12", "InvoiceDate": "02-12-2010 13:14", "UnitPrice": "0.42", "CustomerID": "16916", "Country": "United Kingdom"},
{"InvoiceNo": "536742", "StockCode": "21584", "Description": "RETROSPOT SMALL TUBE MATCHES", "Quantity": "1", "InvoiceDate": "02-12-2010 13:14", "UnitPrice": "1.65", "CustomerID": "16916", "Country": "United Kingdom"},
{"InvoiceNo": "536742", "StockCode": "21833", "Description": "CAMOUFLAGE LED TORCH", "Quantity": "6", "InvoiceDate": "02-12-2010 13:14", "UnitPrice": "1.69", "CustomerID": "16916", "Country": "United Kingdom"},
{"InvoiceNo": "536742", "StockCode": "21922", "Description": "UNION STRIPE WITH FRINGE  HAMMOCK", "Quantity": "1", "InvoiceDate": "02-12-2010 13:14", "UnitPrice": "7.95", "CustomerID": "16916", "Country": "United Kingdom"},
{"InvoiceNo": "536742", "StockCode": "21931", "Description": "JUMBO STORAGE BAG SUKI", "Quantity": "1", "InvoiceDate": "02-12-2010 13:14", "UnitPrice": "1.95", "CustomerID": "16916", "Country": "United Kingdom"},
{"InvoiceNo": "536742", "StockCode": "21974", "Description": "SET OF 36 PAISLEY FLOWER DOILIES", "Quantity": "1", "InvoiceDate": "02-12-2010 13:14", "UnitPrice": "1.45", "CustomerID": "16916", "Country": "United Kingdom"},
{"InvoiceNo": "536742", "StockCode": "22086", "Description": "PAPER CHAIN KIT 50'S CHRISTMAS ", "Quantity": "1", "InvoiceDate": "02-12-2010 13:14", "UnitPrice": "2.95", "CustomerID": "16916", "Country": "United Kingdom"},
{"InvoiceNo": "536742", "StockCode": "22196", "Description": "SMALL HEART MEASURING SPOONS", "Quantity": "1", "InvoiceDate": "02-12-2010 13:14", "UnitPrice": "0.85", "CustomerID": "16916", "Country": "United Kingdom"},
{"InvoiceNo": "536742", "StockCode": "22292", "Description": "HANGING CHICK  YELLOW DECORATION", "Quantity": "1", "InvoiceDate": "02-12-2010 13:14", "UnitPrice": "1.45", "CustomerID": "16916", "Country": "United Kingdom"},
{"InvoiceNo": "536742", "StockCode": "22311", "Description": "OFFICE MUG WARMER BLACK+SILVER ", "Quantity": "1", "InvoiceDate": "02-12-2010 13:14", "UnitPrice": "2.95", "CustomerID": "16916", "Country": "United Kingdom"},
{"InvoiceNo": "536742", "StockCode": "22312", "Description": "OFFICE MUG WARMER POLKADOT", "Quantity": "1", "InvoiceDate": "02-12-2010 13:14", "UnitPrice": "2.95", "CustomerID": "16916", "Country": "United Kingdom"},
{"InvoiceNo": "536742", "StockCode": "22316", "Description": "200 BENDY SKULL STRAWS", "Quantity": "1", "InvoiceDate": "02-12-2010 13:14", "UnitPrice": "1.25", "CustomerID": "16916", "Country": "United Kingdom"},
{"InvoiceNo": "536742", "StockCode": "22349", "Description": "DOG BOWL CHASING BALL DESIGN", "Quantity": "1", "InvoiceDate": "02-12-2010 13:14", "UnitPrice": "3.75", "CustomerID": "16916", "Country": "United Kingdom"},
{"InvoiceNo": "536742", "StockCode": "22379", "Description": "RECYCLING BAG RETROSPOT ", "Quantity": "1", "InvoiceDate": "02-12-2010 13:14", "UnitPrice": "2.1", "CustomerID": "16916", "Country": "United Kingdom"},
{"InvoiceNo": "536742", "StockCode": "22450", "Description": "SILK PURSE BABUSHKA BLUE", "Quantity": "1", "InvoiceDate": "02-12-2010 13:14", "UnitPrice": "3.35", "CustomerID": "16916", "Country": "United Kingdom"},
{"InvoiceNo": "536742", "StockCode": "22451", "Description": "SILK PURSE BABUSHKA RED", "Quantity": "1", "InvoiceDate": "02-12-2010 13:14", "UnitPrice": "3.35", "CustomerID": "16916", "Country": "United Kingdom"},
{"InvoiceNo": "536742", "StockCode": "22465", "Description": "HANGING METAL STAR LANTERN", "Quantity": "12", "InvoiceDate": "02-12-2010 13:14", "UnitPrice": "1.65", "CustomerID": "16916", "Country": "United Kingdom"},
{"InvoiceNo": "536742", "StockCode": "22469", "Description": "HEART OF WICKER SMALL", "Quantity": "2", "InvoiceDate": "02-12-2010 13:14", "UnitPrice": "1.65", "CustomerID": "16916", "Country": "United Kingdom"},
{"InvoiceNo": "536742", "StockCode": "22470", "Description": "HEART OF WICKER LARGE", "Quantity": "1", "InvoiceDate": "02-12-2010 13:14", "UnitPrice": "2.95", "CustomerID": "16916", "Country": "United Kingdom"},
{"InvoiceNo": "536742", "StockCode": "22505", "Description": "MEMO BOARD COTTAGE DESIGN", "Quantity": "1", "InvoiceDate": "02-12-2010 13:14", "UnitPrice": "4.95", "CustomerID": "16916", "Country": "United Kingdom"},
{"InvoiceNo": "536742", "StockCode": "22514", "Description": "CHILDS GARDEN SPADE BLUE", "Quantity": "3", "InvoiceDate": "02-12-2010 13:14", "UnitPrice": "2.1", "CustomerID": "16916", "Country": "United Kingdom"},
{"InvoiceNo": "536742", "StockCode": "22553", "Description": "PLASTERS IN TIN SKULLS", "Quantity": "1", "InvoiceDate": "02-12-2010 13:14", "UnitPrice": "1.65", "CustomerID": "16916", "Country": "United Kingdom"},
{"InvoiceNo": "536742", "StockCode": "22553", "Description": "PLASTERS IN TIN SKULLS", "Quantity": "1", "InvoiceDate": "02-12-2010 13:14", "UnitPrice": "1.65", "CustomerID": "16916", "Country": "United Kingdom"},
{"InvoiceNo": "536742", "StockCode": "22557", "Description": "PLASTERS IN TIN VINTAGE PAISLEY ", "Quantity": "1", "InvoiceDate": "02-12-2010 13:14", "UnitPrice": "1.65", "CustomerID": "16916", "Country": "United Kingdom"},
{"InvoiceNo": "536742", "StockCode": "22558", "Description": "CLOTHES PEGS RETROSPOT PACK 24 ", "Quantity": "2", "InvoiceDate": "02-12-2010 13:14", "UnitPrice": "1.49", "CustomerID": "16916", "Country": "United Kingdom"},
{"InvoiceNo": "536742", "StockCode": "22652", "Description": "TRAVEL SEWING KIT", "Quantity": "1", "InvoiceDate": "02-12-2010 13:14", "UnitPrice": "1.65", "CustomerID": "16916", "Country": "United Kingdom"},
{"InvoiceNo": "536742", "StockCode": "22659", "Description": "LUNCH BOX I LOVE LONDON", "Quantity": "2", "InvoiceDate": "02-12-2010 13:14", "UnitPrice": "1.95", "CustomerID": "16916", "Country": "United Kingdom"},
{"InvoiceNo": "536742", "StockCode": "22666", "Description": "RECIPE BOX PANTRY YELLOW DESIGN", "Quantity": "2", "InvoiceDate": "02-12-2010 13:14", "UnitPrice": "2.95", "CustomerID": "16916", "Country": "United Kingdom"},
{"InvoiceNo": "536742", "StockCode": "22768", "Description": "FAMILY PHOTO FRAME CORNICE", "Quantity": "1", "InvoiceDate": "02-12-2010 13:14", "UnitPrice": "9.95", "CustomerID": "16916", "Country": "United Kingdom"},
{"InvoiceNo": "536742", "StockCode": "22822", "Description": "CREAM WALL PLANTER HEART SHAPED", "Quantity": "1", "InvoiceDate": "02-12-2010 13:14", "UnitPrice": "5.95", "CustomerID": "16916", "Country": "United Kingdom"},
{"InvoiceNo": "536742", "StockCode": "22862", "Description": "LOVE HEART NAPKIN BOX ", "Quantity": "2", "InvoiceDate": "02-12-2010 13:14", "UnitPrice": "4.25", "CustomerID": "16916", "Country": "United Kingdom"},
{"InvoiceNo": "536742", "StockCode": "22941", "Description": "CHRISTMAS LIGHTS 10 REINDEER", "Quantity": "1", "InvoiceDate": "02-12-2010 13:14", "UnitPrice": "8.5", "CustomerID": "16916", "Country": "United Kingdom"},
{"InvoiceNo": "536742", "StockCode": "22972", "Description": "CHILDREN'S SPACEBOY MUG", "Quantity": "3", "InvoiceDate": "02-12-2010 13:14", "UnitPrice": "1.65", "CustomerID": "16916", "Country": "United Kingdom"},
{"InvoiceNo": "536742", "StockCode": "22973", "Description": "CHILDREN'S CIRCUS PARADE MUG", "Quantity": "1", "InvoiceDate": "02-12-2010 13:14", "UnitPrice": "1.65", "CustomerID": "16916", "Country": "United Kingdom"},
{"InvoiceNo": "536742", "StockCode": "22974", "Description": "CHILDRENS DOLLY GIRL MUG", "Quantity": "1", "InvoiceDate": "02-12-2010 13:14", "UnitPrice": "1.65", "CustomerID": "16916", "Country": "United Kingdom"},
{"InvoiceNo": "536742", "StockCode": "22988", "Description": "SOLDIERS EGG CUP ", "Quantity": "2", "InvoiceDate": "02-12-2010 13:14", "UnitPrice": "1.25", "CustomerID": "16916", "Country": "United Kingdom"},
{"InvoiceNo": "536742", "StockCode": "84380", "Description": "SET OF 3 BUTTERFLY COOKIE CUTTERS", "Quantity": "1", "InvoiceDate": "02-12-2010 13:14", "UnitPrice": "1.25", "CustomerID": "16916", "Country": "United Kingdom"},
{"InvoiceNo": "536742", "StockCode": "84692", "Description": "BOX OF 24 COCKTAIL PARASOLS", "Quantity": "1", "InvoiceDate": "02-12-2010 13:14", "UnitPrice": "0.42", "CustomerID": "16916", "Country": "United Kingdom"},
{"InvoiceNo": "536742", "StockCode": "84755", "Description": "COLOUR GLASS T-LIGHT HOLDER HANGING", "Quantity": "8", "InvoiceDate": "02-12-2010 13:14", "UnitPrice": "0.65", "CustomerID": "16916", "Country": "United Kingdom"},
{"InvoiceNo": "536742", "StockCode": "85127", "Description": "SMALL SQUARE CUT GLASS CANDLESTICK", "Quantity": "2", "InvoiceDate": "02-12-2010 13:14", "UnitPrice": "4.95", "CustomerID": "16916", "Country": "United Kingdom"},
{"InvoiceNo": "536742", "StockCode": "10124G", "Description": "ARMY CAMO BOOKCOVER TAPE", "Quantity": "5", "InvoiceDate": "02-12-2010 13:14", "UnitPrice": "0.42", "CustomerID": "16916", "Country": "United Kingdom"},
{"InvoiceNo": "536742", "StockCode": "47504H", "Description": "ENGLISH ROSE SPIRIT LEVEL ", "Quantity": "1", "InvoiceDate": "02-12-2010 13:14", "UnitPrice": "1.95", "CustomerID": "16916", "Country": "United Kingdom"},
{"InvoiceNo": "536742", "StockCode": "84519B", "Description": "CARROT CHARLIE+LOLA COASTER SET", "Quantity": "2", "InvoiceDate": "02-12-2010 13:14", "UnitPrice": "2.95", "CustomerID": "16916", "Country": "United Kingdom"},
{"InvoiceNo": "536752", "StockCode": "20679", "Description": "EDWARDIAN PARASOL RED", "Quantity": "6", "InvoiceDate": "02-12-2010 14:06", "UnitPrice": "4.95", "CustomerID": "17850", "Country": "United Kingdom"},
{"InvoiceNo": "536752", "StockCode": "21068", "Description": "VINTAGE BILLBOARD LOVE/HATE MUG", "Quantity": "6", "InvoiceDate": "02-12-2010 14:06", "UnitPrice": "1.06", "CustomerID": "17850", "Country": "United Kingdom"},
{"InvoiceNo": "536752", "StockCode": "21071", "Description": "VINTAGE BILLBOARD DRINK ME MUG", "Quantity": "6", "InvoiceDate": "02-12-2010 14:06", "UnitPrice": "1.06", "CustomerID": "17850", "Country": "United Kingdom"},
{"InvoiceNo": "536752", "StockCode": "21730", "Description": "GLASS STAR FROSTED T-LIGHT HOLDER", "Quantity": "6", "InvoiceDate": "02-12-2010 14:06", "UnitPrice": "4.25", "CustomerID": "17850", "Country": "United Kingdom"},
{"InvoiceNo": "536752", "StockCode": "21871", "Description": "SAVE THE PLANET MUG", "Quantity": "6", "InvoiceDate": "02-12-2010 14:06", "UnitPrice": "1.06", "CustomerID": "17850", "Country": "United Kingdom"},
{"InvoiceNo": "536752", "StockCode": "22411", "Description": "JUMBO SHOPPER VINTAGE RED PAISLEY", "Quantity": "6", "InvoiceDate": "02-12-2010 14:06", "UnitPrice": "1.65", "CustomerID": "17850", "Country": "United Kingdom"},
{"InvoiceNo": "536752", "StockCode": "22752", "Description": "SET 7 BABUSHKA NESTING BOXES", "Quantity": "4", "InvoiceDate": "02-12-2010 14:06", "UnitPrice": "7.65", "CustomerID": "17850", "Country": "United Kingdom"},
{"InvoiceNo": "536752", "StockCode": "22803", "Description": "IVORY EMBROIDERED QUILT ", "Quantity": "2", "InvoiceDate": "02-12-2010 14:06", "UnitPrice": "35.75", "CustomerID": "17850", "Country": "United Kingdom"},
{"InvoiceNo": "536752", "StockCode": "37370", "Description": "RETRO COFFEE MUGS ASSORTED", "Quantity": "6", "InvoiceDate": "02-12-2010 14:06", "UnitPrice": "1.06", "CustomerID": "17850", "Country": "United Kingdom"},
{"InvoiceNo": "536752", "StockCode": "71053", "Description": "WHITE METAL LANTERN", "Quantity": "6", "InvoiceDate": "02-12-2010 14:06", "UnitPrice": "3.39", "CustomerID": "17850", "Country": "United Kingdom"},
{"InvoiceNo": "536752", "StockCode": "82482", "Description": "WOODEN PICTURE FRAME WHITE FINISH", "Quantity": "6", "InvoiceDate": "02-12-2010 14:06", "UnitPrice": "2.1", "CustomerID": "17850", "Country": "United Kingdom"},
{"InvoiceNo": "536752", "StockCode": "82483", "Description": "WOOD 2 DRAWER CABINET WHITE FINISH", "Quantity": "4", "InvoiceDate": "02-12-2010 14:06", "UnitPrice": "4.95", "CustomerID": "17850", "Country": "United Kingdom"},
{"InvoiceNo": "536752", "StockCode": "82486", "Description": "WOOD S/3 CABINET ANT WHITE FINISH", "Quantity": "4", "InvoiceDate": "02-12-2010 14:06", "UnitPrice": "6.95", "CustomerID": "17850", "Country": "United Kingdom"},
{"InvoiceNo": "536752", "StockCode": "15056BL", "Description": "EDWARDIAN PARASOL BLACK", "Quantity": "6", "InvoiceDate": "02-12-2010 14:06", "UnitPrice": "4.95", "CustomerID": "17850", "Country": "United Kingdom"},
{"InvoiceNo": "536752", "StockCode": "82494L", "Description": "WOODEN FRAME ANTIQUE WHITE ", "Quantity": "6", "InvoiceDate": "02-12-2010 14:06", "UnitPrice": "2.55", "CustomerID": "17850", "Country": "United Kingdom"},
{"InvoiceNo": "536752", "StockCode": "84029E", "Description": "RED WOOLLY HOTTIE WHITE HEART.", "Quantity": "6", "InvoiceDate": "02-12-2010 14:06", "UnitPrice": "3.39", "CustomerID": "17850", "Country": "United Kingdom"},
{"InvoiceNo": "536752", "StockCode": "84029G", "Description": "KNITTED UNION FLAG HOT WATER BOTTLE", "Quantity": "6", "InvoiceDate": "02-12-2010 14:06", "UnitPrice": "3.39", "CustomerID": "17850", "Country": "United Kingdom"},
{"InvoiceNo": "536752", "StockCode": "84406B", "Description": "CREAM CUPID HEARTS COAT HANGER", "Quantity": "6", "InvoiceDate": "02-12-2010 14:06", "UnitPrice": "2.75", "CustomerID": "17850", "Country": "United Kingdom"},
{"InvoiceNo": "536752", "StockCode": "85123A", "Description": "WHITE HANGING HEART T-LIGHT HOLDER", "Quantity": "6", "InvoiceDate": "02-12-2010 14:06", "UnitPrice": "2.55", "CustomerID": "17850", "Country": "United Kingdom"},
{"InvoiceNo": "536762", "StockCode": "20971", "Description": "PINK BLUE FELT CRAFT TRINKET BOX", "Quantity": "12", "InvoiceDate": "02-12-2010 14:40", "UnitPrice": "1.25", "CustomerID": "16186", "Country": "United Kingdom"},
{"InvoiceNo": "536762", "StockCode": "20972", "Description": "PINK CREAM FELT CRAFT TRINKET BOX ", "Quantity": "12", "InvoiceDate": "02-12-2010 14:40", "UnitPrice": "1.25", "CustomerID": "16186", "Country": "United Kingdom"},
{"InvoiceNo": "536762", "StockCode": "20974", "Description": "12 PENCILS SMALL TUBE SKULL", "Quantity": "24", "InvoiceDate": "02-12-2010 14:40", "UnitPrice": "0.65", "CustomerID": "16186", "Country": "United Kingdom"},
{"InvoiceNo": "536762", "StockCode": "21232", "Description": "STRAWBERRY CERAMIC TRINKET BOX", "Quantity": "12", "InvoiceDate": "02-12-2010 14:40", "UnitPrice": "1.25", "CustomerID": "16186", "Country": "United Kingdom"},
{"InvoiceNo": "536762", "StockCode": "21481", "Description": "FAWN BLUE HOT WATER BOTTLE", "Quantity": "12", "InvoiceDate": "02-12-2010 14:40", "UnitPrice": "2.95", "CustomerID": "16186", "Country": "United Kingdom"},
{"InvoiceNo": "536762", "StockCode": "21700", "Description": "BIG DOUGHNUT FRIDGE MAGNETS", "Quantity": "12", "InvoiceDate": "02-12-2010 14:40", "UnitPrice": "0.85", "CustomerID": "16186", "Country": "United Kingdom"},
{"InvoiceNo": "536762", "StockCode": "22064", "Description": "PINK DOUGHNUT TRINKET POT ", "Quantity": "12", "InvoiceDate": "02-12-2010 14:40", "UnitPrice": "1.65", "CustomerID": "16186", "Country": "United Kingdom"},
{"InvoiceNo": "536762", "StockCode": "22174", "Description": "PHOTO CUBE", "Quantity": "12", "InvoiceDate": "02-12-2010 14:40", "UnitPrice": "1.65", "CustomerID": "16186", "Country": "United Kingdom"},
{"InvoiceNo": "536762", "StockCode": "22726", "Description": "ALARM CLOCK BAKELIKE GREEN", "Quantity": "4", "InvoiceDate": "02-12-2010 14:40", "UnitPrice": "3.75", "CustomerID": "16186", "Country": "United Kingdom"},
{"InvoiceNo": "536762", "StockCode": "22727", "Description": "ALARM CLOCK BAKELIKE RED ", "Quantity": "4", "InvoiceDate": "02-12-2010 14:40", "UnitPrice": "3.75", "CustomerID": "16186", "Country": "United Kingdom"},
{"InvoiceNo": "536762", "StockCode": "22815", "Description": "CARD PSYCHEDELIC APPLES", "Quantity": "12", "InvoiceDate": "02-12-2010 14:40", "UnitPrice": "0.42", "CustomerID": "16186", "Country": "United Kingdom"},
{"InvoiceNo": "536762", "StockCode": "22821", "Description": "GIFT BAG PSYCHEDELIC APPLES", "Quantity": "12", "InvoiceDate": "02-12-2010 14:40", "UnitPrice": "0.65", "CustomerID": "16186", "Country": "United Kingdom"},
{"InvoiceNo": "536762", "StockCode": "22865", "Description": "HAND WARMER OWL DESIGN", "Quantity": "12", "InvoiceDate": "02-12-2010 14:40", "UnitPrice": "2.1", "CustomerID": "16186", "Country": "United Kingdom"},
{"InvoiceNo": "536762", "StockCode": "22961", "Description": "JAM MAKING SET PRINTED", "Quantity": "12", "InvoiceDate": "02-12-2010 14:40", "UnitPrice": "1.45", "CustomerID": "16186", "Country": "United Kingdom"},
{"InvoiceNo": "536762", "StockCode": "22969", "Description": "HOMEMADE JAM SCENTED CANDLES", "Quantity": "12", "InvoiceDate": "02-12-2010 14:40", "UnitPrice": "1.45", "CustomerID": "16186", "Country": "United Kingdom"},
{"InvoiceNo": "536762", "StockCode": "22983", "Description": "CARD BILLBOARD FONT", "Quantity": "12", "InvoiceDate": "02-12-2010 14:40", "UnitPrice": "0.42", "CustomerID": "16186", "Country": "United Kingdom"},
{"InvoiceNo": "536762", "StockCode": "22985", "Description": "WRAP, BILLBOARD FONTS DESIGN", "Quantity": "25", "InvoiceDate": "02-12-2010 14:40", "UnitPrice": "0.42", "CustomerID": "16186", "Country": "United Kingdom"},
{"InvoiceNo": "536762", "StockCode": "85014A", "Description": "BLACK/BLUE POLKADOT UMBRELLA", "Quantity": "3", "InvoiceDate": "02-12-2010 14:40", "UnitPrice": "5.95", "CustomerID": "16186", "Country": "United Kingdom"},
{"InvoiceNo": "536762", "StockCode": "85014B", "Description": "RED RETROSPOT UMBRELLA", "Quantity": "3", "InvoiceDate": "02-12-2010 14:40", "UnitPrice": "5.95", "CustomerID": "16186", "Country": "United Kingdom"},
{"InvoiceNo": "536762", "StockCode": "85199L", "Description": "LARGE HANGING IVORY & RED WOOD BIRD", "Quantity": "12", "InvoiceDate": "02-12-2010 14:40", "UnitPrice": "0.65", "CustomerID": "16186", "Country": "United Kingdom"},
{"InvoiceNo": "536782", "StockCode": "20718", "Description": "RED RETROSPOT SHOPPER BAG", "Quantity": "10", "InvoiceDate": "02-12-2010 15:18", "UnitPrice": "1.25", "CustomerID": "17567", "Country": "United Kingdom"},
{"InvoiceNo": "536782", "StockCode": "21258", "Description": "VICTORIAN SEWING BOX LARGE", "Quantity": "1", "InvoiceDate": "02-12-2010 15:18", "UnitPrice": "12.75", "CustomerID": "17567", "Country": "United Kingdom"},
{"InvoiceNo": "536782", "StockCode": "21527", "Description": "RED RETROSPOT TRADITIONAL TEAPOT ", "Quantity": "2", "InvoiceDate": "02-12-2010 15:18", "UnitPrice": "7.95", "CustomerID": "17567", "Country": "United Kingdom"},
{"InvoiceNo": "536782", "StockCode": "21533", "Description": "RETROSPOT LARGE MILK JUG", "Quantity": "6", "InvoiceDate": "02-12-2010 15:18", "UnitPrice": "4.95", "CustomerID": "17567", "Country": "United Kingdom"},
{"InvoiceNo": "536782", "StockCode": "21539", "Description": "RED RETROSPOT BUTTER DISH", "Quantity": "3", "InvoiceDate": "02-12-2010 15:18", "UnitPrice": "4.95", "CustomerID": "17567", "Country": "United Kingdom"},
{"InvoiceNo": "536782", "StockCode": "21668", "Description": "RED STRIPE CERAMIC DRAWER KNOB", "Quantity": "12", "InvoiceDate": "02-12-2010 15:18", "UnitPrice": "1.25", "CustomerID": "17567", "Country": "United Kingdom"},
{"InvoiceNo": "536782", "StockCode": "21669", "Description": "BLUE STRIPE CERAMIC DRAWER KNOB", "Quantity": "12", "InvoiceDate": "02-12-2010 15:18", "UnitPrice": "1.25", "CustomerID": "17567", "Country": "United Kingdom"},
{"InvoiceNo": "536782", "StockCode": "21670", "Description": "BLUE SPOT CERAMIC DRAWER KNOB", "Quantity": "12", "InvoiceDate": "02-12-2010 15:18", "UnitPrice": "1.25", "CustomerID": "17567", "Country": "United Kingdom"},
{"InvoiceNo": "536782", "StockCode": "21671", "Description": "RED SPOT CERAMIC DRAWER KNOB", "Quantity": "12", "InvoiceDate": "02-12-2010 15:18", "UnitPrice": "1.25", "CustomerID": "17567", "Country": "United Kingdom"},
{"InvoiceNo": "536782", "StockCode": "21672", "Description": "WHITE SPOT RED CERAMIC DRAWER KNOB", "Quantity": "12", "InvoiceDate": "02-12-2010 15:18", "UnitPrice": "1.25", "CustomerID": "17567", "Country": "United Kingdom"},
{"InvoiceNo": "536782", "StockCode": "21673", "Description": "WHITE SPOT BLUE CERAMIC DRAWER KNOB", "Quantity": "12", "InvoiceDate": "02-12-2010 15:18", "UnitPrice": "1.25", "CustomerID": "17567", "Country": "United Kingdom"},
{"InvoiceNo": "536782", "StockCode": "22077", "Description": "6 RIBBONS RUSTIC CHARM", "Quantity": "12", "InvoiceDate": "02-12-2010 15:18", "UnitPrice": "1.65", "CustomerID": "17567", "Country": "United Kingdom"},
{"InvoiceNo": "536782", "StockCode": "22111", "Description": "SCOTTIE DOG HOT WATER BOTTLE", "Quantity": "3", "InvoiceDate": "02-12-2010 15:18", "UnitPrice": "4.95", "CustomerID": "17567", "Country": "United Kingdom"},
{"InvoiceNo": "536782", "StockCode": "22197", "Description": "SMALL POPCORN HOLDER", "Quantity": "12", "InvoiceDate": "02-12-2010 15:18", "UnitPrice": "0.85", "CustomerID": "17567", "Country": "United Kingdom"},
{"InvoiceNo": "536782", "StockCode": "22198", "Description": "LARGE POPCORN HOLDER ", "Quantity": "12", "InvoiceDate": "02-12-2010 15:18", "UnitPrice": "1.65", "CustomerID": "17567", "Country": "United Kingdom"},
{"InvoiceNo": "536782", "StockCode": "22341", "Description": "LOVE GARLAND PAINTED ZINC ", "Quantity": "12", "InvoiceDate": "02-12-2010 15:18", "UnitPrice": "1.65", "CustomerID": "17567", "Country": "United Kingdom"},
{"InvoiceNo": "536782", "StockCode": "22379", "Description": "RECYCLING BAG RETROSPOT ", "Quantity": "5", "InvoiceDate": "02-12-2010 15:18", "UnitPrice": "2.1", "CustomerID": "17567", "Country": "United Kingdom"},
{"InvoiceNo": "536782", "StockCode": "22469", "Description": "HEART OF WICKER SMALL", "Quantity": "24", "InvoiceDate": "02-12-2010 15:18", "UnitPrice": "1.65", "CustomerID": "17567", "Country": "United Kingdom"},
{"InvoiceNo": "536782", "StockCode": "22624", "Description": "IVORY KITCHEN SCALES", "Quantity": "4", "InvoiceDate": "02-12-2010 15:18", "UnitPrice": "8.5", "CustomerID": "17567", "Country": "United Kingdom"},
{"InvoiceNo": "536782", "StockCode": "22625", "Description": "RED KITCHEN SCALES", "Quantity": "4", "InvoiceDate": "02-12-2010 15:18", "UnitPrice": "8.5", "CustomerID": "17567", "Country": "United Kingdom"},
{"InvoiceNo": "536782", "StockCode": "22626", "Description": "BLACK KITCHEN SCALES", "Quantity": "4", "InvoiceDate": "02-12-2010 15:18", "UnitPrice": "8.5", "CustomerID": "17567", "Country": "United Kingdom"},
{"InvoiceNo": "536782", "StockCode": "22627", "Description": "MINT KITCHEN SCALES", "Quantity": "4", "InvoiceDate": "02-12-2010 15:18", "UnitPrice": "8.5", "CustomerID": "17567", "Country": "United Kingdom"},
{"InvoiceNo": "536782", "StockCode": "22696", "Description": "WICKER WREATH LARGE", "Quantity": "6", "InvoiceDate": "02-12-2010 15:18", "UnitPrice": "1.95", "CustomerID": "17567", "Country": "United Kingdom"},
{"InvoiceNo": "536782", "StockCode": "22771", "Description": "CLEAR DRAWER KNOB ACRYLIC EDWARDIAN", "Quantity": "12", "InvoiceDate": "02-12-2010 15:18", "UnitPrice": "1.25", "CustomerID": "17567", "Country": "United Kingdom"},
{"InvoiceNo": "536782", "StockCode": "22772", "Description": "PINK DRAWER KNOB ACRYLIC EDWARDIAN", "Quantity": "12", "InvoiceDate": "02-12-2010 15:18", "UnitPrice": "1.25", "CustomerID": "17567", "Country": "United Kingdom"},
{"InvoiceNo": "536782", "StockCode": "22774", "Description": "RED DRAWER KNOB ACRYLIC EDWARDIAN", "Quantity": "12", "InvoiceDate": "02-12-2010 15:18", "UnitPrice": "1.25", "CustomerID": "17567", "Country": "United Kingdom"},
{"InvoiceNo": "536782", "StockCode": "22775", "Description": "PURPLE DRAWERKNOB ACRYLIC EDWARDIAN", "Quantity": "12", "InvoiceDate": "02-12-2010 15:18", "UnitPrice": "1.25", "CustomerID": "17567", "Country": "United Kingdom"},
{"InvoiceNo": "536792", "StockCode": "22558", "Description": "CLOTHES PEGS RETROSPOT PACK 24 ", "Quantity": "24", "InvoiceDate": "02-12-2010 15:28", "UnitPrice": "1.25", "CustomerID": "15061", "Country": "United Kingdom"},
{"InvoiceNo": "536802", "StockCode": "21463", "Description": "MIRRORED DISCO BALL ", "Quantity": "2", "InvoiceDate": "02-12-2010 16:29", "UnitPrice": "5.95", "CustomerID": "17412", "Country": "United Kingdom"},
{"InvoiceNo": "536802", "StockCode": "21464", "Description": "DISCO BALL ROTATOR BATTERY OPERATED", "Quantity": "2", "InvoiceDate": "02-12-2010 16:29", "UnitPrice": "4.25", "CustomerID": "17412", "Country": "United Kingdom"},
{"InvoiceNo": "536802", "StockCode": "21731", "Description": "RED TOADSTOOL LED NIGHT LIGHT", "Quantity": "12", "InvoiceDate": "02-12-2010 16:29", "UnitPrice": "1.65", "CustomerID": "17412", "Country": "United Kingdom"},
{"InvoiceNo": "536802", "StockCode": "22179", "Description": "SET 10 LIGHTS NIGHT OWL", "Quantity": "8", "InvoiceDate": "02-12-2010 16:29", "UnitPrice": "6.75", "CustomerID": "17412", "Country": "United Kingdom"},
{"InvoiceNo": "536802", "StockCode": "22735", "Description": "RIBBON REEL SOCKS AND MITTENS", "Quantity": "10", "InvoiceDate": "02-12-2010 16:29", "UnitPrice": "1.65", "CustomerID": "17412", "Country": "United Kingdom"},
{"InvoiceNo": "536802", "StockCode": "22779", "Description": "WOODEN OWLS LIGHT GARLAND ", "Quantity": "8", "InvoiceDate": "02-12-2010 16:29", "UnitPrice": "4.25", "CustomerID": "17412", "Country": "United Kingdom"},
{"InvoiceNo": "536802", "StockCode": "22837", "Description": "HOT WATER BOTTLE BABUSHKA ", "Quantity": "4", "InvoiceDate": "02-12-2010 16:29", "UnitPrice": "4.65", "CustomerID": "17412", "Country": "United Kingdom"},
{"InvoiceNo": "536802", "StockCode": "22941", "Description": "CHRISTMAS LIGHTS 10 REINDEER", "Quantity": "4", "InvoiceDate": "02-12-2010 16:29", "UnitPrice": "8.5", "CustomerID": "17412", "Country": "United Kingdom"},
{"InvoiceNo": "C536812", "StockCode": "22130", "Description": "PARTY CONE CHRISTMAS DECORATION ", "Quantity": "-144", "InvoiceDate": "02-12-2010 16:58", "UnitPrice": "0.72", "CustomerID": "16546", "Country": "United Kingdom"},
{"InvoiceNo": "C536812", "StockCode": "22574", "Description": "HEART WOODEN CHRISTMAS DECORATION", "Quantity": "-192", "InvoiceDate": "02-12-2010 16:58", "UnitPrice": "0.72", "CustomerID": "16546", "Country": "United Kingdom"},
{"InvoiceNo": "C536812", "StockCode": "22578", "Description": "WOODEN STAR CHRISTMAS SCANDINAVIAN", "Quantity": "-36", "InvoiceDate": "02-12-2010 16:58", "UnitPrice": "0.85", "CustomerID": "16546", "Country": "United Kingdom"},
{"InvoiceNo": "C536812", "StockCode": "22588", "Description": "CARD HOLDER GINGHAM HEART", "Quantity": "-192", "InvoiceDate": "02-12-2010 16:58", "UnitPrice": "2.1", "CustomerID": "16546", "Country": "United Kingdom"},
{"InvoiceNo": "C536812", "StockCode": "22593", "Description": "CHRISTMAS GINGHAM STAR", "Quantity": "-144", "InvoiceDate": "02-12-2010 16:58", "UnitPrice": "0.72", "CustomerID": "16546", "Country": "United Kingdom"},
{"InvoiceNo": "C536812", "StockCode": "22595", "Description": "CHRISTMAS GINGHAM HEART", "Quantity": "-144", "InvoiceDate": "02-12-2010 16:58", "UnitPrice": "0.72", "CustomerID": "16546", "Country": "United Kingdom"},
{"InvoiceNo": "C536822", "StockCode": "21430", "Description": "SET/3 RED GINGHAM ROSE STORAGE BOX", "Quantity": "-1", "InvoiceDate": "02-12-2010 17:19", "UnitPrice": "3.75", "CustomerID": "14625", "Country": "United Kingdom"},
{"InvoiceNo": "C536822", "StockCode": "22847", "Description": "BREAD BIN DINER STYLE IVORY", "Quantity": "-2", "InvoiceDate": "02-12-2010 17:19", "UnitPrice": "16.95", "CustomerID": "14625", "Country": "United Kingdom"},
{"InvoiceNo": "536832", "StockCode": "21733", "Description": "RED HANGING HEART T-LIGHT HOLDER", "Quantity": "6", "InvoiceDate": "02-12-2010 17:41", "UnitPrice": "2.95", "CustomerID": "16634", "Country": "United Kingdom"},
{"InvoiceNo": "536832", "StockCode": "21925", "Description": "UNION STRIPE CUSHION COVER ", "Quantity": "12", "InvoiceDate": "02-12-2010 17:41", "UnitPrice": "1.25", "CustomerID": "16634", "Country": "United Kingdom"},
{"InvoiceNo": "536832", "StockCode": "21927", "Description": "BLUE/CREAM STRIPE CUSHION COVER ", "Quantity": "24", "InvoiceDate": "02-12-2010 17:41", "UnitPrice": "1.25", "CustomerID": "16634", "Country": "United Kingdom"},
{"InvoiceNo": "536832", "StockCode": "22763", "Description": "KEY CABINET MA CAMPAGNE", "Quantity": "2", "InvoiceDate": "02-12-2010 17:41", "UnitPrice": "9.95", "CustomerID": "16634", "Country": "United Kingdom"},
{"InvoiceNo": "536832", "StockCode": "22863", "Description": "SOAP DISH BROCANTE", "Quantity": "6", "InvoiceDate": "02-12-2010 17:41", "UnitPrice": "2.95", "CustomerID": "16634", "Country": "United Kingdom"},
{"InvoiceNo": "536832", "StockCode": "71477", "Description": "COLOUR GLASS. STAR T-LIGHT HOLDER", "Quantity": "4", "InvoiceDate": "02-12-2010 17:41", "UnitPrice": "3.25", "CustomerID": "16634", "Country": "United Kingdom"},
{"InvoiceNo": "536832", "StockCode": "85066", "Description": "CREAM SWEETHEART MINI CHEST", "Quantity": "2", "InvoiceDate": "02-12-2010 17:41", "UnitPrice": "12.75", "CustomerID": "16634", "Country": "United Kingdom"},
{"InvoiceNo": "536832", "StockCode": "84406B", "Description": "CREAM CUPID HEARTS COAT HANGER", "Quantity": "8", "InvoiceDate": "02-12-2010 17:41", "UnitPrice": "3.25", "CustomerID": "16634", "Country": "United Kingdom"},
{"InvoiceNo": "536842", "StockCode": "20726", "Description": "LUNCH BAG WOODLAND", "Quantity": "10", "InvoiceDate": "02-12-2010 18:45", "UnitPrice": "1.65", "CustomerID": "17552", "Country": "United Kingdom"},
{"InvoiceNo": "536842", "StockCode": "20977", "Description": "36 PENCILS TUBE WOODLAND", "Quantity": "16", "InvoiceDate": "02-12-2010 18:45", "UnitPrice": "1.25", "CustomerID": "17552", "Country": "United Kingdom"},
{"InvoiceNo": "536842", "StockCode": "21033", "Description": "JUMBO BAG CHARLIE AND LOLA TOYS", "Quantity": "10", "InvoiceDate": "02-12-2010 18:45", "UnitPrice": "2.95", "CustomerID": "17552", "Country": "United Kingdom"},
{"InvoiceNo": "536842", "StockCode": "21981", "Description": "PACK OF 12 WOODLAND TISSUES ", "Quantity": "48", "InvoiceDate": "02-12-2010 18:45", "UnitPrice": "0.29", "CustomerID": "17552", "Country": "United Kingdom"},
{"InvoiceNo": "536842", "StockCode": "22502", "Description": "PICNIC BASKET WICKER SMALL", "Quantity": "4", "InvoiceDate": "02-12-2010 18:45", "UnitPrice": "5.95", "CustomerID": "17552", "Country": "United Kingdom"},
{"InvoiceNo": "536842", "StockCode": "22551", "Description": "PLASTERS IN TIN SPACEBOY", "Quantity": "12", "InvoiceDate": "02-12-2010 18:45", "UnitPrice": "1.65", "CustomerID": "17552", "Country": "United Kingdom"},
{"InvoiceNo": "536842", "StockCode": "22584", "Description": "PACK OF 6 PANNETONE GIFT BOXES", "Quantity": "6", "InvoiceDate": "02-12-2010 18:45", "UnitPrice": "2.55", "CustomerID": "17552", "Country": "United Kingdom"},
{"InvoiceNo": "536842", "StockCode": "22617", "Description": "BAKING SET SPACEBOY DESIGN", "Quantity": "6", "InvoiceDate": "02-12-2010 18:45", "UnitPrice": "4.95", "CustomerID": "17552", "Country": "United Kingdom"},
{"InvoiceNo": "536842", "StockCode": "22623", "Description": "BOX OF VINTAGE JIGSAW BLOCKS ", "Quantity": "6", "InvoiceDate": "02-12-2010 18:45", "UnitPrice": "4.95", "CustomerID": "17552", "Country": "United Kingdom"},
{"InvoiceNo": "536842", "StockCode": "47590A", "Description": "BLUE HAPPY BIRTHDAY BUNTING", "Quantity": "6", "InvoiceDate": "02-12-2010 18:45", "UnitPrice": "5.45", "CustomerID": "17552", "Country": "United Kingdom"},
{"InvoiceNo": "536842", "StockCode": "47590B", "Description": "PINK HAPPY BIRTHDAY BUNTING", "Quantity": "6", "InvoiceDate": "02-12-2010 18:45", "UnitPrice": "5.45", "CustomerID": "17552", "Country": "United Kingdom"}
]