[{"InvoiceNo": "536604", "StockCode": "22189", "Description": "CREAM HEART CARD HOLDER", "Quantity": "12", "InvoiceDate": "02-12-2010 8:43", "UnitPrice": "3.95", "CustomerID": "14741", "Country": "United Kingdom"},
{"InvoiceNo": "536604", "StockCode": "22457", "Description": "NATURAL SLATE HEART CHALKBOARD ", "Quantity": "6", "InvoiceDate": "02-12-2010 8:43", "UnitPrice": "2.95", "CustomerID": "14741", "Country": "United Kingdom"},
{"InvoiceNo": "536604", "StockCode": "22792", "Description": "FLUTED ANTIQUE CANDLE HOLDER", "Quantity": "12", "InvoiceDate": "02-12-2010 8:43", "UnitPrice": "0.85", "CustomerID": "14741", "Country": "United Kingdom"},
{"InvoiceNo": "536604", "StockCode": "22863", "Description": "SOAP DISH BROCANTE", "Quantity": "6", "InvoiceDate": "02-12-2010 8:43", "UnitPrice": "2.95", "CustomerID": "14741", "Country": "United Kingdom"},
{"InvoiceNo": "536604", "StockCode": "22961", "Description": "JAM MAKING SET PRINTED", "Quantity": "24", "InvoiceDate": "02-12-2010 8:43", "UnitPrice": "1.45", "CustomerID": "14741", "Country": "United Kingdom"},
{"InvoiceNo": "536604", "StockCode": "72741", "Description": "GRAND CHOCOLATECANDLE", "Quantity": "18", "InvoiceDate": "02-12-2010 8:43", "UnitPrice": "1.45", "CustomerID": "14741", "Country": "United Kingdom"},
{"InvoiceNo": "536604", "StockCode": "84832", "Description": "ZINC WILLIE WINKIE  CANDLE STICK", "Quantity": "12", "InvoiceDate": "02-12-2010 8:43", "UnitPrice": "0.85", "CustomerID": "14741", "Country": "United Kingdom"},
{"InvoiceNo": "536604", "StockCode": "84970S", "Description": "HANGING HEART ZINC T-LIGHT HOLDER", "Quantity": "12", "InvoiceDate": "02-12-2010 8:43", "UnitPrice": "0.85", "CustomerID": "14741", "Country": "United Kingdom"},
{"InvoiceNo": "536604", "StockCode": "85231B", "Description": "CINAMMON SET OF 9 T-LIGHTS", "Quantity": "12", "InvoiceDate": "02-12-2010 8:43", "UnitPrice": "0.85", "CustomerID": "14741", "Country": "United Kingdom"},
{"InvoiceNo": "536614", "StockCode": "22632", "Description": "HAND WARMER RED POLKA DOT", "Quantity": "6", "InvoiceDate": "02-12-2010 9:44", "UnitPrice": "1.85", "CustomerID": "17850", "Country": "United Kingdom"},
{"InvoiceNo": "536614", "StockCode": "22633", "Description": "HAND WARMER UNION JACK", "Quantity": "6", "InvoiceDate": "02-12-2010 9:44", "UnitPrice": "1.85", "CustomerID": "17850", "Country": "United Kingdom"},
{"InvoiceNo": "536624", "StockCode": "20914", "Description": "SET/5 RED RETROSPOT LID GLASS BOWLS", "Quantity": "6", "InvoiceDate": "02-12-2010 10:45", "UnitPrice": "2.95", "CustomerID": "13418", "Country": "United Kingdom"},
{"InvoiceNo": "536624", "StockCode": "21212", "Description": "PACK OF 72 RETROSPOT CAKE CASES", "Quantity": "24", "InvoiceDate": "02-12-2010 10:45", "UnitPrice": "0.55", "CustomerID": "13418", "Country": "United Kingdom"},
{"InvoiceNo": "536624", "StockCode": "21584", "Description": "RETROSPOT SMALL TUBE MATCHES", "Quantity": "20", "InvoiceDate": "02-12-2010 10:45", "UnitPrice": "1.65", "CustomerID": "13418", "Country": "United Kingdom"},
{"InvoiceNo": "536624", "StockCode": "21588", "Description": "RETROSPOT GIANT TUBE MATCHES", "Quantity": "12", "InvoiceDate": "02-12-2010 10:45", "UnitPrice": "2.55", "CustomerID": "13418", "Country": "United Kingdom"},
{"InvoiceNo": "536624", "StockCode": "21843", "Description": "RED RETROSPOT CAKE STAND", "Quantity": "4", "InvoiceDate": "02-12-2010 10:45", "UnitPrice": "10.95", "CustomerID": "13418", "Country": "United Kingdom"},
{"InvoiceNo": "536624", "StockCode": "21914", "Description": "BLUE HARMONICA IN BOX ", "Quantity": "12", "InvoiceDate": "02-12-2010 10:45", "UnitPrice": "1.25", "CustomerID": "13418", "Country": "United Kingdom"},
{"InvoiceNo": "536624", "StockCode": "21915", "Description": "RED  HARMONICA IN BOX ", "Quantity": "12", "InvoiceDate": "02-12-2010 10:45", "UnitPrice": "1.25", "CustomerID": "13418", "Country": "United Kingdom"},
{"InvoiceNo": "536624", "StockCode": "22109", "Description": "FULL ENGLISH BREAKFAST PLATE", "Quantity": "16", "InvoiceDate": "02-12-2010 10:45", "UnitPrice": "3.39", "CustomerID": "13418", "Country": "United Kingdom"},
{"InvoiceNo": "536624", "StockCode": "22549", "Description": "PICTURE DOMINOES", "Quantity": "12", "InvoiceDate": "02-12-2010 10:45", "UnitPrice": "1.45", "CustomerID": "13418", "Country": "United Kingdom"},
{"InvoiceNo": "536624", "StockCode": "22568", "Description": "FELTCRAFT CUSHION OWL", "Quantity": "4", "InvoiceDate": "02-12-2010 10:45", "UnitPrice": "3.75", "CustomerID": "13418", "Country": "United Kingdom"},
{"InvoiceNo": "536624", "StockCode": "22569", "Description": "FELTCRAFT CUSHION BUTTERFLY", "Quantity": "4", "InvoiceDate": "02-12-2010 10:45", "UnitPrice": "3.75", "CustomerID": "13418", "Country": "United Kingdom"},
{"InvoiceNo": "536624", "StockCode": "22570", "Description": "FELTCRAFT CUSHION RABBIT", "Quantity": "4", "InvoiceDate": "02-12-2010 10:45", "UnitPrice": "3.75", "CustomerID": "13418", "Country": "United Kingdom"},
{"InvoiceNo": "536624", "StockCode": "22672", "Description": "FRENCH BATHROOM SIGN BLUE METAL", "Quantity": "12", "InvoiceDate": "02-12-2010 10:45", "UnitPrice": "1.65", "CustomerID": "13418", "Country": "United Kingdom"},
{"InvoiceNo": "536624", "StockCode": "22676", "Description": "FRENCH BLUE METAL DOOR SIGN 1", "Quantity": "10", "InvoiceDate": "02-12-2010 10:45", "UnitPrice": "1.25", "CustomerID": "13418", "Country": "United Kingdom"},
{"InvoiceNo": "536624", "StockCode": "22699", "Description": "ROSES REGENCY TEACUP AND SAUCER ", "Quantity": "6", "InvoiceDate": "02-12-2010 10:45", "UnitPrice": "2.95", "CustomerID": "13418", "Country": "United Kingdom"},
{"InvoiceNo": "536624", "StockCode": "22725", "Description": "ALARM CLOCK BAKELIKE CHOCOLATE", "Quantity": "8", "InvoiceDate": "02-12-2010 10:45", "UnitPrice": "3.75", "CustomerID": "13418", "Country": "United Kingdom"},
{"InvoiceNo": "536624", "StockCode": "22726", "Description": "ALARM CLOCK BAKELIKE GREEN", "Quantity": "24", "InvoiceDate": "02-12-2010 10:45", "UnitPrice": "3.75", "CustomerID": "13418", "Country": "United Kingdom"},
{"InvoiceNo": "536624", "StockCode": "22727", "Description": "ALARM CLOCK BAKELIKE RED ", "Quantity": "24", "InvoiceDate": "02-12-2010 10:45", "UnitPrice": "3.75", "CustomerID": "13418", "Country": "United Kingdom"},
{"InvoiceNo": "536624", "StockCode": "22730", "Description": "ALARM CLOCK BAKELIKE IVORY", "Quantity": "8", "InvoiceDate": "02-12-2010 10:45", "UnitPrice": "3.75", "CustomerID": "13418", "Country": "United Kingdom"},
{"InvoiceNo": "536624", "StockCode": "22925", "Description": "BLUE GIANT GARDEN THERMOMETER", "Quantity": "2", "InvoiceDate": "02-12-2010 10:45", "UnitPrice": "5.95", "CustomerID": "13418", "Country": "United Kingdom"},
{"InvoiceNo": "536624", "StockCode": "22926", "Description": "IVORY GIANT GARDEN THERMOMETER", "Quantity": "2", "InvoiceDate": "02-12-2010 10:45", "UnitPrice": "5.95", "CustomerID": "13418", "Country": "United Kingdom"},
{"InvoiceNo": "536624", "StockCode": "22927", "Description": "GREEN GIANT GARDEN THERMOMETER", "Quantity": "2", "InvoiceDate": "02-12-2010 10:45", "UnitPrice": "5.95", "CustomerID": "13418", "Country": "United Kingdom"},
{"InvoiceNo": "536634", "StockCode": "20674", "Description": "GREEN POLKADOT BOWL", "Quantity": "12", "InvoiceDate": "02-12-2010 11:21", "UnitPrice": "1.25", "CustomerID": "18041", "Country": "United Kingdom"},
{"InvoiceNo": "536634", "StockCode": "20676", "Description": "RED RETROSPOT BOWL", "Quantity": "12", "InvoiceDate": "02-12-2010 11:21", "UnitPrice": "1.25", "CustomerID": "18041", "Country": "United Kingdom"},
{"InvoiceNo": "536634", "StockCode": "20727", "Description": "LUNCH BAG  BLACK SKULL.", "Quantity": "20", "InvoiceDate": "02-12-2010 11:21", "UnitPrice": "1.65", "CustomerID": "18041", "Country": "United Kingdom"},
{"InvoiceNo": "536634", "StockCode": "21080", "Description": "SET/20 RED RETROSPOT PAPER NAPKINS ", "Quantity": "52", "InvoiceDate": "02-12-2010 11:21", "UnitPrice": "0.85", "CustomerID": "18041", "Country": "United Kingdom"},
{"InvoiceNo": "536634", "StockCode": "21181", "Description": "PLEASE ONE PERSON METAL SIGN", "Quantity": "2", "InvoiceDate": "02-12-2010 11:21", "UnitPrice": "2.1", "CustomerID": "18041", "Country": "United Kingdom"},
{"InvoiceNo": "536634", "StockCode": "21210", "Description": "SET OF 72 RETROSPOT PAPER  DOILIES", "Quantity": "2", "InvoiceDate": "02-12-2010 11:21", "UnitPrice": "1.45", "CustomerID": "18041", "Country": "United Kingdom"},
{"InvoiceNo": "536634", "StockCode": "21679", "Description": "SKULLS  STICKERS", "Quantity": "30", "InvoiceDate": "02-12-2010 11:21", "UnitPrice": "0.85", "CustomerID": "18041", "Country": "United Kingdom"},
{"InvoiceNo": "536634", "StockCode": "21967", "Description": "PACK OF 12 SKULL TISSUES", "Quantity": "12", "InvoiceDate": "02-12-2010 11:21", "UnitPrice": "0.29", "CustomerID": "18041", "Country": "United Kingdom"},
{"InvoiceNo": "536634", "StockCode": "22094", "Description": "RED RETROSPOT TISSUE BOX", "Quantity": "6", "InvoiceDate": "02-12-2010 11:21", "UnitPrice": "1.25", "CustomerID": "18041", "Country": "United Kingdom"},
{"InvoiceNo": "536634", "StockCode": "22170", "Description": "PICTURE FRAME WOOD TRIPLE PORTRAIT", "Quantity": "3", "InvoiceDate": "02-12-2010 11:21", "UnitPrice": "6.75", "CustomerID": "18041", "Country": "United Kingdom"},
{"InvoiceNo": "536634", "StockCode": "22457", "Description": "NATURAL SLATE HEART CHALKBOARD ", "Quantity": "4", "InvoiceDate": "02-12-2010 11:21", "UnitPrice": "2.95", "CustomerID": "18041", "Country": "United Kingdom"},
{"InvoiceNo": "536634", "StockCode": "22900", "Description": " SET 2 TEA TOWELS I LOVE LONDON ", "Quantity": "1", "InvoiceDate": "02-12-2010 11:21", "UnitPrice": "2.95", "CustomerID": "18041", "Country": "United Kingdom"},
{"InvoiceNo": "536634", "StockCode": "82582", "Description": "AREA PATROLLED METAL SIGN", "Quantity": "1", "InvoiceDate": "02-12-2010 11:21", "UnitPrice": "2.1", "CustomerID": "18041", "Country": "United Kingdom"},
{"InvoiceNo": "536634", "StockCode": "82494L", "Description": "WOODEN FRAME ANTIQUE WHITE ", "Quantity": "2", "InvoiceDate": "02-12-2010 11:21", "UnitPrice": "2.95", "CustomerID": "18041", "Country": "United Kingdom"},
{"InvoiceNo": "536674", "StockCode": "16235", "Description": "RECYCLED PENCIL WITH RABBIT ERASER", "Quantity": "48", "InvoiceDate": "02-12-2010 12:16", "UnitPrice": "0.21", "CustomerID": "15923", "Country": "United Kingdom"},
{"InvoiceNo": "536674", "StockCode": "20832", "Description": "RED FLOCK LOVE HEART PHOTO FRAME", "Quantity": "4", "InvoiceDate": "02-12-2010 12:16", "UnitPrice": "0.85", "CustomerID": "15923", "Country": "United Kingdom"},
{"InvoiceNo": "536674", "StockCode": "20986", "Description": "BLUE CALCULATOR RULER", "Quantity": "4", "InvoiceDate": "02-12-2010 12:16", "UnitPrice": "1.25", "CustomerID": "15923", "Country": "United Kingdom"},
{"InvoiceNo": "536674", "StockCode": "21034", "Description": "REX CASH+CARRY JUMBO SHOPPER", "Quantity": "5", "InvoiceDate": "02-12-2010 12:16", "UnitPrice": "0.95", "CustomerID": "15923", "Country": "United Kingdom"},
{"InvoiceNo": "536674", "StockCode": "21064", "Description": "BOOM BOX SPEAKER BOYS", "Quantity": "1", "InvoiceDate": "02-12-2010 12:16", "UnitPrice": "5.95", "CustomerID": "15923", "Country": "United Kingdom"},
{"InvoiceNo": "536674", "StockCode": "21161", "Description": "KEEP OUT BOYS DOOR HANGER ", "Quantity": "2", "InvoiceDate": "02-12-2010 12:16", "UnitPrice": "1.45", "CustomerID": "15923", "Country": "United Kingdom"},
{"InvoiceNo": "536674", "StockCode": "21364", "Description": "PEACE SMALL WOOD LETTERS", "Quantity": "1", "InvoiceDate": "02-12-2010 12:16", "UnitPrice": "6.75", "CustomerID": "15923", "Country": "United Kingdom"},
{"InvoiceNo": "536674", "StockCode": "22131", "Description": "FOOD CONTAINER SET 3 LOVE HEART ", "Quantity": "1", "InvoiceDate": "02-12-2010 12:16", "UnitPrice": "1.95", "CustomerID": "15923", "Country": "United Kingdom"},
{"InvoiceNo": "536674", "StockCode": "22195", "Description": "LARGE HEART MEASURING SPOONS", "Quantity": "1", "InvoiceDate": "02-12-2010 12:16", "UnitPrice": "1.65", "CustomerID": "15923", "Country": "United Kingdom"},
{"InvoiceNo": "536674", "StockCode": "22202", "Description": "MILK PAN PINK POLKADOT", "Quantity": "2", "InvoiceDate": "02-12-2010 12:16", "UnitPrice": "3.75", "CustomerID": "15923", "Country": "United Kingdom"},
{"InvoiceNo": "536674", "StockCode": "22367", "Description": "CHILDRENS APRON SPACEBOY DESIGN", "Quantity": "2", "InvoiceDate": "02-12-2010 12:16", "UnitPrice": "1.95", "CustomerID": "15923", "Country": "United Kingdom"},
{"InvoiceNo": "536674", "StockCode": "22501", "Description": "PICNIC BASKET WICKER LARGE", "Quantity": "1", "InvoiceDate": "02-12-2010 12:16", "UnitPrice": "9.95", "CustomerID": "15923", "Country": "United Kingdom"},
{"InvoiceNo": "536674", "StockCode": "22650", "Description": "CERAMIC PIRATE CHEST MONEY BANK", "Quantity": "4", "InvoiceDate": "02-12-2010 12:16", "UnitPrice": "1.45", "CustomerID": "15923", "Country": "United Kingdom"},
{"InvoiceNo": "536674", "StockCode": "22964", "Description": "3 PIECE SPACEBOY COOKIE CUTTER SET", "Quantity": "1", "InvoiceDate": "02-12-2010 12:16", "UnitPrice": "2.1", "CustomerID": "15923", "Country": "United Kingdom"},
{"InvoiceNo": "536674", "StockCode": "84755", "Description": "COLOUR GLASS T-LIGHT HOLDER HANGING", "Quantity": "32", "InvoiceDate": "02-12-2010 12:16", "UnitPrice": "0.65", "CustomerID": "15923", "Country": "United Kingdom"},
{"InvoiceNo": "536674", "StockCode": "85038", "Description": "6 CHOCOLATE LOVE HEART T-LIGHTS", "Quantity": "7", "InvoiceDate": "02-12-2010 12:16", "UnitPrice": "2.1", "CustomerID": "15923", "Country": "United Kingdom"},
{"InvoiceNo": "536674", "StockCode": "47591B", "Description": "SCOTTIES CHILDRENS APRON", "Quantity": "1", "InvoiceDate": "02-12-2010 12:16", "UnitPrice": "1.65", "CustomerID": "15923", "Country": "United Kingdom"},
{"InvoiceNo": "536674", "StockCode": "47591D", "Description": "PINK FAIRY CAKE CHILDRENS APRON", "Quantity": "1", "InvoiceDate": "02-12-2010 12:16", "UnitPrice": "1.95", "CustomerID": "15923", "Country": "United Kingdom"},
{"InvoiceNo": "536674", "StockCode": "48173C", "Description": "DOORMAT BLACK FLOCK ", "Quantity": "1", "InvoiceDate": "02-12-2010 12:16", "UnitPrice": "7.95", "CustomerID": "15923", "Country": "United Kingdom"},
{"InvoiceNo": "536674", "StockCode": "84341B", "Description": "SMALL PINK MAGIC CHRISTMAS TREE", "Quantity": "1", "InvoiceDate": "02-12-2010 12:16", "UnitPrice": "0.85", "CustomerID": "15923", "Country": "United Kingdom"},
{"InvoiceNo": "536674", "StockCode": "84509G", "Description": "SET OF 4 FAIRY CAKE PLACEMATS ", "Quantity": "2", "InvoiceDate": "02-12-2010 12:16", "UnitPrice": "3.75", "CustomerID": "15923", "Country": "United Kingdom"},
{"InvoiceNo": "C536734", "StockCode": "22780", "Description": "LIGHT GARLAND BUTTERFILES PINK", "Quantity": "-4", "InvoiceDate": "02-12-2010 12:50", "UnitPrice": "4.25", "CustomerID": "16042", "Country": "United Kingdom"},
{"InvoiceNo": "C536734", "StockCode": "85048", "Description": "15CM CHRISTMAS GLASS BALL 20 LIGHTS", "Quantity": "-1", "InvoiceDate": "02-12-2010 12:50", "UnitPrice": "7.95", "CustomerID": "16042", "Country": "United Kingdom"},
{"InvoiceNo": "536744", "StockCode": "21156", "Description": "RETROSPOT CHILDRENS APRON", "Quantity": "25", "InvoiceDate": "02-12-2010 13:36", "UnitPrice": "1.95", "CustomerID": "14466", "Country": "United Kingdom"},
{"InvoiceNo": "536744", "StockCode": "21625", "Description": "VINTAGE UNION JACK APRON", "Quantity": "6", "InvoiceDate": "02-12-2010 13:36", "UnitPrice": "6.95", "CustomerID": "14466", "Country": "United Kingdom"},
{"InvoiceNo": "536744", "StockCode": "21843", "Description": "RED RETROSPOT CAKE STAND", "Quantity": "2", "InvoiceDate": "02-12-2010 13:36", "UnitPrice": "10.95", "CustomerID": "14466", "Country": "United Kingdom"},
{"InvoiceNo": "536744", "StockCode": "22367", "Description": "CHILDRENS APRON SPACEBOY DESIGN", "Quantity": "10", "InvoiceDate": "02-12-2010 13:36", "UnitPrice": "1.95", "CustomerID": "14466", "Country": "United Kingdom"},
{"InvoiceNo": "536744", "StockCode": "22423", "Description": "REGENCY CAKESTAND 3 TIER", "Quantity": "6", "InvoiceDate": "02-12-2010 13:36", "UnitPrice": "12.75", "CustomerID": "14466", "Country": "United Kingdom"},
{"InvoiceNo": "536744", "StockCode": "22839", "Description": "3 TIER CAKE TIN GREEN AND CREAM", "Quantity": "1", "InvoiceDate": "02-12-2010 13:36", "UnitPrice": "14.95", "CustomerID": "14466", "Country": "United Kingdom"},
{"InvoiceNo": "536744", "StockCode": "22898", "Description": "CHILDRENS APRON APPLES DESIGN", "Quantity": "25", "InvoiceDate": "02-12-2010 13:36", "UnitPrice": "1.95", "CustomerID": "14466", "Country": "United Kingdom"},
{"InvoiceNo": "536744", "StockCode": "22955", "Description": "36 FOIL STAR CAKE CASES ", "Quantity": "6", "InvoiceDate": "02-12-2010 13:36", "UnitPrice": "2.1", "CustomerID": "14466", "Country": "United Kingdom"},
{"InvoiceNo": "536744", "StockCode": "22956", "Description": "36 FOIL HEART CAKE CASES", "Quantity": "6", "InvoiceDate": "02-12-2010 13:36", "UnitPrice": "2.1", "CustomerID": "14466", "Country": "United Kingdom"},
{"InvoiceNo": "536744", "StockCode": "47591D", "Description": "PINK FAIRY CAKE CHILDRENS APRON", "Quantity": "50", "InvoiceDate": "02-12-2010 13:36", "UnitPrice": "1.65", "CustomerID": "14466", "Country": "United Kingdom"},
{"InvoiceNo": "536754", "StockCode": "20726", "Description": "LUNCH BAG WOODLAND", "Quantity": "3", "InvoiceDate": "02-12-2010 14:09", "UnitPrice": "1.65", "CustomerID": "14449", "Country": "United Kingdom"},
{"InvoiceNo": "536754", "StockCode": "20727", "Description": "LUNCH BAG  BLACK SKULL.", "Quantity": "3", "InvoiceDate": "02-12-2010 14:09", "UnitPrice": "1.65", "CustomerID": "14449", "Country": "United Kingdom"},
{"InvoiceNo": "536754", "StockCode": "20755", "Description": "BLUE PAISLEY POCKET BOOK", "Quantity": "1", "InvoiceDate": "02-12-2010 14:09", "UnitPrice": "0.85", "CustomerID": "14449", "Country": "United Kingdom"},
{"InvoiceNo": "536754", "StockCode": "20757", "Description": "RED DAISY POCKET BOOK ", "Quantity": "1", "InvoiceDate": "02-12-2010 14:09", "UnitPrice": "0.85", "CustomerID": "14449", "Country": "United Kingdom"},
{"InvoiceNo": "536754", "StockCode": "20759", "Description": "CHRYSANTHEMUM POCKET BOOK ", "Quantity": "1", "InvoiceDate": "02-12-2010 14:09", "UnitPrice": "0.85", "CustomerID": "14449", "Country": "United Kingdom"},
{"InvoiceNo": "536754", "StockCode": "20760", "Description": "GARDEN PATH POCKET BOOK", "Quantity": "1", "InvoiceDate": "02-12-2010 14:09", "UnitPrice": "0.85", "CustomerID": "14449", "Country": "United Kingdom"},
{"InvoiceNo": "536754", "StockCode": "20967", "Description": "GREY FLORAL FELTCRAFT SHOULDER BAG", "Quantity": "2", "InvoiceDate": "02-12-2010 14:09", "UnitPrice": "3.75", "CustomerID": "14449", "Country": "United Kingdom"},
{"InvoiceNo": "536754", "StockCode": "20971", "Description": "PINK BLUE FELT CRAFT TRINKET BOX", "Quantity": "3", "InvoiceDate": "02-12-2010 14:09", "UnitPrice": "1.25", "CustomerID": "14449", "Country": "United Kingdom"},
{"InvoiceNo": "536754", "StockCode": "20974", "Description": "12 PENCILS SMALL TUBE SKULL", "Quantity": "6", "InvoiceDate": "02-12-2010 14:09", "UnitPrice": "0.65", "CustomerID": "14449", "Country": "United Kingdom"},
{"InvoiceNo": "536754", "StockCode": "20981", "Description": "12 PENCILS TALL TUBE WOODLAND", "Quantity": "3", "InvoiceDate": "02-12-2010 14:09", "UnitPrice": "0.85", "CustomerID": "14449", "Country": "United Kingdom"},
{"InvoiceNo": "536754", "StockCode": "21137", "Description": "BLACK RECORD COVER FRAME", "Quantity": "1", "InvoiceDate": "02-12-2010 14:09", "UnitPrice": "3.75", "CustomerID": "14449", "Country": "United Kingdom"},
{"InvoiceNo": "536754", "StockCode": "21544", "Description": "SKULLS  WATER TRANSFER TATTOOS ", "Quantity": "10", "InvoiceDate": "02-12-2010 14:09", "UnitPrice": "0.85", "CustomerID": "14449", "Country": "United Kingdom"},
{"InvoiceNo": "536754", "StockCode": "21899", "Description": "KEY FOB , GARAGE DESIGN", "Quantity": "4", "InvoiceDate": "02-12-2010 14:09", "UnitPrice": "0.65", "CustomerID": "14449", "Country": "United Kingdom"},
{"InvoiceNo": "536754", "StockCode": "21901", "Description": "KEY FOB , BACK DOOR ", "Quantity": "4", "InvoiceDate": "02-12-2010 14:09", "UnitPrice": "0.65", "CustomerID": "14449", "Country": "United Kingdom"},
{"InvoiceNo": "536754", "StockCode": "21902", "Description": "KEY FOB , FRONT  DOOR ", "Quantity": "4", "InvoiceDate": "02-12-2010 14:09", "UnitPrice": "0.65", "CustomerID": "14449", "Country": "United Kingdom"},
{"InvoiceNo": "536754", "StockCode": "21911", "Description": "GARDEN METAL SIGN ", "Quantity": "1", "InvoiceDate": "02-12-2010 14:09", "UnitPrice": "1.65", "CustomerID": "14449", "Country": "United Kingdom"},
{"InvoiceNo": "536754", "StockCode": "21948", "Description": "SET OF 6 CAKE CHOPSTICKS", "Quantity": "1", "InvoiceDate": "02-12-2010 14:09", "UnitPrice": "1.25", "CustomerID": "14449", "Country": "United Kingdom"},
{"InvoiceNo": "536754", "StockCode": "21949", "Description": "SET OF 6 STRAWBERRY CHOPSTICKS", "Quantity": "1", "InvoiceDate": "02-12-2010 14:09", "UnitPrice": "1.25", "CustomerID": "14449", "Country": "United Kingdom"},
{"InvoiceNo": "536754", "StockCode": "22088", "Description": "PAPER BUNTING COLOURED LACE", "Quantity": "2", "InvoiceDate": "02-12-2010 14:09", "UnitPrice": "2.95", "CustomerID": "14449", "Country": "United Kingdom"},
{"InvoiceNo": "536754", "StockCode": "22147", "Description": "FELTCRAFT BUTTERFLY HEARTS", "Quantity": "4", "InvoiceDate": "02-12-2010 14:09", "UnitPrice": "1.45", "CustomerID": "14449", "Country": "United Kingdom"},
{"InvoiceNo": "536754", "StockCode": "22150", "Description": "3 STRIPEY MICE FELTCRAFT", "Quantity": "2", "InvoiceDate": "02-12-2010 14:09", "UnitPrice": "1.95", "CustomerID": "14449", "Country": "United Kingdom"},
{"InvoiceNo": "536754", "StockCode": "22197", "Description": "SMALL POPCORN HOLDER", "Quantity": "3", "InvoiceDate": "02-12-2010 14:09", "UnitPrice": "0.85", "CustomerID": "14449", "Country": "United Kingdom"},
{"InvoiceNo": "536754", "StockCode": "22198", "Description": "LARGE POPCORN HOLDER ", "Quantity": "2", "InvoiceDate": "02-12-2010 14:09", "UnitPrice": "1.65", "CustomerID": "14449", "Country": "United Kingdom"},
{"InvoiceNo": "536754", "StockCode": "22274", "Description": "FELTCRAFT DOLL EMILY", "Quantity": "3", "InvoiceDate": "02-12-2010 14:09", "UnitPrice": "2.95", "CustomerID": "14449", "Country": "United Kingdom"},
{"InvoiceNo": "536754", "StockCode": "22296", "Description": "HEART IVORY TRELLIS LARGE", "Quantity": "5", "InvoiceDate": "02-12-2010 14:09", "UnitPrice": "1.65", "CustomerID": "14449", "Country": "United Kingdom"},
{"InvoiceNo": "536754", "StockCode": "22326", "Description": "ROUND SNACK BOXES SET OF4 WOODLAND ", "Quantity": "2", "InvoiceDate": "02-12-2010 14:09", "UnitPrice": "2.95", "CustomerID": "14449", "Country": "United Kingdom"},
{"InvoiceNo": "536754", "StockCode": "22327", "Description": "ROUND SNACK BOXES SET OF 4 SKULLS", "Quantity": "2", "InvoiceDate": "02-12-2010 14:09", "UnitPrice": "2.95", "CustomerID": "14449", "Country": "United Kingdom"},
{"InvoiceNo": "536754", "StockCode": "22328", "Description": "ROUND SNACK BOXES SET OF 4 FRUITS ", "Quantity": "1", "InvoiceDate": "02-12-2010 14:09", "UnitPrice": "2.95", "CustomerID": "14449", "Country": "United Kingdom"},
{"InvoiceNo": "536754", "StockCode": "22335", "Description": "HEART DECORATION PAINTED ZINC ", "Quantity": "10", "InvoiceDate": "02-12-2010 14:09", "UnitPrice": "0.65", "CustomerID": "14449", "Country": "United Kingdom"},
{"InvoiceNo": "536754", "StockCode": "22383", "Description": "LUNCH BAG SUKI  DESIGN ", "Quantity": "5", "InvoiceDate": "02-12-2010 14:09", "UnitPrice": "1.65", "CustomerID": "14449", "Country": "United Kingdom"},
{"InvoiceNo": "536754", "StockCode": "22384", "Description": "LUNCH BAG PINK POLKADOT", "Quantity": "3", "InvoiceDate": "02-12-2010 14:09", "UnitPrice": "1.65", "CustomerID": "14449", "Country": "United Kingdom"},
{"InvoiceNo": "536754", "StockCode": "22418", "Description": "10 COLOUR SPACEBOY PEN", "Quantity": "12", "InvoiceDate": "02-12-2010 14:09", "UnitPrice": "0.85", "CustomerID": "14449", "Country": "United Kingdom"},
{"InvoiceNo": "536754", "StockCode": "22470", "Description": "HEART OF WICKER LARGE", "Quantity": "4", "InvoiceDate": "02-12-2010 14:09", "UnitPrice": "2.95", "CustomerID": "14449", "Country": "United Kingdom"},
{"InvoiceNo": "536754", "StockCode": "22553", "Description": "PLASTERS IN TIN SKULLS", "Quantity": "1", "InvoiceDate": "02-12-2010 14:09", "UnitPrice": "1.65", "CustomerID": "14449", "Country": "United Kingdom"},
{"InvoiceNo": "536754", "StockCode": "22558", "Description": "CLOTHES PEGS RETROSPOT PACK 24 ", "Quantity": "1", "InvoiceDate": "02-12-2010 14:09", "UnitPrice": "1.49", "CustomerID": "14449", "Country": "United Kingdom"},
{"InvoiceNo": "536754", "StockCode": "22570", "Description": "FELTCRAFT CUSHION RABBIT", "Quantity": "1", "InvoiceDate": "02-12-2010 14:09", "UnitPrice": "3.75", "CustomerID": "14449", "Country": "United Kingdom"},
{"InvoiceNo": "536754", "StockCode": "22633", "Description": "HAND WARMER UNION JACK", "Quantity": "4", "InvoiceDate": "02-12-2010 14:09", "UnitPrice": "2.1", "CustomerID": "14449", "Country": "United Kingdom"},
{"InvoiceNo": "536754", "StockCode": "22652", "Description": "TRAVEL SEWING KIT", "Quantity": "2", "InvoiceDate": "02-12-2010 14:09", "UnitPrice": "1.65", "CustomerID": "14449", "Country": "United Kingdom"},
{"InvoiceNo": "536754", "StockCode": "22743", "Description": "MAKE YOUR OWN FLOWERPOWER CARD KIT", "Quantity": "1", "InvoiceDate": "02-12-2010 14:09", "UnitPrice": "2.95", "CustomerID": "14449", "Country": "United Kingdom"},
{"InvoiceNo": "536754", "StockCode": "22834", "Description": "HAND WARMER BABUSHKA DESIGN", "Quantity": "5", "InvoiceDate": "02-12-2010 14:09", "UnitPrice": "2.1", "CustomerID": "14449", "Country": "United Kingdom"},
{"InvoiceNo": "536754", "StockCode": "22867", "Description": "HAND WARMER BIRD DESIGN", "Quantity": "3", "InvoiceDate": "02-12-2010 14:09", "UnitPrice": "2.1", "CustomerID": "14449", "Country": "United Kingdom"},
{"InvoiceNo": "536754", "StockCode": "22953", "Description": "BIRTHDAY PARTY CORDON BARRIER TAPE", "Quantity": "1", "InvoiceDate": "02-12-2010 14:09", "UnitPrice": "1.25", "CustomerID": "14449", "Country": "United Kingdom"},
{"InvoiceNo": "536754", "StockCode": "22972", "Description": "CHILDREN'S SPACEBOY MUG", "Quantity": "2", "InvoiceDate": "02-12-2010 14:09", "UnitPrice": "1.65", "CustomerID": "14449", "Country": "United Kingdom"},
{"InvoiceNo": "536754", "StockCode": "22975", "Description": "SPACEBOY CHILDRENS EGG CUP", "Quantity": "2", "InvoiceDate": "02-12-2010 14:09", "UnitPrice": "1.25", "CustomerID": "14449", "Country": "United Kingdom"},
{"InvoiceNo": "536754", "StockCode": "22976", "Description": "CIRCUS PARADE CHILDRENS EGG CUP ", "Quantity": "2", "InvoiceDate": "02-12-2010 14:09", "UnitPrice": "1.25", "CustomerID": "14449", "Country": "United Kingdom"},
{"InvoiceNo": "536754", "StockCode": "22977", "Description": "DOLLY GIRL CHILDRENS EGG CUP", "Quantity": "2", "InvoiceDate": "02-12-2010 14:09", "UnitPrice": "1.25", "CustomerID": "14449", "Country": "United Kingdom"},
{"InvoiceNo": "536754", "StockCode": "22988", "Description": "SOLDIERS EGG CUP ", "Quantity": "2", "InvoiceDate": "02-12-2010 14:09", "UnitPrice": "1.25", "CustomerID": "14449", "Country": "United Kingdom"},
{"InvoiceNo": "536754", "StockCode": "84754", "Description": "S/15 SILVER GLASS BAUBLES IN BAG", "Quantity": "1", "InvoiceDate": "02-12-2010 14:09", "UnitPrice": "1.25", "CustomerID": "14449", "Country": "United Kingdom"},
{"InvoiceNo": "536754", "StockCode": "85185B", "Description": "PINK HORSE SOCK PUPPET", "Quantity": "1", "InvoiceDate": "02-12-2010 14:09", "UnitPrice": "2.95", "CustomerID": "14449", "Country": "United Kingdom"},
{"InvoiceNo": "536754", "StockCode": "85185D", "Description": "FROG SOCK PUPPET", "Quantity": "1", "InvoiceDate": "02-12-2010 14:09", "UnitPrice": "2.95", "CustomerID": "14449", "Country": "United Kingdom"},
{"InvoiceNo": "536764", "StockCode": "84952C", "Description": "", "Quantity": "-38", "InvoiceDate": "02-12-2010 14:42", "UnitPrice": "0", "CustomerID": "", "Country": "United Kingdom"},
{"InvoiceNo": "536784", "StockCode": "16237", "Description": "SLEEPING CAT ERASERS", "Quantity": "90", "InvoiceDate": "02-12-2010 15:20", "UnitPrice": "0.16", "CustomerID": "15061", "Country": "United Kingdom"},
{"InvoiceNo": "536784", "StockCode": "20685", "Description": "DOORMAT RED RETROSPOT", "Quantity": "20", "InvoiceDate": "02-12-2010 15:20", "UnitPrice": "6.75", "CustomerID": "15061", "Country": "United Kingdom"},
{"InvoiceNo": "536784", "StockCode": "20719", "Description": "WOODLAND CHARLOTTE BAG", "Quantity": "30", "InvoiceDate": "02-12-2010 15:20", "UnitPrice": "0.72", "CustomerID": "15061", "Country": "United Kingdom"},
{"InvoiceNo": "536784", "StockCode": "21212", "Description": "PACK OF 72 RETROSPOT CAKE CASES", "Quantity": "120", "InvoiceDate": "02-12-2010 15:20", "UnitPrice": "0.42", "CustomerID": "15061", "Country": "United Kingdom"},
{"InvoiceNo": "536784", "StockCode": "21498", "Description": "RED RETROSPOT WRAP ", "Quantity": "50", "InvoiceDate": "02-12-2010 15:20", "UnitPrice": "0.34", "CustomerID": "15061", "Country": "United Kingdom"},
{"InvoiceNo": "536784", "StockCode": "21499", "Description": "BLUE POLKADOT WRAP", "Quantity": "50", "InvoiceDate": "02-12-2010 15:20", "UnitPrice": "0.34", "CustomerID": "15061", "Country": "United Kingdom"},
{"InvoiceNo": "536784", "StockCode": "21673", "Description": "WHITE SPOT BLUE CERAMIC DRAWER KNOB", "Quantity": "24", "InvoiceDate": "02-12-2010 15:20", "UnitPrice": "1.25", "CustomerID": "15061", "Country": "United Kingdom"},
{"InvoiceNo": "536784", "StockCode": "22075", "Description": "6 RIBBONS ELEGANT CHRISTMAS ", "Quantity": "48", "InvoiceDate": "02-12-2010 15:20", "UnitPrice": "1.45", "CustomerID": "15061", "Country": "United Kingdom"},
{"InvoiceNo": "536784", "StockCode": "22452", "Description": "MEASURING TAPE BABUSHKA PINK", "Quantity": "12", "InvoiceDate": "02-12-2010 15:20", "UnitPrice": "2.55", "CustomerID": "15061", "Country": "United Kingdom"},
{"InvoiceNo": "536784", "StockCode": "22453", "Description": "MEASURING TAPE BABUSHKA BLUE", "Quantity": "24", "InvoiceDate": "02-12-2010 15:20", "UnitPrice": "2.55", "CustomerID": "15061", "Country": "United Kingdom"},
{"InvoiceNo": "536784", "StockCode": "22454", "Description": "MEASURING TAPE BABUSHKA RED", "Quantity": "12", "InvoiceDate": "02-12-2010 15:20", "UnitPrice": "2.55", "CustomerID": "15061", "Country": "United Kingdom"},
{"InvoiceNo": "536784", "StockCode": "22530", "Description": "MAGIC DRAWING SLATE DOLLY GIRL ", "Quantity": "48", "InvoiceDate": "02-12-2010 15:20", "UnitPrice": "0.36", "CustomerID": "15061", "Country": "United Kingdom"},
{"InvoiceNo": "536784", "StockCode": "22533", "Description": "MAGIC DRAWING SLATE BAKE A CAKE ", "Quantity": "24", "InvoiceDate": "02-12-2010 15:20", "UnitPrice": "0.36", "CustomerID": "15061", "Country": "United Kingdom"},
{"InvoiceNo": "536784", "StockCode": "22534", "Description": "MAGIC DRAWING SLATE SPACEBOY ", "Quantity": "48", "InvoiceDate": "02-12-2010 15:20", "UnitPrice": "0.36", "CustomerID": "15061", "Country": "United Kingdom"},
{"InvoiceNo": "536784", "StockCode": "22536", "Description": "MAGIC DRAWING SLATE PURDEY", "Quantity": "48", "InvoiceDate": "02-12-2010 15:20", "UnitPrice": "0.36", "CustomerID": "15061", "Country": "United Kingdom"},
{"InvoiceNo": "536784", "StockCode": "22585", "Description": "PACK OF 6 BIRDY GIFT TAGS", "Quantity": "72", "InvoiceDate": "02-12-2010 15:20", "UnitPrice": "1.25", "CustomerID": "15061", "Country": "United Kingdom"},
{"InvoiceNo": "536784", "StockCode": "22629", "Description": "SPACEBOY LUNCH BOX ", "Quantity": "36", "InvoiceDate": "02-12-2010 15:20", "UnitPrice": "1.65", "CustomerID": "15061", "Country": "United Kingdom"},
{"InvoiceNo": "536784", "StockCode": "22630", "Description": "DOLLY GIRL LUNCH BOX", "Quantity": "36", "InvoiceDate": "02-12-2010 15:20", "UnitPrice": "1.65", "CustomerID": "15061", "Country": "United Kingdom"},
{"InvoiceNo": "536784", "StockCode": "22659", "Description": "LUNCH BOX I LOVE LONDON", "Quantity": "64", "InvoiceDate": "02-12-2010 15:20", "UnitPrice": "1.65", "CustomerID": "15061", "Country": "United Kingdom"},
{"InvoiceNo": "536784", "StockCode": "22752", "Description": "SET 7 BABUSHKA NESTING BOXES", "Quantity": "72", "InvoiceDate": "02-12-2010 15:20", "UnitPrice": "7.65", "CustomerID": "15061", "Country": "United Kingdom"},
{"InvoiceNo": "536784", "StockCode": "48187", "Description": "DOORMAT NEW ENGLAND", "Quantity": "30", "InvoiceDate": "02-12-2010 15:20", "UnitPrice": "6.75", "CustomerID": "15061", "Country": "United Kingdom"},
{"InvoiceNo": "536784", "StockCode": "71459", "Description": "HANGING JAM JAR T-LIGHT HOLDER", "Quantity": "96", "InvoiceDate": "02-12-2010 15:20", "UnitPrice": "0.72", "CustomerID": "15061", "Country": "United Kingdom"},
{"InvoiceNo": "536784", "StockCode": "84347", "Description": "ROTATING SILVER ANGELS T-LIGHT HLDR", "Quantity": "240", "InvoiceDate": "02-12-2010 15:20", "UnitPrice": "1.88", "CustomerID": "15061", "Country": "United Kingdom"},
{"InvoiceNo": "536784", "StockCode": "85116", "Description": "BLACK CANDELABRA T-LIGHT HOLDER", "Quantity": "24", "InvoiceDate": "02-12-2010 15:20", "UnitPrice": "1.25", "CustomerID": "15061", "Country": "United Kingdom"},
{"InvoiceNo": "536784", "StockCode": "84952B", "Description": "BLACK LOVE BIRD T-LIGHT HOLDER", "Quantity": "12", "InvoiceDate": "02-12-2010 15:20", "UnitPrice": "1.25", "CustomerID": "15061", "Country": "United Kingdom"},
{"InvoiceNo": "536794", "StockCode": "21314", "Description": "SMALL GLASS HEART TRINKET POT", "Quantity": "24", "InvoiceDate": "02-12-2010 15:40", "UnitPrice": "2.1", "CustomerID": "13767", "Country": "United Kingdom"},
{"InvoiceNo": "536794", "StockCode": "22114", "Description": "HOT WATER BOTTLE TEA AND SYMPATHY", "Quantity": "12", "InvoiceDate": "02-12-2010 15:40", "UnitPrice": "3.95", "CustomerID": "13767", "Country": "United Kingdom"},
{"InvoiceNo": "536794", "StockCode": "22726", "Description": "ALARM CLOCK BAKELIKE GREEN", "Quantity": "12", "InvoiceDate": "02-12-2010 15:40", "UnitPrice": "3.75", "CustomerID": "13767", "Country": "United Kingdom"},
{"InvoiceNo": "536794", "StockCode": "22727", "Description": "ALARM CLOCK BAKELIKE RED ", "Quantity": "48", "InvoiceDate": "02-12-2010 15:40", "UnitPrice": "3.75", "CustomerID": "13767", "Country": "United Kingdom"},
{"InvoiceNo": "536804", "StockCode": "20679", "Description": "EDWARDIAN PARASOL RED", "Quantity": "12", "InvoiceDate": "02-12-2010 16:34", "UnitPrice": "5.95", "CustomerID": "14031", "Country": "United Kingdom"},
{"InvoiceNo": "536804", "StockCode": "21484", "Description": "CHICK GREY HOT WATER BOTTLE", "Quantity": "36", "InvoiceDate": "02-12-2010 16:34", "UnitPrice": "2.95", "CustomerID": "14031", "Country": "United Kingdom"},
{"InvoiceNo": "536804", "StockCode": "21524", "Description": "DOORMAT SPOTTY HOME SWEET HOME", "Quantity": "10", "InvoiceDate": "02-12-2010 16:34", "UnitPrice": "6.75", "CustomerID": "14031", "Country": "United Kingdom"},
{"InvoiceNo": "536804", "StockCode": "21658", "Description": "GLASS  BEURRE DISH", "Quantity": "8", "InvoiceDate": "02-12-2010 16:34", "UnitPrice": "3.95", "CustomerID": "14031", "Country": "United Kingdom"},
{"InvoiceNo": "536804", "StockCode": "21745", "Description": "GAOLERS KEYS DECORATIVE GARDEN ", "Quantity": "24", "InvoiceDate": "02-12-2010 16:34", "UnitPrice": "3.39", "CustomerID": "14031", "Country": "United Kingdom"},
{"InvoiceNo": "536804", "StockCode": "22065", "Description": "CHRISTMAS PUDDING TRINKET POT ", "Quantity": "10", "InvoiceDate": "02-12-2010 16:34", "UnitPrice": "1.45", "CustomerID": "14031", "Country": "United Kingdom"},
{"InvoiceNo": "536804", "StockCode": "22326", "Description": "ROUND SNACK BOXES SET OF4 WOODLAND ", "Quantity": "6", "InvoiceDate": "02-12-2010 16:34", "UnitPrice": "2.95", "CustomerID": "14031", "Country": "United Kingdom"},
{"InvoiceNo": "536804", "StockCode": "22328", "Description": "ROUND SNACK BOXES SET OF 4 FRUITS ", "Quantity": "6", "InvoiceDate": "02-12-2010 16:34", "UnitPrice": "2.95", "CustomerID": "14031", "Country": "United Kingdom"},
{"InvoiceNo": "536804", "StockCode": "22365", "Description": "DOORMAT RESPECTABLE HOUSE", "Quantity": "10", "InvoiceDate": "02-12-2010 16:34", "UnitPrice": "6.75", "CustomerID": "14031", "Country": "United Kingdom"},
{"InvoiceNo": "536804", "StockCode": "22423", "Description": "REGENCY CAKESTAND 3 TIER", "Quantity": "16", "InvoiceDate": "02-12-2010 16:34", "UnitPrice": "10.95", "CustomerID": "14031", "Country": "United Kingdom"},
{"InvoiceNo": "536804", "StockCode": "22697", "Description": "GREEN REGENCY TEACUP AND SAUCER", "Quantity": "6", "InvoiceDate": "02-12-2010 16:34", "UnitPrice": "2.95", "CustomerID": "14031", "Country": "United Kingdom"},
{"InvoiceNo": "536804", "StockCode": "22777", "Description": "GLASS CLOCHE LARGE", "Quantity": "12", "InvoiceDate": "02-12-2010 16:34", "UnitPrice": "7.65", "CustomerID": "14031", "Country": "United Kingdom"},
{"InvoiceNo": "536804", "StockCode": "22778", "Description": "GLASS CLOCHE SMALL", "Quantity": "24", "InvoiceDate": "02-12-2010 16:34", "UnitPrice": "3.39", "CustomerID": "14031", "Country": "United Kingdom"},
{"InvoiceNo": "536804", "StockCode": "22798", "Description": "ANTIQUE GLASS DRESSING TABLE POT", "Quantity": "2", "InvoiceDate": "02-12-2010 16:34", "UnitPrice": "2.95", "CustomerID": "14031", "Country": "United Kingdom"},
{"InvoiceNo": "536804", "StockCode": "22800", "Description": "ANTIQUE TALL SWIRLGLASS TRINKET POT", "Quantity": "12", "InvoiceDate": "02-12-2010 16:34", "UnitPrice": "3.75", "CustomerID": "14031", "Country": "United Kingdom"},
{"InvoiceNo": "536804", "StockCode": "22801", "Description": "ANTIQUE GLASS PEDESTAL BOWL", "Quantity": "6", "InvoiceDate": "02-12-2010 16:34", "UnitPrice": "3.75", "CustomerID": "14031", "Country": "United Kingdom"},
{"InvoiceNo": "536804", "StockCode": "22926", "Description": "IVORY GIANT GARDEN THERMOMETER", "Quantity": "4", "InvoiceDate": "02-12-2010 16:34", "UnitPrice": "5.95", "CustomerID": "14031", "Country": "United Kingdom"},
{"InvoiceNo": "536804", "StockCode": "22988", "Description": "SOLDIERS EGG CUP ", "Quantity": "72", "InvoiceDate": "02-12-2010 16:34", "UnitPrice": "1.25", "CustomerID": "14031", "Country": "United Kingdom"},
{"InvoiceNo": "536804", "StockCode": "37370", "Description": "RETRO COFFEE MUGS ASSORTED", "Quantity": "72", "InvoiceDate": "02-12-2010 16:34", "UnitPrice": "1.06", "CustomerID": "14031", "Country": "United Kingdom"},
{"InvoiceNo": "536804", "StockCode": "48138", "Description": "DOORMAT UNION FLAG", "Quantity": "10", "InvoiceDate": "02-12-2010 16:34", "UnitPrice": "6.75", "CustomerID": "14031", "Country": "United Kingdom"},
{"InvoiceNo": "536804", "StockCode": "79067", "Description": "CORONA MEXICAN TRAY", "Quantity": "17", "InvoiceDate": "02-12-2010 16:34", "UnitPrice": "3.75", "CustomerID": "14031", "Country": "United Kingdom"},
{"InvoiceNo": "536804", "StockCode": "84879", "Description": "ASSORTED COLOUR BIRD ORNAMENT", "Quantity": "48", "InvoiceDate": "02-12-2010 16:34", "UnitPrice": "1.69", "CustomerID": "14031", "Country": "United Kingdom"},
{"InvoiceNo": "536804", "StockCode": "15056BL", "Description": "EDWARDIAN PARASOL BLACK", "Quantity": "12", "InvoiceDate": "02-12-2010 16:34", "UnitPrice": "5.95", "CustomerID": "14031", "Country": "United Kingdom"},
{"InvoiceNo": "536804", "StockCode": "84029E", "Description": "RED WOOLLY HOTTIE WHITE HEART.", "Quantity": "48", "InvoiceDate": "02-12-2010 16:34", "UnitPrice": "3.39", "CustomerID": "14031", "Country": "United Kingdom"},
{"InvoiceNo": "536804", "StockCode": "84029G", "Description": "KNITTED UNION FLAG HOT WATER BOTTLE", "Quantity": "48", "InvoiceDate": "02-12-2010 16:34", "UnitPrice": "3.39", "CustomerID": "14031", "Country": "United Kingdom"},
{"InvoiceNo": "C536814", "StockCode": "21258", "Description": "VICTORIAN SEWING BOX LARGE", "Quantity": "-1", "InvoiceDate": "02-12-2010 17:03", "UnitPrice": "12.75", "CustomerID": "13958", "Country": "United Kingdom"},
{"InvoiceNo": "C536814", "StockCode": "21527", "Description": "RED RETROSPOT TRADITIONAL TEAPOT ", "Quantity": "-2", "InvoiceDate": "02-12-2010 17:03", "UnitPrice": "7.95", "CustomerID": "13958", "Country": "United Kingdom"},
{"InvoiceNo": "C536814", "StockCode": "21586", "Description": "KINGS CHOICE GIANT TUBE MATCHES", "Quantity": "-12", "InvoiceDate": "02-12-2010 17:03", "UnitPrice": "2.55", "CustomerID": "13958", "Country": "United Kingdom"},
{"InvoiceNo": "C536814", "StockCode": "85066", "Description": "CREAM SWEETHEART MINI CHEST", "Quantity": "-2", "InvoiceDate": "02-12-2010 17:03", "UnitPrice": "12.75", "CustomerID": "13958", "Country": "United Kingdom"},
{"InvoiceNo": "C536814", "StockCode": "72799E", "Description": "IVORY PILLAR CANDLE SILVER FLOCK", "Quantity": "-6", "InvoiceDate": "02-12-2010 17:03", "UnitPrice": "2.95", "CustomerID": "13958", "Country": "United Kingdom"},
{"InvoiceNo": "536824", "StockCode": "85123A", "Description": "WHITE HANGING HEART T-LIGHT HOLDER", "Quantity": "160", "InvoiceDate": "02-12-2010 17:24", "UnitPrice": "2.55", "CustomerID": "13798", "Country": "United Kingdom"},
{"InvoiceNo": "536834", "StockCode": "21111", "Description": "SWISS ROLL TOWEL, CHOCOLATE  SPOTS", "Quantity": "12", "InvoiceDate": "02-12-2010 17:51", "UnitPrice": "2.95", "CustomerID": "14576", "Country": "United Kingdom"},
{"InvoiceNo": "536844", "StockCode": "21430", "Description": "SET/3 RED GINGHAM ROSE STORAGE BOX", "Quantity": "4", "InvoiceDate": "02-12-2010 18:49", "UnitPrice": "3.75", "CustomerID": "14236", "Country": "United Kingdom"},
{"InvoiceNo": "536844", "StockCode": "22502", "Description": "PICNIC BASKET WICKER SMALL", "Quantity": "32", "InvoiceDate": "02-12-2010 18:49", "UnitPrice": "4.95", "CustomerID": "14236", "Country": "United Kingdom"},
{"InvoiceNo": "536844", "StockCode": "22841", "Description": "ROUND CAKE TIN VINTAGE GREEN", "Quantity": "2", "InvoiceDate": "02-12-2010 18:49", "UnitPrice": "7.95", "CustomerID": "14236", "Country": "United Kingdom"}
]