[{"InvoiceNo": "536600", "StockCode": "21730", "Description": "GLASS STAR FROSTED T-LIGHT HOLDER", "Quantity": "4", "InvoiceDate": "02-12-2010 8:32", "UnitPrice": "4.25", "CustomerID": "17850", "Country": "United Kingdom"},
{"InvoiceNo": "536600", "StockCode": "22411", "Description": "JUMBO SHOPPER VINTAGE RED PAISLEY", "Quantity": "6", "InvoiceDate": "02-12-2010 8:32", "UnitPrice": "1.65", "CustomerID": "17850", "Country": "United Kingdom"},
{"InvoiceNo": "536600", "StockCode": "22752", "Description": "SET 7 BABUSHKA NESTING BOXES", "Quantity": "2", "InvoiceDate": "02-12-2010 8:32", "UnitPrice": "7.65", "CustomerID": "17850", "Country": "United Kingdom"},
{"InvoiceNo": "536600", "StockCode": "22803", "Description": "IVORY EMBROIDERED QUILT ", "Quantity": "2", "InvoiceDate": "02-12-2010 8:32", "UnitPrice": "35.75", "CustomerID": "17850", "Country": "United Kingdom"},
{"InvoiceNo": "536600", "StockCode": "71053", "Description": "WHITE METAL LANTERN", "Quantity": "6", "InvoiceDate": "02-12-2010 8:32", "UnitPrice": "3.39", "CustomerID": "17850", "Country": "United Kingdom"},
{"InvoiceNo": "536600", "StockCode": "82482", "Description": "WOODEN PICTURE FRAME WHITE FINISH", "Quantity": "6", "InvoiceDate": "02-12-2010 8:32", "UnitPrice": "2.1", "CustomerID": "17850", "Country": "United Kingdom"},
{"InvoiceNo": "536600", "StockCode": "82483", "Description": "WOOD 2 DRAWER CABINET WHITE FINISH", "Quantity": "4", "InvoiceDate": "02-12-2010 8:32", "UnitPrice": "4.95", "CustomerID": "17850", "Country": "United Kingdom"},
{"InvoiceNo": "536600", "StockCode": "82486", "Description": "WOOD S/3 CABINET ANT WHITE FINISH", "Quantity": "2", "InvoiceDate": "02-12-2010 8:32", "UnitPrice": "6.95", "CustomerID": "17850", "Country": "United Kingdom"},
{"InvoiceNo": "536600", "StockCode": "82494L", "Description": "WOODEN FRAME ANTIQUE WHITE ", "Quantity": "6", "InvoiceDate": "02-12-2010 8:32", "UnitPrice": "2.55", "CustomerID": "17850", "Country": "United Kingdom"},
{"InvoiceNo": "536600", "StockCode": "84029E", "Description": "RED WOOLLY HOTTIE WHITE HEART.", "Quantity": "6", "InvoiceDate": "02-12-2010 8:32", "UnitPrice": "3.39", "CustomerID": "17850", "Country": "United Kingdom"},
{"InvoiceNo": "536600", "StockCode": "84029G", "Description": "KNITTED UNION FLAG HOT WATER BOTTLE", "Quantity": "6", "InvoiceDate": "02-12-2010 8:32", "UnitPrice": "3.39", "CustomerID": "17850", "Country": "United Kingdom"},
{"InvoiceNo": "536600", "StockCode": "85123A", "Description": "WHITE HANGING HEART T-LIGHT HOLDER", "Quantity": "6", "InvoiceDate": "02-12-2010 8:32", "UnitPrice": "2.55", "CustomerID": "17850", "Country": "United Kingdom"},
{"InvoiceNo": "536610", "StockCode": "22632", "Description": "HAND WARMER RED POLKA DOT", "Quantity": "6", "InvoiceDate": "02-12-2010 9:42", "UnitPrice": "1.85", "CustomerID": "17850", "Country": "United Kingdom"},
{"InvoiceNo": "536610", "StockCode": "22633", "Description": "HAND WARMER UNION JACK", "Quantity": "6", "InvoiceDate": "02-12-2010 9:42", "UnitPrice": "1.85", "CustomerID": "17850", "Country": "United Kingdom"},
{"InvoiceNo": "536620", "StockCode": "21058", "Description": "PARTY INVITES WOODLAND", "Quantity": "12", "InvoiceDate": "02-12-2010 10:27", "UnitPrice": "0.85", "CustomerID": "14135", "Country": "United Kingdom"},
{"InvoiceNo": "536620", "StockCode": "21060", "Description": "PARTY INVITES BALLOON GIRL", "Quantity": "12", "InvoiceDate": "02-12-2010 10:27", "UnitPrice": "0.85", "CustomerID": "14135", "Country": "United Kingdom"},
{"InvoiceNo": "536620", "StockCode": "21061", "Description": "PARTY INVITES FOOTBALL", "Quantity": "12", "InvoiceDate": "02-12-2010 10:27", "UnitPrice": "0.85", "CustomerID": "14135", "Country": "United Kingdom"},
{"InvoiceNo": "536620", "StockCode": "21062", "Description": "PARTY INVITES SPACEMAN", "Quantity": "12", "InvoiceDate": "02-12-2010 10:27", "UnitPrice": "0.85", "CustomerID": "14135", "Country": "United Kingdom"},
{"InvoiceNo": "536620", "StockCode": "21212", "Description": "PACK OF 72 RETROSPOT CAKE CASES", "Quantity": "120", "InvoiceDate": "02-12-2010 10:27", "UnitPrice": "0.42", "CustomerID": "14135", "Country": "United Kingdom"},
{"InvoiceNo": "536620", "StockCode": "21215", "Description": "IVORY PAPER CUP CAKE CASES ", "Quantity": "120", "InvoiceDate": "02-12-2010 10:27", "UnitPrice": "0.42", "CustomerID": "14135", "Country": "United Kingdom"},
{"InvoiceNo": "536620", "StockCode": "21328", "Description": "BALLOONS  WRITING SET ", "Quantity": "12", "InvoiceDate": "02-12-2010 10:27", "UnitPrice": "1.65", "CustomerID": "14135", "Country": "United Kingdom"},
{"InvoiceNo": "536620", "StockCode": "21719", "Description": "LOVELY BONBON STICKER SHEET", "Quantity": "12", "InvoiceDate": "02-12-2010 10:27", "UnitPrice": "0.85", "CustomerID": "14135", "Country": "United Kingdom"},
{"InvoiceNo": "536620", "StockCode": "21722", "Description": "SWEET PUDDING STICKER SHEET", "Quantity": "12", "InvoiceDate": "02-12-2010 10:27", "UnitPrice": "0.85", "CustomerID": "14135", "Country": "United Kingdom"},
{"InvoiceNo": "536620", "StockCode": "21724", "Description": "PANDA AND BUNNIES STICKER SHEET", "Quantity": "12", "InvoiceDate": "02-12-2010 10:27", "UnitPrice": "0.85", "CustomerID": "14135", "Country": "United Kingdom"},
{"InvoiceNo": "536620", "StockCode": "21880", "Description": "RED RETROSPOT TAPE", "Quantity": "12", "InvoiceDate": "02-12-2010 10:27", "UnitPrice": "0.65", "CustomerID": "14135", "Country": "United Kingdom"},
{"InvoiceNo": "536620", "StockCode": "21881", "Description": "CUTE CATS TAPE", "Quantity": "12", "InvoiceDate": "02-12-2010 10:27", "UnitPrice": "0.65", "CustomerID": "14135", "Country": "United Kingdom"},
{"InvoiceNo": "536620", "StockCode": "21883", "Description": "STARS GIFT TAPE ", "Quantity": "24", "InvoiceDate": "02-12-2010 10:27", "UnitPrice": "0.65", "CustomerID": "14135", "Country": "United Kingdom"},
{"InvoiceNo": "536620", "StockCode": "21977", "Description": "PACK OF 60 PINK PAISLEY CAKE CASES", "Quantity": "120", "InvoiceDate": "02-12-2010 10:27", "UnitPrice": "0.42", "CustomerID": "14135", "Country": "United Kingdom"},
{"InvoiceNo": "536620", "StockCode": "22743", "Description": "MAKE YOUR OWN FLOWERPOWER CARD KIT", "Quantity": "6", "InvoiceDate": "02-12-2010 10:27", "UnitPrice": "2.95", "CustomerID": "14135", "Country": "United Kingdom"},
{"InvoiceNo": "536620", "StockCode": "22744", "Description": "MAKE YOUR OWN MONSOON CARD KIT", "Quantity": "6", "InvoiceDate": "02-12-2010 10:27", "UnitPrice": "2.95", "CustomerID": "14135", "Country": "United Kingdom"},
{"InvoiceNo": "536620", "StockCode": "22943", "Description": "CHRISTMAS LIGHTS 10 VINTAGE BAUBLES", "Quantity": "3", "InvoiceDate": "02-12-2010 10:27", "UnitPrice": "4.95", "CustomerID": "14135", "Country": "United Kingdom"},
{"InvoiceNo": "536620", "StockCode": "22961", "Description": "JAM MAKING SET PRINTED", "Quantity": "12", "InvoiceDate": "02-12-2010 10:27", "UnitPrice": "1.45", "CustomerID": "14135", "Country": "United Kingdom"},
{"InvoiceNo": "536620", "StockCode": "22965", "Description": "3 TRADITIONAl BISCUIT CUTTERS  SET", "Quantity": "6", "InvoiceDate": "02-12-2010 10:27", "UnitPrice": "2.1", "CustomerID": "14135", "Country": "United Kingdom"},
{"InvoiceNo": "536620", "StockCode": "84826", "Description": "ASSTD DESIGN 3D PAPER STICKERS", "Quantity": "60", "InvoiceDate": "02-12-2010 10:27", "UnitPrice": "0.85", "CustomerID": "14135", "Country": "United Kingdom"},
{"InvoiceNo": "536620", "StockCode": "84991", "Description": "60 TEATIME FAIRY CAKE CASES", "Quantity": "120", "InvoiceDate": "02-12-2010 10:27", "UnitPrice": "0.42", "CustomerID": "14135", "Country": "United Kingdom"},
{"InvoiceNo": "536620", "StockCode": "85049E", "Description": "SCANDINAVIAN REDS RIBBONS", "Quantity": "12", "InvoiceDate": "02-12-2010 10:27", "UnitPrice": "1.25", "CustomerID": "14135", "Country": "United Kingdom"},
{"InvoiceNo": "536620", "StockCode": "85049G", "Description": "CHOCOLATE BOX RIBBONS ", "Quantity": "12", "InvoiceDate": "02-12-2010 10:27", "UnitPrice": "1.25", "CustomerID": "14135", "Country": "United Kingdom"},
{"InvoiceNo": "536630", "StockCode": "21068", "Description": "VINTAGE BILLBOARD LOVE/HATE MUG", "Quantity": "6", "InvoiceDate": "02-12-2010 10:56", "UnitPrice": "1.06", "CustomerID": "17850", "Country": "United Kingdom"},
{"InvoiceNo": "536630", "StockCode": "21071", "Description": "VINTAGE BILLBOARD DRINK ME MUG", "Quantity": "6", "InvoiceDate": "02-12-2010 10:56", "UnitPrice": "1.06", "CustomerID": "17850", "Country": "United Kingdom"},
{"InvoiceNo": "536630", "StockCode": "21730", "Description": "GLASS STAR FROSTED T-LIGHT HOLDER", "Quantity": "6", "InvoiceDate": "02-12-2010 10:56", "UnitPrice": "4.25", "CustomerID": "17850", "Country": "United Kingdom"},
{"InvoiceNo": "536630", "StockCode": "21871", "Description": "SAVE THE PLANET MUG", "Quantity": "6", "InvoiceDate": "02-12-2010 10:56", "UnitPrice": "1.06", "CustomerID": "17850", "Country": "United Kingdom"},
{"InvoiceNo": "536630", "StockCode": "22411", "Description": "JUMBO SHOPPER VINTAGE RED PAISLEY", "Quantity": "6", "InvoiceDate": "02-12-2010 10:56", "UnitPrice": "1.65", "CustomerID": "17850", "Country": "United Kingdom"},
{"InvoiceNo": "536630", "StockCode": "22752", "Description": "SET 7 BABUSHKA NESTING BOXES", "Quantity": "2", "InvoiceDate": "02-12-2010 10:56", "UnitPrice": "7.65", "CustomerID": "17850", "Country": "United Kingdom"},
{"InvoiceNo": "536630", "StockCode": "37370", "Description": "RETRO COFFEE MUGS ASSORTED", "Quantity": "6", "InvoiceDate": "02-12-2010 10:56", "UnitPrice": "1.06", "CustomerID": "17850", "Country": "United Kingdom"},
{"InvoiceNo": "536630", "StockCode": "71053", "Description": "WHITE METAL LANTERN", "Quantity": "6", "InvoiceDate": "02-12-2010 10:56", "UnitPrice": "3.39", "CustomerID": "17850", "Country": "United Kingdom"},
{"InvoiceNo": "536630", "StockCode": "82482", "Description": "WOODEN PICTURE FRAME WHITE FINISH", "Quantity": "6", "InvoiceDate": "02-12-2010 10:56", "UnitPrice": "2.1", "CustomerID": "17850", "Country": "United Kingdom"},
{"InvoiceNo": "536630", "StockCode": "82483", "Description": "WOOD 2 DRAWER CABINET WHITE FINISH", "Quantity": "4", "InvoiceDate": "02-12-2010 10:56", "UnitPrice": "4.95", "CustomerID": "17850", "Country": "United Kingdom"},
{"InvoiceNo": "536630", "StockCode": "82486", "Description": "WOOD S/3 CABINET ANT WHITE FINISH", "Quantity": "4", "InvoiceDate": "02-12-2010 10:56", "UnitPrice": "6.95", "CustomerID": "17850", "Country": "United Kingdom"},
{"InvoiceNo": "536630", "StockCode": "82494L", "Description": "WOODEN FRAME ANTIQUE WHITE ", "Quantity": "6", "InvoiceDate": "02-12-2010 10:56", "UnitPrice": "2.55", "CustomerID": "17850", "Country": "United Kingdom"},
{"InvoiceNo": "536630", "StockCode": "84029E", "Description": "RED WOOLLY HOTTIE WHITE HEART.", "Quantity": "6", "InvoiceDate": "02-12-2010 10:56", "UnitPrice": "3.39", "CustomerID": "17850", "Country": "United Kingdom"},
{"InvoiceNo": "536630", "StockCode": "84029G", "Description": "KNITTED UNION FLAG HOT WATER BOTTLE", "Quantity": "6", "InvoiceDate": "02-12-2010 10:56", "UnitPrice": "3.39", "CustomerID": "17850", "Country": "United Kingdom"},
{"InvoiceNo": "536630", "StockCode": "84406B", "Description": "CREAM CUPID HEARTS COAT HANGER", "Quantity": "6", "InvoiceDate": "02-12-2010 10:56", "UnitPrice": "2.75", "CustomerID": "17850", "Country": "United Kingdom"},
{"InvoiceNo": "536630", "StockCode": "85123A", "Description": "WHITE HANGING HEART T-LIGHT HOLDER", "Quantity": "6", "InvoiceDate": "02-12-2010 10:56", "UnitPrice": "2.55", "CustomerID": "17850", "Country": "United Kingdom"},
{"InvoiceNo": "536640", "StockCode": "20754", "Description": "RETROSPOT RED WASHING UP GLOVES", "Quantity": "1", "InvoiceDate": "02-12-2010 11:45", "UnitPrice": "2.1", "CustomerID": "", "Country": "United Kingdom"},
{"InvoiceNo": "536640", "StockCode": "21914", "Description": "BLUE HARMONICA IN BOX ", "Quantity": "1", "InvoiceDate": "02-12-2010 11:45", "UnitPrice": "1.25", "CustomerID": "", "Country": "United Kingdom"},
{"InvoiceNo": "536640", "StockCode": "22411", "Description": "JUMBO SHOPPER VINTAGE RED PAISLEY", "Quantity": "1", "InvoiceDate": "02-12-2010 11:45", "UnitPrice": "1.95", "CustomerID": "", "Country": "United Kingdom"},
{"InvoiceNo": "536640", "StockCode": "22560", "Description": "TRADITIONAL MODELLING CLAY", "Quantity": "1", "InvoiceDate": "02-12-2010 11:45", "UnitPrice": "1.25", "CustomerID": "", "Country": "United Kingdom"},
{"InvoiceNo": "536640", "StockCode": "22632", "Description": "HAND WARMER RED RETROSPOT", "Quantity": "1", "InvoiceDate": "02-12-2010 11:45", "UnitPrice": "2.1", "CustomerID": "", "Country": "United Kingdom"},
{"InvoiceNo": "536640", "StockCode": "22633", "Description": "HAND WARMER UNION JACK", "Quantity": "1", "InvoiceDate": "02-12-2010 11:45", "UnitPrice": "2.1", "CustomerID": "", "Country": "United Kingdom"},
{"InvoiceNo": "536640", "StockCode": "22661", "Description": "CHARLOTTE BAG DOLLY GIRL DESIGN", "Quantity": "1", "InvoiceDate": "02-12-2010 11:45", "UnitPrice": "0.85", "CustomerID": "", "Country": "United Kingdom"},
{"InvoiceNo": "536640", "StockCode": "22667", "Description": "RECIPE BOX RETROSPOT ", "Quantity": "1", "InvoiceDate": "02-12-2010 11:45", "UnitPrice": "2.95", "CustomerID": "", "Country": "United Kingdom"},
{"InvoiceNo": "536640", "StockCode": "22761", "Description": "CHEST 7 DRAWER MA CAMPAGNE", "Quantity": "1", "InvoiceDate": "02-12-2010 11:45", "UnitPrice": "24.95", "CustomerID": "", "Country": "United Kingdom"},
{"InvoiceNo": "536640", "StockCode": "22867", "Description": "HAND WARMER BIRD DESIGN", "Quantity": "1", "InvoiceDate": "02-12-2010 11:45", "UnitPrice": "2.1", "CustomerID": "", "Country": "United Kingdom"},
{"InvoiceNo": "536640", "StockCode": "85035A", "Description": "GARDENIA 3 WICK MORRIS BOXED CANDLE", "Quantity": "1", "InvoiceDate": "02-12-2010 11:45", "UnitPrice": "4.25", "CustomerID": "", "Country": "United Kingdom"},
{"InvoiceNo": "536670", "StockCode": "22469", "Description": "HEART OF WICKER SMALL", "Quantity": "40", "InvoiceDate": "02-12-2010 12:09", "UnitPrice": "1.45", "CustomerID": "15260", "Country": "United Kingdom"},
{"InvoiceNo": "536690", "StockCode": "21068", "Description": "VINTAGE BILLBOARD LOVE/HATE MUG", "Quantity": "6", "InvoiceDate": "02-12-2010 12:25", "UnitPrice": "1.06", "CustomerID": "17850", "Country": "United Kingdom"},
{"InvoiceNo": "536690", "StockCode": "21071", "Description": "VINTAGE BILLBOARD DRINK ME MUG", "Quantity": "6", "InvoiceDate": "02-12-2010 12:25", "UnitPrice": "1.06", "CustomerID": "17850", "Country": "United Kingdom"},
{"InvoiceNo": "536690", "StockCode": "21730", "Description": "GLASS STAR FROSTED T-LIGHT HOLDER", "Quantity": "6", "InvoiceDate": "02-12-2010 12:25", "UnitPrice": "4.25", "CustomerID": "17850", "Country": "United Kingdom"},
{"InvoiceNo": "536690", "StockCode": "21871", "Description": "SAVE THE PLANET MUG", "Quantity": "6", "InvoiceDate": "02-12-2010 12:25", "UnitPrice": "1.06", "CustomerID": "17850", "Country": "United Kingdom"},
{"InvoiceNo": "536690", "StockCode": "22411", "Description": "JUMBO SHOPPER VINTAGE RED PAISLEY", "Quantity": "6", "InvoiceDate": "02-12-2010 12:25", "UnitPrice": "1.65", "CustomerID": "17850", "Country": "United Kingdom"},
{"InvoiceNo": "536690", "StockCode": "22752", "Description": "SET 7 BABUSHKA NESTING BOXES", "Quantity": "4", "InvoiceDate": "02-12-2010 12:25", "UnitPrice": "7.65", "CustomerID": "17850", "Country": "United Kingdom"},
{"InvoiceNo": "536690", "StockCode": "22803", "Description": "IVORY EMBROIDERED QUILT ", "Quantity": "2", "InvoiceDate": "02-12-2010 12:25", "UnitPrice": "35.75", "CustomerID": "17850", "Country": "United Kingdom"},
{"InvoiceNo": "536690", "StockCode": "37370", "Description": "RETRO COFFEE MUGS ASSORTED", "Quantity": "6", "InvoiceDate": "02-12-2010 12:25", "UnitPrice": "1.06", "CustomerID": "17850", "Country": "United Kingdom"},
{"InvoiceNo": "536690", "StockCode": "71053", "Description": "WHITE METAL LANTERN", "Quantity": "6", "InvoiceDate": "02-12-2010 12:25", "UnitPrice": "3.39", "CustomerID": "17850", "Country": "United Kingdom"},
{"InvoiceNo": "536690", "StockCode": "82482", "Description": "WOODEN PICTURE FRAME WHITE FINISH", "Quantity": "6", "InvoiceDate": "02-12-2010 12:25", "UnitPrice": "2.1", "CustomerID": "17850", "Country": "United Kingdom"},
{"InvoiceNo": "536690", "StockCode": "82483", "Description": "WOOD 2 DRAWER CABINET WHITE FINISH", "Quantity": "4", "InvoiceDate": "02-12-2010 12:25", "UnitPrice": "4.95", "CustomerID": "17850", "Country": "United Kingdom"},
{"InvoiceNo": "536690", "StockCode": "82486", "Description": "WOOD S/3 CABINET ANT WHITE FINISH", "Quantity": "4", "InvoiceDate": "02-12-2010 12:25", "UnitPrice": "6.95", "CustomerID": "17850", "Country": "United Kingdom"},
{"InvoiceNo": "536690", "StockCode": "82494L", "Description": "WOODEN FRAME ANTIQUE WHITE ", "Quantity": "6", "InvoiceDate": "02-12-2010 12:25", "UnitPrice": "2.55", "CustomerID": "17850", "Country": "United Kingdom"},
{"InvoiceNo": "536690", "StockCode": "84029E", "Description": "RED WOOLLY HOTTIE WHITE HEART.", "Quantity": "6", "InvoiceDate": "02-12-2010 12:25", "UnitPrice": "3.39", "CustomerID": "17850", "Country": "United Kingdom"},
{"InvoiceNo": "536690", "StockCode": "84029G", "Description": "KNITTED UNION FLAG HOT WATER BOTTLE", "Quantity": "6", "InvoiceDate": "02-12-2010 12:25", "UnitPrice": "3.39", "CustomerID": "17850", "Country": "United Kingdom"},
{"InvoiceNo": "536690", "StockCode": "84406B", "Description": "CREAM CUPID HEARTS COAT HANGER", "Quantity": "6", "InvoiceDate": "02-12-2010 12:25", "UnitPrice": "2.75", "CustomerID": "17850", "Country": "United Kingdom"},
{"InvoiceNo": "536690", "StockCode": "85123A", "Description": "WHITE HANGING HEART T-LIGHT HOLDER", "Quantity": "6", "InvoiceDate": "02-12-2010 12:25", "UnitPrice": "2.55", "CustomerID": "17850", "Country": "United Kingdom"},
{"InvoiceNo": "536740", "StockCode": "21217", "Description": "RED RETROSPOT ROUND CAKE TINS", "Quantity": "1", "InvoiceDate": "02-12-2010 13:08", "UnitPrice": "9.95", "CustomerID": "15827", "Country": "United Kingdom"},
{"InvoiceNo": "536740", "StockCode": "22961", "Description": "JAM MAKING SET PRINTED", "Quantity": "12", "InvoiceDate": "02-12-2010 13:08", "UnitPrice": "1.45", "CustomerID": "15827", "Country": "United Kingdom"},
{"InvoiceNo": "536740", "StockCode": "22962", "Description": "JAM JAR WITH PINK LID", "Quantity": "12", "InvoiceDate": "02-12-2010 13:08", "UnitPrice": "0.85", "CustomerID": "15827", "Country": "United Kingdom"},
{"InvoiceNo": "536740", "StockCode": "22963", "Description": "JAM JAR WITH GREEN LID", "Quantity": "12", "InvoiceDate": "02-12-2010 13:08", "UnitPrice": "0.85", "CustomerID": "15827", "Country": "United Kingdom"},
{"InvoiceNo": "536740", "StockCode": "22964", "Description": "3 PIECE SPACEBOY COOKIE CUTTER SET", "Quantity": "6", "InvoiceDate": "02-12-2010 13:08", "UnitPrice": "2.1", "CustomerID": "15827", "Country": "United Kingdom"},
{"InvoiceNo": "536740", "StockCode": "22966", "Description": "GINGERBREAD MAN COOKIE CUTTER", "Quantity": "12", "InvoiceDate": "02-12-2010 13:08", "UnitPrice": "1.25", "CustomerID": "15827", "Country": "United Kingdom"},
{"InvoiceNo": "536740", "StockCode": "22969", "Description": "HOMEMADE JAM SCENTED CANDLES", "Quantity": "12", "InvoiceDate": "02-12-2010 13:08", "UnitPrice": "1.45", "CustomerID": "15827", "Country": "United Kingdom"},
{"InvoiceNo": "536750", "StockCode": "20679", "Description": "EDWARDIAN PARASOL RED", "Quantity": "6", "InvoiceDate": "02-12-2010 14:04", "UnitPrice": "4.95", "CustomerID": "17850", "Country": "United Kingdom"},
{"InvoiceNo": "536750", "StockCode": "21068", "Description": "VINTAGE BILLBOARD LOVE/HATE MUG", "Quantity": "6", "InvoiceDate": "02-12-2010 14:04", "UnitPrice": "1.06", "CustomerID": "17850", "Country": "United Kingdom"},
{"InvoiceNo": "536750", "StockCode": "21071", "Description": "VINTAGE BILLBOARD DRINK ME MUG", "Quantity": "6", "InvoiceDate": "02-12-2010 14:04", "UnitPrice": "1.06", "CustomerID": "17850", "Country": "United Kingdom"},
{"InvoiceNo": "536750", "StockCode": "21730", "Description": "GLASS STAR FROSTED T-LIGHT HOLDER", "Quantity": "8", "InvoiceDate": "02-12-2010 14:04", "UnitPrice": "4.25", "CustomerID": "17850", "Country": "United Kingdom"},
{"InvoiceNo": "536750", "StockCode": "21871", "Description": "SAVE THE PLANET MUG", "Quantity": "6", "InvoiceDate": "02-12-2010 14:04", "UnitPrice": "1.06", "CustomerID": "17850", "Country": "United Kingdom"},
{"InvoiceNo": "536750", "StockCode": "22411", "Description": "JUMBO SHOPPER VINTAGE RED PAISLEY", "Quantity": "6", "InvoiceDate": "02-12-2010 14:04", "UnitPrice": "1.65", "CustomerID": "17850", "Country": "United Kingdom"},
{"InvoiceNo": "536750", "StockCode": "22752", "Description": "SET 7 BABUSHKA NESTING BOXES", "Quantity": "4", "InvoiceDate": "02-12-2010 14:04", "UnitPrice": "7.65", "CustomerID": "17850", "Country": "United Kingdom"},
{"InvoiceNo": "536750", "StockCode": "22803", "Description": "IVORY EMBROIDERED QUILT ", "Quantity": "2", "InvoiceDate": "02-12-2010 14:04", "UnitPrice": "35.75", "CustomerID": "17850", "Country": "United Kingdom"},
{"InvoiceNo": "536750", "StockCode": "37370", "Description": "RETRO COFFEE MUGS ASSORTED", "Quantity": "6", "InvoiceDate": "02-12-2010 14:04", "UnitPrice": "1.06", "CustomerID": "17850", "Country": "United Kingdom"},
{"InvoiceNo": "536750", "StockCode": "71053", "Description": "WHITE METAL LANTERN", "Quantity": "12", "InvoiceDate": "02-12-2010 14:04", "UnitPrice": "3.39", "CustomerID": "17850", "Country": "United Kingdom"},
{"InvoiceNo": "536750", "StockCode": "82482", "Description": "WOODEN PICTURE FRAME WHITE FINISH", "Quantity": "6", "InvoiceDate": "02-12-2010 14:04", "UnitPrice": "2.1", "CustomerID": "17850", "Country": "United Kingdom"},
{"InvoiceNo": "536750", "StockCode": "82483", "Description": "WOOD 2 DRAWER CABINET WHITE FINISH", "Quantity": "4", "InvoiceDate": "02-12-2010 14:04", "UnitPrice": "4.95", "CustomerID": "17850", "Country": "United Kingdom"},
{"InvoiceNo": "536750", "StockCode": "82486", "Description": "WOOD S/3 CABINET ANT WHITE FINISH", "Quantity": "4", "InvoiceDate": "02-12-2010 14:04", "UnitPrice": "6.95", "CustomerID": "17850", "Country": "United Kingdom"},
{"InvoiceNo": "536750", "StockCode": "15056BL", "Description": "EDWARDIAN PARASOL BLACK", "Quantity": "6", "InvoiceDate": "02-12-2010 14:04", "UnitPrice": "4.95", "CustomerID": "17850", "Country": "United Kingdom"},
{"InvoiceNo": "536750", "StockCode": "82494L", "Description": "WOODEN FRAME ANTIQUE WHITE ", "Quantity": "6", "InvoiceDate": "02-12-2010 14:04", "UnitPrice": "2.55", "CustomerID": "17850", "Country": "United Kingdom"},
{"InvoiceNo": "536750", "StockCode": "84029E", "Description": "RED WOOLLY HOTTIE WHITE HEART.", "Quantity": "6", "InvoiceDate": "02-12-2010 14:04", "UnitPrice": "3.39", "CustomerID": "17850", "Country": "United Kingdom"},
{"InvoiceNo": "536750", "StockCode": "84029G", "Description": "KNITTED UNION FLAG HOT WATER BOTTLE", "Quantity": "6", "InvoiceDate": "02-12-2010 14:04", "UnitPrice": "3.39", "CustomerID": "17850", "Country": "United Kingdom"},
{"InvoiceNo": "536750", "StockCode": "84406B", "Description": "CREAM CUPID HEARTS COAT HANGER", "Quantity": "6", "InvoiceDate": "02-12-2010 14:04", "UnitPrice": "2.75", "CustomerID": "17850", "Country": "United Kingdom"},
{"InvoiceNo": "536750", "StockCode": "85123A", "Description": "WHITE HANGING HEART T-LIGHT HOLDER", "Quantity": "12", "InvoiceDate": "02-12-2010 14:04", "UnitPrice": "2.55", "CustomerID": "17850", "Country": "United Kingdom"},
{"InvoiceNo": "C536760", "StockCode": "22175", "Description": "PINK OWL SOFT TOY", "Quantity": "-1", "InvoiceDate": "02-12-2010 14:29", "UnitPrice": "2.95", "CustomerID": "17547", "Country": "United Kingdom"},
{"InvoiceNo": "C536760", "StockCode": "22273", "Description": "FELTCRAFT DOLL MOLLY", "Quantity": "-3", "InvoiceDate": "02-12-2010 14:29", "UnitPrice": "2.95", "CustomerID": "17547", "Country": "United Kingdom"},
{"InvoiceNo": "536780", "StockCode": "21481", "Description": "FAWN BLUE HOT WATER BOTTLE", "Quantity": "1", "InvoiceDate": "02-12-2010 15:09", "UnitPrice": "2.95", "CustomerID": "", "Country": "United Kingdom"},
{"InvoiceNo": "536780", "StockCode": "22114", "Description": "HOT WATER BOTTLE TEA AND SYMPATHY", "Quantity": "1", "InvoiceDate": "02-12-2010 15:09", "UnitPrice": "3.95", "CustomerID": "", "Country": "United Kingdom"},
{"InvoiceNo": "536780", "StockCode": "84032A", "Description": "CHARLIE+LOLA PINK HOT WATER BOTTLE", "Quantity": "1", "InvoiceDate": "02-12-2010 15:09", "UnitPrice": "2.95", "CustomerID": "", "Country": "United Kingdom"},
{"InvoiceNo": "536780", "StockCode": "84032B", "Description": "CHARLIE + LOLA RED HOT WATER BOTTLE", "Quantity": "1", "InvoiceDate": "02-12-2010 15:09", "UnitPrice": "2.95", "CustomerID": "", "Country": "United Kingdom"},
{"InvoiceNo": "536790", "StockCode": "20679", "Description": "EDWARDIAN PARASOL RED", "Quantity": "6", "InvoiceDate": "02-12-2010 15:26", "UnitPrice": "4.95", "CustomerID": "17850", "Country": "United Kingdom"},
{"InvoiceNo": "536790", "StockCode": "21068", "Description": "VINTAGE BILLBOARD LOVE/HATE MUG", "Quantity": "12", "InvoiceDate": "02-12-2010 15:26", "UnitPrice": "1.06", "CustomerID": "17850", "Country": "United Kingdom"},
{"InvoiceNo": "536790", "StockCode": "21071", "Description": "VINTAGE BILLBOARD DRINK ME MUG", "Quantity": "12", "InvoiceDate": "02-12-2010 15:26", "UnitPrice": "1.06", "CustomerID": "17850", "Country": "United Kingdom"},
{"InvoiceNo": "536790", "StockCode": "21730", "Description": "GLASS STAR FROSTED T-LIGHT HOLDER", "Quantity": "12", "InvoiceDate": "02-12-2010 15:26", "UnitPrice": "4.25", "CustomerID": "17850", "Country": "United Kingdom"},
{"InvoiceNo": "536790", "StockCode": "22752", "Description": "SET 7 BABUSHKA NESTING BOXES", "Quantity": "4", "InvoiceDate": "02-12-2010 15:26", "UnitPrice": "7.65", "CustomerID": "17850", "Country": "United Kingdom"},
{"InvoiceNo": "536790", "StockCode": "22803", "Description": "IVORY EMBROIDERED QUILT ", "Quantity": "3", "InvoiceDate": "02-12-2010 15:26", "UnitPrice": "35.75", "CustomerID": "17850", "Country": "United Kingdom"},
{"InvoiceNo": "536790", "StockCode": "37370", "Description": "RETRO COFFEE MUGS ASSORTED", "Quantity": "12", "InvoiceDate": "02-12-2010 15:26", "UnitPrice": "1.06", "CustomerID": "17850", "Country": "United Kingdom"},
{"InvoiceNo": "536790", "StockCode": "71053", "Description": "WHITE METAL LANTERN", "Quantity": "12", "InvoiceDate": "02-12-2010 15:26", "UnitPrice": "3.39", "CustomerID": "17850", "Country": "United Kingdom"},
{"InvoiceNo": "536790", "StockCode": "82482", "Description": "WOODEN PICTURE FRAME WHITE FINISH", "Quantity": "6", "InvoiceDate": "02-12-2010 15:26", "UnitPrice": "2.1", "CustomerID": "17850", "Country": "United Kingdom"},
{"InvoiceNo": "536790", "StockCode": "82483", "Description": "WOOD 2 DRAWER CABINET WHITE FINISH", "Quantity": "4", "InvoiceDate": "02-12-2010 15:26", "UnitPrice": "4.95", "CustomerID": "17850", "Country": "United Kingdom"},
{"InvoiceNo": "536790", "StockCode": "82486", "Description": "WOOD S/3 CABINET ANT WHITE FINISH", "Quantity": "4", "InvoiceDate": "02-12-2010 15:26", "UnitPrice": "6.95", "CustomerID": "17850", "Country": "United Kingdom"},
{"InvoiceNo": "536790", "StockCode": "15056BL", "Description": "EDWARDIAN PARASOL BLACK", "Quantity": "6", "InvoiceDate": "02-12-2010 15:26", "UnitPrice": "4.95", "CustomerID": "17850", "Country": "United Kingdom"},
{"InvoiceNo": "536790", "StockCode": "82494L", "Description": "WOODEN FRAME ANTIQUE WHITE ", "Quantity": "6", "InvoiceDate": "02-12-2010 15:26", "UnitPrice": "2.55", "CustomerID": "17850", "Country": "United Kingdom"},
{"InvoiceNo": "536790", "StockCode": "84029E", "Description": "RED WOOLLY HOTTIE WHITE HEART.", "Quantity": "6", "InvoiceDate": "02-12-2010 15:26", "UnitPrice": "3.39", "CustomerID": "17850", "Country": "United Kingdom"},
{"InvoiceNo": "536790", "StockCode": "84029G", "Description": "KNITTED UNION FLAG HOT WATER BOTTLE", "Quantity": "12", "InvoiceDate": "02-12-2010 15:26", "UnitPrice": "3.39", "CustomerID": "17850", "Country": "United Kingdom"},
{"InvoiceNo": "536790", "StockCode": "84406B", "Description": "CREAM CUPID HEARTS COAT HANGER", "Quantity": "12", "InvoiceDate": "02-12-2010 15:26", "UnitPrice": "2.75", "CustomerID": "17850", "Country": "United Kingdom"},
{"InvoiceNo": "536790", "StockCode": "85123A", "Description": "WHITE HANGING HEART T-LIGHT HOLDER", "Quantity": "12", "InvoiceDate": "02-12-2010 15:26", "UnitPrice": "2.95", "CustomerID": "17850", "Country": "United Kingdom"},
{"InvoiceNo": "536800", "StockCode": "22024", "Description": "RAINY LADIES BIRTHDAY CARD", "Quantity": "12", "InvoiceDate": "02-12-2010 16:12", "UnitPrice": "0.42", "CustomerID": "14829", "Country": "United Kingdom"},
{"InvoiceNo": "536800", "StockCode": "22028", "Description": "PENNY FARTHING BIRTHDAY CARD", "Quantity": "12", "InvoiceDate": "02-12-2010 16:12", "UnitPrice": "0.42", "CustomerID": "14829", "Country": "United Kingdom"},
{"InvoiceNo": "536800", "StockCode": "22031", "Description": "BOTANICAL LAVENDER BIRTHDAY CARD", "Quantity": "12", "InvoiceDate": "02-12-2010 16:12", "UnitPrice": "0.42", "CustomerID": "14829", "Country": "United Kingdom"},
{"InvoiceNo": "536800", "StockCode": "22099", "Description": "CARAVAN SQUARE TISSUE BOX", "Quantity": "12", "InvoiceDate": "02-12-2010 16:12", "UnitPrice": "1.25", "CustomerID": "14829", "Country": "United Kingdom"},
{"InvoiceNo": "536800", "StockCode": "22379", "Description": "RECYCLING BAG RETROSPOT ", "Quantity": "5", "InvoiceDate": "02-12-2010 16:12", "UnitPrice": "2.1", "CustomerID": "14829", "Country": "United Kingdom"},
{"InvoiceNo": "536800", "StockCode": "22716", "Description": "CARD CIRCUS PARADE", "Quantity": "12", "InvoiceDate": "02-12-2010 16:12", "UnitPrice": "0.42", "CustomerID": "14829", "Country": "United Kingdom"},
{"InvoiceNo": "536800", "StockCode": "22717", "Description": "CARD DOG AND BALL ", "Quantity": "12", "InvoiceDate": "02-12-2010 16:12", "UnitPrice": "0.42", "CustomerID": "14829", "Country": "United Kingdom"},
{"InvoiceNo": "536800", "StockCode": "22718", "Description": "CARD CAT AND TREE ", "Quantity": "12", "InvoiceDate": "02-12-2010 16:12", "UnitPrice": "0.42", "CustomerID": "14829", "Country": "United Kingdom"},
{"InvoiceNo": "536800", "StockCode": "22726", "Description": "ALARM CLOCK BAKELIKE GREEN", "Quantity": "4", "InvoiceDate": "02-12-2010 16:12", "UnitPrice": "3.75", "CustomerID": "14829", "Country": "United Kingdom"},
{"InvoiceNo": "536800", "StockCode": "22727", "Description": "ALARM CLOCK BAKELIKE RED ", "Quantity": "4", "InvoiceDate": "02-12-2010 16:12", "UnitPrice": "3.75", "CustomerID": "14829", "Country": "United Kingdom"},
{"InvoiceNo": "536800", "StockCode": "22730", "Description": "ALARM CLOCK BAKELIKE IVORY", "Quantity": "4", "InvoiceDate": "02-12-2010 16:12", "UnitPrice": "3.75", "CustomerID": "14829", "Country": "United Kingdom"},
{"InvoiceNo": "536800", "StockCode": "22814", "Description": "CARD PARTY GAMES ", "Quantity": "12", "InvoiceDate": "02-12-2010 16:12", "UnitPrice": "0.42", "CustomerID": "14829", "Country": "United Kingdom"},
{"InvoiceNo": "536800", "StockCode": "22960", "Description": "JAM MAKING SET WITH JARS", "Quantity": "6", "InvoiceDate": "02-12-2010 16:12", "UnitPrice": "4.25", "CustomerID": "14829", "Country": "United Kingdom"},
{"InvoiceNo": "536800", "StockCode": "22961", "Description": "JAM MAKING SET PRINTED", "Quantity": "24", "InvoiceDate": "02-12-2010 16:12", "UnitPrice": "1.45", "CustomerID": "14829", "Country": "United Kingdom"},
{"InvoiceNo": "536800", "StockCode": "22969", "Description": "HOMEMADE JAM SCENTED CANDLES", "Quantity": "12", "InvoiceDate": "02-12-2010 16:12", "UnitPrice": "1.45", "CustomerID": "14829", "Country": "United Kingdom"},
{"InvoiceNo": "536800", "StockCode": "22983", "Description": "CARD BILLBOARD FONT", "Quantity": "12", "InvoiceDate": "02-12-2010 16:12", "UnitPrice": "0.42", "CustomerID": "14829", "Country": "United Kingdom"},
{"InvoiceNo": "536800", "StockCode": "84378", "Description": "SET OF 3 HEART COOKIE CUTTERS", "Quantity": "12", "InvoiceDate": "02-12-2010 16:12", "UnitPrice": "1.25", "CustomerID": "14829", "Country": "United Kingdom"},
{"InvoiceNo": "536800", "StockCode": "47567B", "Description": "TEA TIME KITCHEN APRON", "Quantity": "3", "InvoiceDate": "02-12-2010 16:12", "UnitPrice": "5.95", "CustomerID": "14829", "Country": "United Kingdom"},
{"InvoiceNo": "536800", "StockCode": "47591D", "Description": "PINK FAIRY CAKE CHILDRENS APRON", "Quantity": "8", "InvoiceDate": "02-12-2010 16:12", "UnitPrice": "1.95", "CustomerID": "14829", "Country": "United Kingdom"},
{"InvoiceNo": "536810", "StockCode": "21833", "Description": "CAMOUFLAGE LED TORCH", "Quantity": "204", "InvoiceDate": "02-12-2010 16:50", "UnitPrice": "1.49", "CustomerID": "15299", "Country": "United Kingdom"},
{"InvoiceNo": "C536820", "StockCode": "21843", "Description": "RED RETROSPOT CAKE STAND", "Quantity": "-1", "InvoiceDate": "02-12-2010 17:14", "UnitPrice": "10.95", "CustomerID": "18168", "Country": "United Kingdom"},
{"InvoiceNo": "C536820", "StockCode": "22869", "Description": "NUMBER TILE COTTAGE GARDEN 1", "Quantity": "-1", "InvoiceDate": "02-12-2010 17:14", "UnitPrice": "1.95", "CustomerID": "18168", "Country": "United Kingdom"},
{"InvoiceNo": "C536820", "StockCode": "22877", "Description": "NUMBER TILE COTTAGE GARDEN 9", "Quantity": "-1", "InvoiceDate": "02-12-2010 17:14", "UnitPrice": "1.95", "CustomerID": "18168", "Country": "United Kingdom"},
{"InvoiceNo": "C536820", "StockCode": "22878", "Description": "NUMBER TILE COTTAGE GARDEN No", "Quantity": "-1", "InvoiceDate": "02-12-2010 17:14", "UnitPrice": "2.1", "CustomerID": "18168", "Country": "United Kingdom"},
{"InvoiceNo": "536830", "StockCode": "21915", "Description": "RED  HARMONICA IN BOX ", "Quantity": "1400", "InvoiceDate": "02-12-2010 17:38", "UnitPrice": "1.06", "CustomerID": "16754", "Country": "United Kingdom"},
{"InvoiceNo": "536830", "StockCode": "84077", "Description": "WORLD WAR 2 GLIDERS ASSTD DESIGNS", "Quantity": "2880", "InvoiceDate": "02-12-2010 17:38", "UnitPrice": "0.18", "CustomerID": "16754", "Country": "United Kingdom"},
{"InvoiceNo": "536840", "StockCode": "21212", "Description": "PACK OF 72 RETROSPOT CAKE CASES", "Quantity": "24", "InvoiceDate": "02-12-2010 18:27", "UnitPrice": "0.55", "CustomerID": "12738", "Country": "Germany"},
{"InvoiceNo": "536840", "StockCode": "21977", "Description": "PACK OF 60 PINK PAISLEY CAKE CASES", "Quantity": "24", "InvoiceDate": "02-12-2010 18:27", "UnitPrice": "0.55", "CustomerID": "12738", "Country": "Germany"},
{"InvoiceNo": "536840", "StockCode": "22077", "Description": "6 RIBBONS RUSTIC CHARM", "Quantity": "12", "InvoiceDate": "02-12-2010 18:27", "UnitPrice": "1.65", "CustomerID": "12738", "Country": "Germany"},
{"InvoiceNo": "536840", "StockCode": "22215", "Description": "CAKE STAND WHITE TWO TIER LACE", "Quantity": "2", "InvoiceDate": "02-12-2010 18:27", "UnitPrice": "8.5", "CustomerID": "12738", "Country": "Germany"},
{"InvoiceNo": "536840", "StockCode": "22776", "Description": "SWEETHEART CAKESTAND 3 TIER", "Quantity": "1", "InvoiceDate": "02-12-2010 18:27", "UnitPrice": "9.95", "CustomerID": "12738", "Country": "Germany"},
{"InvoiceNo": "536840", "StockCode": "22952", "Description": "60 CAKE CASES VINTAGE CHRISTMAS", "Quantity": "24", "InvoiceDate": "02-12-2010 18:27", "UnitPrice": "0.55", "CustomerID": "12738", "Country": "Germany"},
{"InvoiceNo": "536840", "StockCode": "22961", "Description": "JAM MAKING SET PRINTED", "Quantity": "12", "InvoiceDate": "02-12-2010 18:27", "UnitPrice": "1.45", "CustomerID": "12738", "Country": "Germany"},
{"InvoiceNo": "536840", "StockCode": "22962", "Description": "JAM JAR WITH PINK LID", "Quantity": "12", "InvoiceDate": "02-12-2010 18:27", "UnitPrice": "0.85", "CustomerID": "12738", "Country": "Germany"},
{"InvoiceNo": "536840", "StockCode": "22963", "Description": "JAM JAR WITH GREEN LID", "Quantity": "12", "InvoiceDate": "02-12-2010 18:27", "UnitPrice": "0.85", "CustomerID": "12738", "Country": "Germany"},
{"InvoiceNo": "536840", "StockCode": "84991", "Description": "60 TEATIME FAIRY CAKE CASES", "Quantity": "24", "InvoiceDate": "02-12-2010 18:27", "UnitPrice": "0.55", "CustomerID": "12738", "Country": "Germany"},
{"InvoiceNo": "536840", "StockCode": "POST", "Description": "POSTAGE", "Quantity": "1", "InvoiceDate": "02-12-2010 18:27", "UnitPrice": "18", "CustomerID": "12738", "Country": "Germany"}
]