[{"InvoiceNo": "536607", "StockCode": "21481", "Description": "FAWN BLUE HOT WATER BOTTLE", "Quantity": "6", "InvoiceDate": "02-12-2010 9:29", "UnitPrice": "2.95", "CustomerID": "17732", "Country": "United Kingdom"},
{"InvoiceNo": "536607", "StockCode": "21733", "Description": "RED HANGING HEART T-LIGHT HOLDER", "Quantity": "6", "InvoiceDate": "02-12-2010 9:29", "UnitPrice": "2.95", "CustomerID": "17732", "Country": "United Kingdom"},
{"InvoiceNo": "536607", "StockCode": "21754", "Description": "HOME BUILDING BLOCK WORD", "Quantity": "3", "InvoiceDate": "02-12-2010 9:29", "UnitPrice": "5.95", "CustomerID": "17732", "Country": "United Kingdom"},
{"InvoiceNo": "536607", "StockCode": "21756", "Description": "BATH BUILDING BLOCK WORD", "Quantity": "3", "InvoiceDate": "02-12-2010 9:29", "UnitPrice": "5.95", "CustomerID": "17732", "Country": "United Kingdom"},
{"InvoiceNo": "536607", "StockCode": "21955", "Description": "DOORMAT UNION JACK GUNS AND ROSES", "Quantity": "2", "InvoiceDate": "02-12-2010 9:29", "UnitPrice": "7.95", "CustomerID": "17732", "Country": "United Kingdom"},
{"InvoiceNo": "536607", "StockCode": "22114", "Description": "HOT WATER BOTTLE TEA AND SYMPATHY", "Quantity": "4", "InvoiceDate": "02-12-2010 9:29", "UnitPrice": "3.95", "CustomerID": "17732", "Country": "United Kingdom"},
{"InvoiceNo": "536607", "StockCode": "22365", "Description": "DOORMAT RESPECTABLE HOUSE", "Quantity": "2", "InvoiceDate": "02-12-2010 9:29", "UnitPrice": "7.95", "CustomerID": "17732", "Country": "United Kingdom"},
{"InvoiceNo": "536607", "StockCode": "22386", "Description": "JUMBO BAG PINK POLKADOT", "Quantity": "10", "InvoiceDate": "02-12-2010 9:29", "UnitPrice": "1.95", "CustomerID": "17732", "Country": "United Kingdom"},
{"InvoiceNo": "536607", "StockCode": "22423", "Description": "REGENCY CAKESTAND 3 TIER", "Quantity": "1", "InvoiceDate": "02-12-2010 9:29", "UnitPrice": "12.75", "CustomerID": "17732", "Country": "United Kingdom"},
{"InvoiceNo": "536607", "StockCode": "22457", "Description": "NATURAL SLATE HEART CHALKBOARD ", "Quantity": "6", "InvoiceDate": "02-12-2010 9:29", "UnitPrice": "2.95", "CustomerID": "17732", "Country": "United Kingdom"},
{"InvoiceNo": "536607", "StockCode": "22507", "Description": "MEMO BOARD RETROSPOT  DESIGN", "Quantity": "4", "InvoiceDate": "02-12-2010 9:29", "UnitPrice": "4.95", "CustomerID": "17732", "Country": "United Kingdom"},
{"InvoiceNo": "536607", "StockCode": "22602", "Description": "CHRISTMAS RETROSPOT HEART WOOD", "Quantity": "12", "InvoiceDate": "02-12-2010 9:29", "UnitPrice": "0.85", "CustomerID": "17732", "Country": "United Kingdom"},
{"InvoiceNo": "536607", "StockCode": "22624", "Description": "IVORY KITCHEN SCALES", "Quantity": "2", "InvoiceDate": "02-12-2010 9:29", "UnitPrice": "8.5", "CustomerID": "17732", "Country": "United Kingdom"},
{"InvoiceNo": "536607", "StockCode": "22804", "Description": "CANDLEHOLDER PINK HANGING HEART", "Quantity": "6", "InvoiceDate": "02-12-2010 9:29", "UnitPrice": "2.95", "CustomerID": "17732", "Country": "United Kingdom"},
{"InvoiceNo": "536607", "StockCode": "84879", "Description": "ASSORTED COLOUR BIRD ORNAMENT", "Quantity": "8", "InvoiceDate": "02-12-2010 9:29", "UnitPrice": "1.69", "CustomerID": "17732", "Country": "United Kingdom"},
{"InvoiceNo": "536607", "StockCode": "72760B", "Description": "VINTAGE CREAM 3 BASKET CAKE STAND", "Quantity": "2", "InvoiceDate": "02-12-2010 9:29", "UnitPrice": "9.95", "CustomerID": "17732", "Country": "United Kingdom"},
{"InvoiceNo": "536607", "StockCode": "85099B", "Description": "JUMBO BAG RED RETROSPOT", "Quantity": "10", "InvoiceDate": "02-12-2010 9:29", "UnitPrice": "1.95", "CustomerID": "17732", "Country": "United Kingdom"},
{"InvoiceNo": "536607", "StockCode": "85123A", "Description": "WHITE HANGING HEART T-LIGHT HOLDER", "Quantity": "6", "InvoiceDate": "02-12-2010 9:29", "UnitPrice": "2.95", "CustomerID": "17732", "Country": "United Kingdom"},
{"InvoiceNo": "536617", "StockCode": "20893", "Description": "HANGING BAUBLE T-LIGHT HOLDER SMALL", "Quantity": "108", "InvoiceDate": "02-12-2010 10:17", "UnitPrice": "2.1", "CustomerID": "13941", "Country": "United Kingdom"},
{"InvoiceNo": "536617", "StockCode": "21125", "Description": "SET 6 FOOTBALL CELEBRATION CANDLES", "Quantity": "12", "InvoiceDate": "02-12-2010 10:17", "UnitPrice": "1.25", "CustomerID": "13941", "Country": "United Kingdom"},
{"InvoiceNo": "536617", "StockCode": "21354", "Description": "TOAST ITS - BEST MUM", "Quantity": "12", "InvoiceDate": "02-12-2010 10:17", "UnitPrice": "1.25", "CustomerID": "13941", "Country": "United Kingdom"},
{"InvoiceNo": "536617", "StockCode": "21356", "Description": "TOAST ITS - FAIRY FLOWER", "Quantity": "12", "InvoiceDate": "02-12-2010 10:17", "UnitPrice": "1.25", "CustomerID": "13941", "Country": "United Kingdom"},
{"InvoiceNo": "536617", "StockCode": "21743", "Description": "STAR PORTABLE TABLE LIGHT ", "Quantity": "96", "InvoiceDate": "02-12-2010 10:17", "UnitPrice": "2.55", "CustomerID": "13941", "Country": "United Kingdom"},
{"InvoiceNo": "536617", "StockCode": "22179", "Description": "SET 10 LIGHTS NIGHT OWL", "Quantity": "24", "InvoiceDate": "02-12-2010 10:17", "UnitPrice": "5.95", "CustomerID": "13941", "Country": "United Kingdom"},
{"InvoiceNo": "536617", "StockCode": "72741", "Description": "GRAND CHOCOLATECANDLE", "Quantity": "144", "InvoiceDate": "02-12-2010 10:17", "UnitPrice": "1.25", "CustomerID": "13941", "Country": "United Kingdom"},
{"InvoiceNo": "536617", "StockCode": "79321", "Description": "CHILLI LIGHTS", "Quantity": "24", "InvoiceDate": "02-12-2010 10:17", "UnitPrice": "4.25", "CustomerID": "13941", "Country": "United Kingdom"},
{"InvoiceNo": "536617", "StockCode": "85116", "Description": "BLACK CANDELABRA T-LIGHT HOLDER", "Quantity": "96", "InvoiceDate": "02-12-2010 10:17", "UnitPrice": "0.65", "CustomerID": "13941", "Country": "United Kingdom"},
{"InvoiceNo": "536617", "StockCode": "85175", "Description": "CACTI T-LIGHT CANDLES", "Quantity": "96", "InvoiceDate": "02-12-2010 10:17", "UnitPrice": "0.42", "CustomerID": "13941", "Country": "United Kingdom"},
{"InvoiceNo": "536617", "StockCode": "79302M", "Description": "ART LIGHTS,FUNK MONKEY", "Quantity": "20", "InvoiceDate": "02-12-2010 10:17", "UnitPrice": "2.55", "CustomerID": "13941", "Country": "United Kingdom"},
{"InvoiceNo": "536627", "StockCode": "21755", "Description": "LOVE BUILDING BLOCK WORD", "Quantity": "4", "InvoiceDate": "02-12-2010 10:53", "UnitPrice": "5.95", "CustomerID": "15658", "Country": "United Kingdom"},
{"InvoiceNo": "536627", "StockCode": "21756", "Description": "BATH BUILDING BLOCK WORD", "Quantity": "3", "InvoiceDate": "02-12-2010 10:53", "UnitPrice": "5.95", "CustomerID": "15658", "Country": "United Kingdom"},
{"InvoiceNo": "536627", "StockCode": "22423", "Description": "REGENCY CAKESTAND 3 TIER", "Quantity": "4", "InvoiceDate": "02-12-2010 10:53", "UnitPrice": "12.75", "CustomerID": "15658", "Country": "United Kingdom"},
{"InvoiceNo": "536627", "StockCode": "22697", "Description": "GREEN REGENCY TEACUP AND SAUCER", "Quantity": "12", "InvoiceDate": "02-12-2010 10:53", "UnitPrice": "2.95", "CustomerID": "15658", "Country": "United Kingdom"},
{"InvoiceNo": "536627", "StockCode": "22699", "Description": "ROSES REGENCY TEACUP AND SAUCER ", "Quantity": "12", "InvoiceDate": "02-12-2010 10:53", "UnitPrice": "2.95", "CustomerID": "15658", "Country": "United Kingdom"},
{"InvoiceNo": "536627", "StockCode": "22776", "Description": "CAKESTAND, 3 TIER, LOVEHEART", "Quantity": "2", "InvoiceDate": "02-12-2010 10:53", "UnitPrice": "9.95", "CustomerID": "15658", "Country": "United Kingdom"},
{"InvoiceNo": "536627", "StockCode": "22777", "Description": "GLASS BELL JAR LARGE", "Quantity": "2", "InvoiceDate": "02-12-2010 10:53", "UnitPrice": "8.5", "CustomerID": "15658", "Country": "United Kingdom"},
{"InvoiceNo": "536627", "StockCode": "22778", "Description": "GLASS BELL JAR SMALL", "Quantity": "4", "InvoiceDate": "02-12-2010 10:53", "UnitPrice": "3.95", "CustomerID": "15658", "Country": "United Kingdom"},
{"InvoiceNo": "536627", "StockCode": "22783", "Description": "SET 3 WICKER OVAL BASKETS W LIDS", "Quantity": "1", "InvoiceDate": "02-12-2010 10:53", "UnitPrice": "19.95", "CustomerID": "15658", "Country": "United Kingdom"},
{"InvoiceNo": "536627", "StockCode": "22926", "Description": "IVORY GIANT GARDEN THERMOMETER", "Quantity": "2", "InvoiceDate": "02-12-2010 10:53", "UnitPrice": "5.95", "CustomerID": "15658", "Country": "United Kingdom"},
{"InvoiceNo": "536627", "StockCode": "22927", "Description": "GREEN GIANT GARDEN THERMOMETER", "Quantity": "2", "InvoiceDate": "02-12-2010 10:53", "UnitPrice": "5.95", "CustomerID": "15658", "Country": "United Kingdom"},
{"InvoiceNo": "536627", "StockCode": "22928", "Description": "YELLOW GIANT GARDEN THERMOMETER", "Quantity": "2", "InvoiceDate": "02-12-2010 10:53", "UnitPrice": "5.95", "CustomerID": "15658", "Country": "United Kingdom"},
{"InvoiceNo": "536627", "StockCode": "22941", "Description": "CHRISTMAS LIGHTS 10 REINDEER", "Quantity": "2", "InvoiceDate": "02-12-2010 10:53", "UnitPrice": "8.5", "CustomerID": "15658", "Country": "United Kingdom"},
{"InvoiceNo": "536627", "StockCode": "22961", "Description": "JAM MAKING SET PRINTED", "Quantity": "12", "InvoiceDate": "02-12-2010 10:53", "UnitPrice": "1.45", "CustomerID": "15658", "Country": "United Kingdom"},
{"InvoiceNo": "536637", "StockCode": "16046", "Description": "TEATIME PEN CASE & PENS", "Quantity": "1", "InvoiceDate": "02-12-2010 11:35", "UnitPrice": "0.85", "CustomerID": "18041", "Country": "United Kingdom"},
{"InvoiceNo": "536637", "StockCode": "20733", "Description": "GOLD MINI TAPE MEASURE ", "Quantity": "1", "InvoiceDate": "02-12-2010 11:35", "UnitPrice": "0.85", "CustomerID": "18041", "Country": "United Kingdom"},
{"InvoiceNo": "536637", "StockCode": "20733", "Description": "GOLD MINI TAPE MEASURE ", "Quantity": "1", "InvoiceDate": "02-12-2010 11:35", "UnitPrice": "0.85", "CustomerID": "18041", "Country": "United Kingdom"},
{"InvoiceNo": "536637", "StockCode": "20878", "Description": "SET/9 CHRISTMAS T-LIGHTS SCENTED ", "Quantity": "1", "InvoiceDate": "02-12-2010 11:35", "UnitPrice": "1.25", "CustomerID": "18041", "Country": "United Kingdom"},
{"InvoiceNo": "536637", "StockCode": "20878", "Description": "SET/9 CHRISTMAS T-LIGHTS SCENTED ", "Quantity": "1", "InvoiceDate": "02-12-2010 11:35", "UnitPrice": "1.25", "CustomerID": "18041", "Country": "United Kingdom"},
{"InvoiceNo": "536637", "StockCode": "20967", "Description": "GREY FLORAL FELTCRAFT SHOULDER BAG", "Quantity": "1", "InvoiceDate": "02-12-2010 11:35", "UnitPrice": "3.75", "CustomerID": "18041", "Country": "United Kingdom"},
{"InvoiceNo": "536637", "StockCode": "21098", "Description": "CHRISTMAS TOILET ROLL", "Quantity": "1", "InvoiceDate": "02-12-2010 11:35", "UnitPrice": "1.25", "CustomerID": "18041", "Country": "United Kingdom"},
{"InvoiceNo": "536637", "StockCode": "21154", "Description": "RED RETROSPOT OVEN GLOVE ", "Quantity": "1", "InvoiceDate": "02-12-2010 11:35", "UnitPrice": "1.25", "CustomerID": "18041", "Country": "United Kingdom"},
{"InvoiceNo": "536637", "StockCode": "21154", "Description": "RED RETROSPOT OVEN GLOVE ", "Quantity": "2", "InvoiceDate": "02-12-2010 11:35", "UnitPrice": "1.25", "CustomerID": "18041", "Country": "United Kingdom"},
{"InvoiceNo": "536637", "StockCode": "21212", "Description": "PACK OF 72 RETROSPOT CAKE CASES", "Quantity": "1", "InvoiceDate": "02-12-2010 11:35", "UnitPrice": "0.55", "CustomerID": "18041", "Country": "United Kingdom"},
{"InvoiceNo": "536637", "StockCode": "21326", "Description": "AGED GLASS SILVER T-LIGHT HOLDER", "Quantity": "24", "InvoiceDate": "02-12-2010 11:35", "UnitPrice": "0.65", "CustomerID": "18041", "Country": "United Kingdom"},
{"InvoiceNo": "536637", "StockCode": "21328", "Description": "BALLOONS  WRITING SET ", "Quantity": "1", "InvoiceDate": "02-12-2010 11:35", "UnitPrice": "1.65", "CustomerID": "18041", "Country": "United Kingdom"},
{"InvoiceNo": "536637", "StockCode": "21914", "Description": "BLUE HARMONICA IN BOX ", "Quantity": "1", "InvoiceDate": "02-12-2010 11:35", "UnitPrice": "1.25", "CustomerID": "18041", "Country": "United Kingdom"},
{"InvoiceNo": "536637", "StockCode": "22130", "Description": "PARTY CONE CHRISTMAS DECORATION ", "Quantity": "12", "InvoiceDate": "02-12-2010 11:35", "UnitPrice": "0.85", "CustomerID": "18041", "Country": "United Kingdom"},
{"InvoiceNo": "536637", "StockCode": "22130", "Description": "PARTY CONE CHRISTMAS DECORATION ", "Quantity": "6", "InvoiceDate": "02-12-2010 11:35", "UnitPrice": "0.85", "CustomerID": "18041", "Country": "United Kingdom"},
{"InvoiceNo": "536637", "StockCode": "22195", "Description": "LARGE HEART MEASURING SPOONS", "Quantity": "1", "InvoiceDate": "02-12-2010 11:35", "UnitPrice": "1.65", "CustomerID": "18041", "Country": "United Kingdom"},
{"InvoiceNo": "536637", "StockCode": "22196", "Description": "SMALL HEART MEASURING SPOONS", "Quantity": "2", "InvoiceDate": "02-12-2010 11:35", "UnitPrice": "0.85", "CustomerID": "18041", "Country": "United Kingdom"},
{"InvoiceNo": "536637", "StockCode": "22197", "Description": "SMALL POPCORN HOLDER", "Quantity": "1", "InvoiceDate": "02-12-2010 11:35", "UnitPrice": "0.85", "CustomerID": "18041", "Country": "United Kingdom"},
{"InvoiceNo": "536637", "StockCode": "22198", "Description": "LARGE POPCORN HOLDER ", "Quantity": "2", "InvoiceDate": "02-12-2010 11:35", "UnitPrice": "1.65", "CustomerID": "18041", "Country": "United Kingdom"},
{"InvoiceNo": "536637", "StockCode": "22315", "Description": "200 RED + WHITE BENDY STRAWS", "Quantity": "1", "InvoiceDate": "02-12-2010 11:35", "UnitPrice": "1.25", "CustomerID": "18041", "Country": "United Kingdom"},
{"InvoiceNo": "536637", "StockCode": "22489", "Description": "PACK OF 12 TRADITIONAL CRAYONS", "Quantity": "3", "InvoiceDate": "02-12-2010 11:35", "UnitPrice": "0.42", "CustomerID": "18041", "Country": "United Kingdom"},
{"InvoiceNo": "536637", "StockCode": "22491", "Description": "PACK OF 12 COLOURED PENCILS", "Quantity": "3", "InvoiceDate": "02-12-2010 11:35", "UnitPrice": "0.85", "CustomerID": "18041", "Country": "United Kingdom"},
{"InvoiceNo": "536637", "StockCode": "22559", "Description": "SEASIDE FLYING DISC", "Quantity": "1", "InvoiceDate": "02-12-2010 11:35", "UnitPrice": "1.25", "CustomerID": "18041", "Country": "United Kingdom"},
{"InvoiceNo": "536637", "StockCode": "22560", "Description": "TRADITIONAL MODELLING CLAY", "Quantity": "3", "InvoiceDate": "02-12-2010 11:35", "UnitPrice": "1.25", "CustomerID": "18041", "Country": "United Kingdom"},
{"InvoiceNo": "536637", "StockCode": "22568", "Description": "FELTCRAFT CUSHION OWL", "Quantity": "1", "InvoiceDate": "02-12-2010 11:35", "UnitPrice": "3.75", "CustomerID": "18041", "Country": "United Kingdom"},
{"InvoiceNo": "536637", "StockCode": "22616", "Description": "PACK OF 12 LONDON TISSUES ", "Quantity": "12", "InvoiceDate": "02-12-2010 11:35", "UnitPrice": "0.29", "CustomerID": "18041", "Country": "United Kingdom"},
{"InvoiceNo": "536637", "StockCode": "22633", "Description": "HAND WARMER UNION JACK", "Quantity": "2", "InvoiceDate": "02-12-2010 11:35", "UnitPrice": "2.1", "CustomerID": "18041", "Country": "United Kingdom"},
{"InvoiceNo": "536637", "StockCode": "22633", "Description": "HAND WARMER UNION JACK", "Quantity": "1", "InvoiceDate": "02-12-2010 11:35", "UnitPrice": "2.1", "CustomerID": "18041", "Country": "United Kingdom"},
{"InvoiceNo": "536637", "StockCode": "22633", "Description": "HAND WARMER UNION JACK", "Quantity": "1", "InvoiceDate": "02-12-2010 11:35", "UnitPrice": "2.1", "CustomerID": "18041", "Country": "United Kingdom"},
{"InvoiceNo": "536637", "StockCode": "22652", "Description": "TRAVEL SEWING KIT", "Quantity": "1", "InvoiceDate": "02-12-2010 11:35", "UnitPrice": "1.65", "CustomerID": "18041", "Country": "United Kingdom"},
{"InvoiceNo": "536637", "StockCode": "22653", "Description": "BUTTON BOX ", "Quantity": "2", "InvoiceDate": "02-12-2010 11:35", "UnitPrice": "1.95", "CustomerID": "18041", "Country": "United Kingdom"},
{"InvoiceNo": "536637", "StockCode": "22654", "Description": "DELUXE SEWING KIT ", "Quantity": "1", "InvoiceDate": "02-12-2010 11:35", "UnitPrice": "5.95", "CustomerID": "18041", "Country": "United Kingdom"},
{"InvoiceNo": "536637", "StockCode": "22654", "Description": "DELUXE SEWING KIT ", "Quantity": "1", "InvoiceDate": "02-12-2010 11:35", "UnitPrice": "5.95", "CustomerID": "18041", "Country": "United Kingdom"},
{"InvoiceNo": "536637", "StockCode": "22659", "Description": "LUNCH BOX I LOVE LONDON", "Quantity": "1", "InvoiceDate": "02-12-2010 11:35", "UnitPrice": "1.95", "CustomerID": "18041", "Country": "United Kingdom"},
{"InvoiceNo": "536637", "StockCode": "22696", "Description": "WICKER WREATH LARGE", "Quantity": "1", "InvoiceDate": "02-12-2010 11:35", "UnitPrice": "1.95", "CustomerID": "18041", "Country": "United Kingdom"},
{"InvoiceNo": "536637", "StockCode": "22696", "Description": "WICKER WREATH LARGE", "Quantity": "1", "InvoiceDate": "02-12-2010 11:35", "UnitPrice": "1.95", "CustomerID": "18041", "Country": "United Kingdom"},
{"InvoiceNo": "536637", "StockCode": "22731", "Description": "3D CHRISTMAS STAMPS STICKERS ", "Quantity": "4", "InvoiceDate": "02-12-2010 11:35", "UnitPrice": "1.25", "CustomerID": "18041", "Country": "United Kingdom"},
{"InvoiceNo": "536637", "StockCode": "22733", "Description": "3D TRADITIONAL CHRISTMAS STICKERS", "Quantity": "4", "InvoiceDate": "02-12-2010 11:35", "UnitPrice": "1.25", "CustomerID": "18041", "Country": "United Kingdom"},
{"InvoiceNo": "536637", "StockCode": "22755", "Description": "SMALL PURPLE BABUSHKA NOTEBOOK ", "Quantity": "1", "InvoiceDate": "02-12-2010 11:35", "UnitPrice": "0.85", "CustomerID": "18041", "Country": "United Kingdom"},
{"InvoiceNo": "536637", "StockCode": "22768", "Description": "FAMILY PHOTO FRAME CORNICE", "Quantity": "2", "InvoiceDate": "02-12-2010 11:35", "UnitPrice": "9.95", "CustomerID": "18041", "Country": "United Kingdom"},
{"InvoiceNo": "536637", "StockCode": "22796", "Description": "PHOTO FRAME 3 CLASSIC HANGING", "Quantity": "2", "InvoiceDate": "02-12-2010 11:35", "UnitPrice": "9.95", "CustomerID": "18041", "Country": "United Kingdom"},
{"InvoiceNo": "536637", "StockCode": "22866", "Description": "HAND WARMER SCOTTY DOG DESIGN", "Quantity": "1", "InvoiceDate": "02-12-2010 11:35", "UnitPrice": "2.1", "CustomerID": "18041", "Country": "United Kingdom"},
{"InvoiceNo": "536637", "StockCode": "22867", "Description": "HAND WARMER BIRD DESIGN", "Quantity": "1", "InvoiceDate": "02-12-2010 11:35", "UnitPrice": "2.1", "CustomerID": "18041", "Country": "United Kingdom"},
{"InvoiceNo": "536637", "StockCode": "22867", "Description": "HAND WARMER BIRD DESIGN", "Quantity": "1", "InvoiceDate": "02-12-2010 11:35", "UnitPrice": "2.1", "CustomerID": "18041", "Country": "United Kingdom"},
{"InvoiceNo": "536637", "StockCode": "22896", "Description": "PEG BAG APPLES DESIGN", "Quantity": "1", "InvoiceDate": "02-12-2010 11:35", "UnitPrice": "2.55", "CustomerID": "18041", "Country": "United Kingdom"},
{"InvoiceNo": "536637", "StockCode": "22911", "Description": "PAPER CHAIN KIT LONDON", "Quantity": "1", "InvoiceDate": "02-12-2010 11:35", "UnitPrice": "2.95", "CustomerID": "18041", "Country": "United Kingdom"},
{"InvoiceNo": "536637", "StockCode": "22916", "Description": "HERB MARKER THYME", "Quantity": "2", "InvoiceDate": "02-12-2010 11:35", "UnitPrice": "0.65", "CustomerID": "18041", "Country": "United Kingdom"},
{"InvoiceNo": "536637", "StockCode": "22917", "Description": "HERB MARKER ROSEMARY", "Quantity": "1", "InvoiceDate": "02-12-2010 11:35", "UnitPrice": "0.65", "CustomerID": "18041", "Country": "United Kingdom"},
{"InvoiceNo": "536637", "StockCode": "22917", "Description": "HERB MARKER ROSEMARY", "Quantity": "1", "InvoiceDate": "02-12-2010 11:35", "UnitPrice": "0.65", "CustomerID": "18041", "Country": "United Kingdom"},
{"InvoiceNo": "536637", "StockCode": "22918", "Description": "HERB MARKER PARSLEY", "Quantity": "2", "InvoiceDate": "02-12-2010 11:35", "UnitPrice": "0.65", "CustomerID": "18041", "Country": "United Kingdom"},
{"InvoiceNo": "536637", "StockCode": "22919", "Description": "HERB MARKER MINT", "Quantity": "2", "InvoiceDate": "02-12-2010 11:35", "UnitPrice": "0.65", "CustomerID": "18041", "Country": "United Kingdom"},
{"InvoiceNo": "536637", "StockCode": "22920", "Description": "HERB MARKER BASIL", "Quantity": "1", "InvoiceDate": "02-12-2010 11:35", "UnitPrice": "0.65", "CustomerID": "18041", "Country": "United Kingdom"},
{"InvoiceNo": "536637", "StockCode": "22920", "Description": "HERB MARKER BASIL", "Quantity": "1", "InvoiceDate": "02-12-2010 11:35", "UnitPrice": "0.65", "CustomerID": "18041", "Country": "United Kingdom"},
{"InvoiceNo": "536637", "StockCode": "22921", "Description": "HERB MARKER CHIVES ", "Quantity": "2", "InvoiceDate": "02-12-2010 11:35", "UnitPrice": "0.65", "CustomerID": "18041", "Country": "United Kingdom"},
{"InvoiceNo": "536637", "StockCode": "22945", "Description": "CHRISTMAS METAL TAGS ASSORTED ", "Quantity": "6", "InvoiceDate": "02-12-2010 11:35", "UnitPrice": "0.85", "CustomerID": "18041", "Country": "United Kingdom"},
{"InvoiceNo": "536637", "StockCode": "22945", "Description": "CHRISTMAS METAL TAGS ASSORTED ", "Quantity": "12", "InvoiceDate": "02-12-2010 11:35", "UnitPrice": "0.85", "CustomerID": "18041", "Country": "United Kingdom"},
{"InvoiceNo": "536637", "StockCode": "22960", "Description": "JAM MAKING SET WITH JARS", "Quantity": "2", "InvoiceDate": "02-12-2010 11:35", "UnitPrice": "4.25", "CustomerID": "18041", "Country": "United Kingdom"},
{"InvoiceNo": "536637", "StockCode": "22961", "Description": "JAM MAKING SET PRINTED", "Quantity": "2", "InvoiceDate": "02-12-2010 11:35", "UnitPrice": "1.45", "CustomerID": "18041", "Country": "United Kingdom"},
{"InvoiceNo": "536637", "StockCode": "47471", "Description": "RAINBOW PEGS PHOTO CLIP STRING", "Quantity": "1", "InvoiceDate": "02-12-2010 11:35", "UnitPrice": "0.65", "CustomerID": "18041", "Country": "United Kingdom"},
{"InvoiceNo": "536637", "StockCode": "48138", "Description": "DOORMAT UNION FLAG", "Quantity": "1", "InvoiceDate": "02-12-2010 11:35", "UnitPrice": "7.95", "CustomerID": "18041", "Country": "United Kingdom"},
{"InvoiceNo": "536637", "StockCode": "72818", "Description": "CHRISTMAS DECOUPAGE CANDLE", "Quantity": "1", "InvoiceDate": "02-12-2010 11:35", "UnitPrice": "0.85", "CustomerID": "18041", "Country": "United Kingdom"},
{"InvoiceNo": "536637", "StockCode": "84692", "Description": "BOX OF 24 COCKTAIL PARASOLS", "Quantity": "1", "InvoiceDate": "02-12-2010 11:35", "UnitPrice": "0.42", "CustomerID": "18041", "Country": "United Kingdom"},
{"InvoiceNo": "536637", "StockCode": "79191C", "Description": "RETRO PLASTIC ELEPHANT TRAY", "Quantity": "1", "InvoiceDate": "02-12-2010 11:35", "UnitPrice": "0.85", "CustomerID": "18041", "Country": "United Kingdom"},
{"InvoiceNo": "536637", "StockCode": "85114C", "Description": "RED ENCHANTED FOREST PLACEMAT", "Quantity": "8", "InvoiceDate": "02-12-2010 11:35", "UnitPrice": "1.65", "CustomerID": "18041", "Country": "United Kingdom"},
{"InvoiceNo": "536637", "StockCode": "85135B", "Description": "BLUE DRAGONFLY HELICOPTER", "Quantity": "1", "InvoiceDate": "02-12-2010 11:35", "UnitPrice": "7.95", "CustomerID": "18041", "Country": "United Kingdom"},
{"InvoiceNo": "536637", "StockCode": "85231B", "Description": "CINAMMON SET OF 9 T-LIGHTS", "Quantity": "1", "InvoiceDate": "02-12-2010 11:35", "UnitPrice": "0.85", "CustomerID": "18041", "Country": "United Kingdom"},
{"InvoiceNo": "536637", "StockCode": "85231G", "Description": "ORANGE SCENTED SET/9 T-LIGHTS", "Quantity": "1", "InvoiceDate": "02-12-2010 11:35", "UnitPrice": "0.85", "CustomerID": "18041", "Country": "United Kingdom"},
{"InvoiceNo": "536667", "StockCode": "21217", "Description": "RED RETROSPOT ROUND CAKE TINS", "Quantity": "2", "InvoiceDate": "02-12-2010 12:09", "UnitPrice": "9.95", "CustomerID": "15260", "Country": "United Kingdom"},
{"InvoiceNo": "536667", "StockCode": "21738", "Description": "COSY SLIPPER SHOES SMALL  RED ", "Quantity": "6", "InvoiceDate": "02-12-2010 12:09", "UnitPrice": "2.95", "CustomerID": "15260", "Country": "United Kingdom"},
{"InvoiceNo": "536667", "StockCode": "21739", "Description": "COSY SLIPPER SHOES SMALL GREEN", "Quantity": "6", "InvoiceDate": "02-12-2010 12:09", "UnitPrice": "2.95", "CustomerID": "15260", "Country": "United Kingdom"},
{"InvoiceNo": "536667", "StockCode": "21741", "Description": "COSY SLIPPER SHOES LARGE GREEN", "Quantity": "6", "InvoiceDate": "02-12-2010 12:09", "UnitPrice": "2.95", "CustomerID": "15260", "Country": "United Kingdom"},
{"InvoiceNo": "536667", "StockCode": "22086", "Description": "PAPER CHAIN KIT 50'S CHRISTMAS ", "Quantity": "12", "InvoiceDate": "02-12-2010 12:09", "UnitPrice": "2.95", "CustomerID": "15260", "Country": "United Kingdom"},
{"InvoiceNo": "536667", "StockCode": "22423", "Description": "REGENCY CAKESTAND 3 TIER", "Quantity": "4", "InvoiceDate": "02-12-2010 12:09", "UnitPrice": "12.75", "CustomerID": "15260", "Country": "United Kingdom"},
{"InvoiceNo": "536667", "StockCode": "22574", "Description": "HEART WOODEN CHRISTMAS DECORATION", "Quantity": "24", "InvoiceDate": "02-12-2010 12:09", "UnitPrice": "0.85", "CustomerID": "15260", "Country": "United Kingdom"},
{"InvoiceNo": "536667", "StockCode": "22576", "Description": "SWALLOW WOODEN CHRISTMAS DECORATION", "Quantity": "24", "InvoiceDate": "02-12-2010 12:09", "UnitPrice": "0.85", "CustomerID": "15260", "Country": "United Kingdom"},
{"InvoiceNo": "536667", "StockCode": "22579", "Description": "WOODEN TREE CHRISTMAS SCANDINAVIAN", "Quantity": "24", "InvoiceDate": "02-12-2010 12:09", "UnitPrice": "0.85", "CustomerID": "15260", "Country": "United Kingdom"},
{"InvoiceNo": "536667", "StockCode": "22594", "Description": "CHRISTMAS GINGHAM TREE", "Quantity": "24", "InvoiceDate": "02-12-2010 12:09", "UnitPrice": "0.85", "CustomerID": "15260", "Country": "United Kingdom"},
{"InvoiceNo": "536667", "StockCode": "22595", "Description": "CHRISTMAS GINGHAM HEART", "Quantity": "12", "InvoiceDate": "02-12-2010 12:09", "UnitPrice": "0.85", "CustomerID": "15260", "Country": "United Kingdom"},
{"InvoiceNo": "536667", "StockCode": "22601", "Description": "CHRISTMAS RETROSPOT ANGEL WOOD", "Quantity": "24", "InvoiceDate": "02-12-2010 12:09", "UnitPrice": "0.85", "CustomerID": "15260", "Country": "United Kingdom"},
{"InvoiceNo": "536667", "StockCode": "22602", "Description": "CHRISTMAS RETROSPOT HEART WOOD", "Quantity": "24", "InvoiceDate": "02-12-2010 12:09", "UnitPrice": "0.85", "CustomerID": "15260", "Country": "United Kingdom"},
{"InvoiceNo": "536667", "StockCode": "22910", "Description": "PAPER CHAIN KIT VINTAGE CHRISTMAS", "Quantity": "12", "InvoiceDate": "02-12-2010 12:09", "UnitPrice": "2.95", "CustomerID": "15260", "Country": "United Kingdom"},
{"InvoiceNo": "536667", "StockCode": "79321", "Description": "CHILLI LIGHTS", "Quantity": "4", "InvoiceDate": "02-12-2010 12:09", "UnitPrice": "4.95", "CustomerID": "15260", "Country": "United Kingdom"},
{"InvoiceNo": "536667", "StockCode": "84347", "Description": "ROTATING SILVER ANGELS T-LIGHT HLDR", "Quantity": "6", "InvoiceDate": "02-12-2010 12:09", "UnitPrice": "2.55", "CustomerID": "15260", "Country": "United Kingdom"},
{"InvoiceNo": "536707", "StockCode": "21217", "Description": "RED RETROSPOT ROUND CAKE TINS", "Quantity": "1", "InvoiceDate": "02-12-2010 12:33", "UnitPrice": "9.95", "CustomerID": "12915", "Country": "United Kingdom"},
{"InvoiceNo": "536707", "StockCode": "21218", "Description": "RED SPOTTY BISCUIT TIN", "Quantity": "6", "InvoiceDate": "02-12-2010 12:33", "UnitPrice": "3.75", "CustomerID": "12915", "Country": "United Kingdom"},
{"InvoiceNo": "536707", "StockCode": "21843", "Description": "RED RETROSPOT CAKE STAND", "Quantity": "1", "InvoiceDate": "02-12-2010 12:33", "UnitPrice": "10.95", "CustomerID": "12915", "Country": "United Kingdom"},
{"InvoiceNo": "536707", "StockCode": "22215", "Description": "CAKE STAND WHITE TWO TIER LACE", "Quantity": "2", "InvoiceDate": "02-12-2010 12:33", "UnitPrice": "8.5", "CustomerID": "12915", "Country": "United Kingdom"},
{"InvoiceNo": "536707", "StockCode": "22423", "Description": "REGENCY CAKESTAND 3 TIER", "Quantity": "2", "InvoiceDate": "02-12-2010 12:33", "UnitPrice": "12.75", "CustomerID": "12915", "Country": "United Kingdom"},
{"InvoiceNo": "536707", "StockCode": "22626", "Description": "BLACK KITCHEN SCALES", "Quantity": "2", "InvoiceDate": "02-12-2010 12:33", "UnitPrice": "8.5", "CustomerID": "12915", "Country": "United Kingdom"},
{"InvoiceNo": "536707", "StockCode": "22840", "Description": "ROUND CAKE TIN VINTAGE RED", "Quantity": "2", "InvoiceDate": "02-12-2010 12:33", "UnitPrice": "7.95", "CustomerID": "12915", "Country": "United Kingdom"},
{"InvoiceNo": "536707", "StockCode": "22938", "Description": "CUPCAKE LACE PAPER SET 6", "Quantity": "12", "InvoiceDate": "02-12-2010 12:33", "UnitPrice": "1.95", "CustomerID": "12915", "Country": "United Kingdom"},
{"InvoiceNo": "536707", "StockCode": "22955", "Description": "36 FOIL STAR CAKE CASES ", "Quantity": "6", "InvoiceDate": "02-12-2010 12:33", "UnitPrice": "2.1", "CustomerID": "12915", "Country": "United Kingdom"},
{"InvoiceNo": "536707", "StockCode": "37495", "Description": "FAIRY CAKE BIRTHDAY CANDLE SET", "Quantity": "4", "InvoiceDate": "02-12-2010 12:33", "UnitPrice": "3.75", "CustomerID": "12915", "Country": "United Kingdom"},
{"InvoiceNo": "536707", "StockCode": "85132A", "Description": "CHARLIE + LOLA BISCUITS TINS", "Quantity": "1", "InvoiceDate": "02-12-2010 12:33", "UnitPrice": "9.95", "CustomerID": "12915", "Country": "United Kingdom"},
{"InvoiceNo": "536707", "StockCode": "85132B", "Description": "CHARLIE AND LOLA TABLE TINS", "Quantity": "1", "InvoiceDate": "02-12-2010 12:33", "UnitPrice": "9.95", "CustomerID": "12915", "Country": "United Kingdom"},
{"InvoiceNo": "536707", "StockCode": "85132C", "Description": "CHARLIE AND LOLA FIGURES TINS", "Quantity": "1", "InvoiceDate": "02-12-2010 12:33", "UnitPrice": "9.95", "CustomerID": "12915", "Country": "United Kingdom"},
{"InvoiceNo": "C536737", "StockCode": "22798", "Description": "ANTIQUE GLASS DRESSING TABLE POT", "Quantity": "-2", "InvoiceDate": "02-12-2010 13:05", "UnitPrice": "2.95", "CustomerID": "15922", "Country": "United Kingdom"},
{"InvoiceNo": "536747", "StockCode": "22632", "Description": "HAND WARMER RED RETROSPOT", "Quantity": "6", "InvoiceDate": "02-12-2010 13:44", "UnitPrice": "2.1", "CustomerID": "17802", "Country": "United Kingdom"},
{"InvoiceNo": "536747", "StockCode": "22633", "Description": "HAND WARMER UNION JACK", "Quantity": "6", "InvoiceDate": "02-12-2010 13:44", "UnitPrice": "2.1", "CustomerID": "17802", "Country": "United Kingdom"},
{"InvoiceNo": "536747", "StockCode": "22834", "Description": "HAND WARMER BABUSHKA DESIGN", "Quantity": "6", "InvoiceDate": "02-12-2010 13:44", "UnitPrice": "2.1", "CustomerID": "17802", "Country": "United Kingdom"},
{"InvoiceNo": "536747", "StockCode": "22865", "Description": "HAND WARMER OWL DESIGN", "Quantity": "8", "InvoiceDate": "02-12-2010 13:44", "UnitPrice": "2.1", "CustomerID": "17802", "Country": "United Kingdom"},
{"InvoiceNo": "536747", "StockCode": "22866", "Description": "HAND WARMER SCOTTY DOG DESIGN", "Quantity": "6", "InvoiceDate": "02-12-2010 13:44", "UnitPrice": "2.1", "CustomerID": "17802", "Country": "United Kingdom"},
{"InvoiceNo": "536747", "StockCode": "16156S", "Description": "WRAP PINK FAIRY CAKES ", "Quantity": "25", "InvoiceDate": "02-12-2010 13:44", "UnitPrice": "0.42", "CustomerID": "17802", "Country": "United Kingdom"},
{"InvoiceNo": "536747", "StockCode": "85049A", "Description": "TRADITIONAL CHRISTMAS RIBBONS", "Quantity": "3", "InvoiceDate": "02-12-2010 13:44", "UnitPrice": "1.25", "CustomerID": "17802", "Country": "United Kingdom"},
{"InvoiceNo": "536747", "StockCode": "85049C", "Description": "ROMANTIC PINKS RIBBONS ", "Quantity": "3", "InvoiceDate": "02-12-2010 13:44", "UnitPrice": "1.25", "CustomerID": "17802", "Country": "United Kingdom"},
{"InvoiceNo": "536747", "StockCode": "85049E", "Description": "SCANDINAVIAN REDS RIBBONS", "Quantity": "3", "InvoiceDate": "02-12-2010 13:44", "UnitPrice": "1.25", "CustomerID": "17802", "Country": "United Kingdom"},
{"InvoiceNo": "536747", "StockCode": "85049F", "Description": "BABY BOOM RIBBONS ", "Quantity": "3", "InvoiceDate": "02-12-2010 13:44", "UnitPrice": "1.25", "CustomerID": "17802", "Country": "United Kingdom"},
{"InvoiceNo": "536747", "StockCode": "85049G", "Description": "CHOCOLATE BOX RIBBONS ", "Quantity": "3", "InvoiceDate": "02-12-2010 13:44", "UnitPrice": "1.25", "CustomerID": "17802", "Country": "United Kingdom"},
{"InvoiceNo": "536747", "StockCode": "85049H", "Description": "URBAN BLACK RIBBONS ", "Quantity": "3", "InvoiceDate": "02-12-2010 13:44", "UnitPrice": "1.25", "CustomerID": "17802", "Country": "United Kingdom"},
{"InvoiceNo": "C536757", "StockCode": "84347", "Description": "ROTATING SILVER ANGELS T-LIGHT HLDR", "Quantity": "-9360", "InvoiceDate": "02-12-2010 14:23", "UnitPrice": "0.03", "CustomerID": "15838", "Country": "United Kingdom"},
{"InvoiceNo": "536777", "StockCode": "20975", "Description": "12 PENCILS SMALL TUBE RED RETROSPOT", "Quantity": "24", "InvoiceDate": "02-12-2010 15:00", "UnitPrice": "0.65", "CustomerID": "15732", "Country": "United Kingdom"},
{"InvoiceNo": "536777", "StockCode": "21500", "Description": "PINK POLKADOT WRAP ", "Quantity": "25", "InvoiceDate": "02-12-2010 15:00", "UnitPrice": "0.42", "CustomerID": "15732", "Country": "United Kingdom"},
{"InvoiceNo": "536777", "StockCode": "22940", "Description": "FELTCRAFT CHRISTMAS FAIRY", "Quantity": "8", "InvoiceDate": "02-12-2010 15:00", "UnitPrice": "4.25", "CustomerID": "15732", "Country": "United Kingdom"},
{"InvoiceNo": "536777", "StockCode": "85099B", "Description": "JUMBO BAG RED RETROSPOT", "Quantity": "20", "InvoiceDate": "02-12-2010 15:00", "UnitPrice": "1.95", "CustomerID": "15732", "Country": "United Kingdom"},
{"InvoiceNo": "536777", "StockCode": "85099F", "Description": "JUMBO BAG STRAWBERRY", "Quantity": "20", "InvoiceDate": "02-12-2010 15:00", "UnitPrice": "1.95", "CustomerID": "15732", "Country": "United Kingdom"},
{"InvoiceNo": "536787", "StockCode": "21068", "Description": "VINTAGE BILLBOARD LOVE/HATE MUG", "Quantity": "6", "InvoiceDate": "02-12-2010 15:24", "UnitPrice": "1.06", "CustomerID": "17850", "Country": "United Kingdom"},
{"InvoiceNo": "536787", "StockCode": "21071", "Description": "VINTAGE BILLBOARD DRINK ME MUG", "Quantity": "6", "InvoiceDate": "02-12-2010 15:24", "UnitPrice": "1.06", "CustomerID": "17850", "Country": "United Kingdom"},
{"InvoiceNo": "536787", "StockCode": "21730", "Description": "GLASS STAR FROSTED T-LIGHT HOLDER", "Quantity": "6", "InvoiceDate": "02-12-2010 15:24", "UnitPrice": "4.25", "CustomerID": "17850", "Country": "United Kingdom"},
{"InvoiceNo": "536787", "StockCode": "21871", "Description": "SAVE THE PLANET MUG", "Quantity": "6", "InvoiceDate": "02-12-2010 15:24", "UnitPrice": "1.06", "CustomerID": "17850", "Country": "United Kingdom"},
{"InvoiceNo": "536787", "StockCode": "22752", "Description": "SET 7 BABUSHKA NESTING BOXES", "Quantity": "2", "InvoiceDate": "02-12-2010 15:24", "UnitPrice": "7.65", "CustomerID": "17850", "Country": "United Kingdom"},
{"InvoiceNo": "536787", "StockCode": "37370", "Description": "RETRO COFFEE MUGS ASSORTED", "Quantity": "6", "InvoiceDate": "02-12-2010 15:24", "UnitPrice": "1.06", "CustomerID": "17850", "Country": "United Kingdom"},
{"InvoiceNo": "536787", "StockCode": "71053", "Description": "WHITE METAL LANTERN", "Quantity": "6", "InvoiceDate": "02-12-2010 15:24", "UnitPrice": "3.39", "CustomerID": "17850", "Country": "United Kingdom"},
{"InvoiceNo": "536787", "StockCode": "82482", "Description": "WOODEN PICTURE FRAME WHITE FINISH", "Quantity": "6", "InvoiceDate": "02-12-2010 15:24", "UnitPrice": "2.1", "CustomerID": "17850", "Country": "United Kingdom"},
{"InvoiceNo": "536787", "StockCode": "82494L", "Description": "WOODEN FRAME ANTIQUE WHITE ", "Quantity": "6", "InvoiceDate": "02-12-2010 15:24", "UnitPrice": "2.55", "CustomerID": "17850", "Country": "United Kingdom"},
{"InvoiceNo": "536787", "StockCode": "84029E", "Description": "RED WOOLLY HOTTIE WHITE HEART.", "Quantity": "6", "InvoiceDate": "02-12-2010 15:24", "UnitPrice": "3.39", "CustomerID": "17850", "Country": "United Kingdom"},
{"InvoiceNo": "536787", "StockCode": "84029G", "Description": "KNITTED UNION FLAG HOT WATER BOTTLE", "Quantity": "6", "InvoiceDate": "02-12-2010 15:24", "UnitPrice": "3.39", "CustomerID": "17850", "Country": "United Kingdom"},
{"InvoiceNo": "536787", "StockCode": "84406B", "Description": "CREAM CUPID HEARTS COAT HANGER", "Quantity": "8", "InvoiceDate": "02-12-2010 15:24", "UnitPrice": "2.75", "CustomerID": "17850", "Country": "United Kingdom"},
{"InvoiceNo": "536787", "StockCode": "85123A", "Description": "WHITE HANGING HEART T-LIGHT HOLDER", "Quantity": "6", "InvoiceDate": "02-12-2010 15:24", "UnitPrice": "2.55", "CustomerID": "17850", "Country": "United Kingdom"},
{"InvoiceNo": "536797", "StockCode": "20970", "Description": "PINK FLORAL FELTCRAFT SHOULDER BAG", "Quantity": "4", "InvoiceDate": "02-12-2010 15:49", "UnitPrice": "3.75", "CustomerID": "16770", "Country": "United Kingdom"},
{"InvoiceNo": "536797", "StockCode": "22632", "Description": "HAND WARMER RED RETROSPOT", "Quantity": "12", "InvoiceDate": "02-12-2010 15:49", "UnitPrice": "2.1", "CustomerID": "16770", "Country": "United Kingdom"},
{"InvoiceNo": "536797", "StockCode": "22633", "Description": "HAND WARMER UNION JACK", "Quantity": "12", "InvoiceDate": "02-12-2010 15:49", "UnitPrice": "2.1", "CustomerID": "16770", "Country": "United Kingdom"},
{"InvoiceNo": "536797", "StockCode": "22865", "Description": "HAND WARMER OWL DESIGN", "Quantity": "12", "InvoiceDate": "02-12-2010 15:49", "UnitPrice": "2.1", "CustomerID": "16770", "Country": "United Kingdom"},
{"InvoiceNo": "536797", "StockCode": "22866", "Description": "HAND WARMER SCOTTY DOG DESIGN", "Quantity": "12", "InvoiceDate": "02-12-2010 15:49", "UnitPrice": "2.1", "CustomerID": "16770", "Country": "United Kingdom"},
{"InvoiceNo": "536797", "StockCode": "90002D", "Description": "FLOWER BURST SILVER RING CRYSTAL", "Quantity": "4", "InvoiceDate": "02-12-2010 15:49", "UnitPrice": "3.75", "CustomerID": "16770", "Country": "United Kingdom"},
{"InvoiceNo": "C536807", "StockCode": "22501", "Description": "PICNIC BASKET WICKER LARGE", "Quantity": "-2", "InvoiceDate": "02-12-2010 16:45", "UnitPrice": "9.95", "CustomerID": "15834", "Country": "United Kingdom"},
{"InvoiceNo": "C536807", "StockCode": "22778", "Description": "GLASS CLOCHE SMALL", "Quantity": "-1", "InvoiceDate": "02-12-2010 16:45", "UnitPrice": "3.95", "CustomerID": "15834", "Country": "United Kingdom"},
{"InvoiceNo": "C536817", "StockCode": "22187", "Description": "GREEN CHRISTMAS TREE CARD HOLDER", "Quantity": "-1", "InvoiceDate": "02-12-2010 17:08", "UnitPrice": "4.25", "CustomerID": "14156", "Country": "EIRE"},
{"InvoiceNo": "C536817", "StockCode": "71477", "Description": "COLOUR GLASS. STAR T-LIGHT HOLDER", "Quantity": "-1", "InvoiceDate": "02-12-2010 17:08", "UnitPrice": "3.25", "CustomerID": "14156", "Country": "EIRE"},
{"InvoiceNo": "C536827", "StockCode": "21527", "Description": "RED RETROSPOT TRADITIONAL TEAPOT ", "Quantity": "-3", "InvoiceDate": "02-12-2010 17:31", "UnitPrice": "6.95", "CustomerID": "13408", "Country": "United Kingdom"},
{"InvoiceNo": "536837", "StockCode": "20972", "Description": "PINK CREAM FELT CRAFT TRINKET BOX ", "Quantity": "6", "InvoiceDate": "02-12-2010 18:15", "UnitPrice": "1.25", "CustomerID": "14395", "Country": "United Kingdom"},
{"InvoiceNo": "536837", "StockCode": "20981", "Description": "12 PENCILS TALL TUBE WOODLAND", "Quantity": "5", "InvoiceDate": "02-12-2010 18:15", "UnitPrice": "0.85", "CustomerID": "14395", "Country": "United Kingdom"},
{"InvoiceNo": "536837", "StockCode": "20984", "Description": "12 PENCILS TALL TUBE POSY", "Quantity": "5", "InvoiceDate": "02-12-2010 18:15", "UnitPrice": "0.85", "CustomerID": "14395", "Country": "United Kingdom"},
{"InvoiceNo": "536837", "StockCode": "21486", "Description": "PINK HEART DOTS HOT WATER BOTTLE", "Quantity": "3", "InvoiceDate": "02-12-2010 18:15", "UnitPrice": "3.75", "CustomerID": "14395", "Country": "United Kingdom"},
{"InvoiceNo": "536837", "StockCode": "21499", "Description": "BLUE POLKADOT WRAP", "Quantity": "25", "InvoiceDate": "02-12-2010 18:15", "UnitPrice": "0.42", "CustomerID": "14395", "Country": "United Kingdom"},
{"InvoiceNo": "536837", "StockCode": "21500", "Description": "PINK POLKADOT WRAP ", "Quantity": "25", "InvoiceDate": "02-12-2010 18:15", "UnitPrice": "0.42", "CustomerID": "14395", "Country": "United Kingdom"},
{"InvoiceNo": "536837", "StockCode": "21754", "Description": "HOME BUILDING BLOCK WORD", "Quantity": "3", "InvoiceDate": "02-12-2010 18:15", "UnitPrice": "5.95", "CustomerID": "14395", "Country": "United Kingdom"},
{"InvoiceNo": "536837", "StockCode": "21755", "Description": "LOVE BUILDING BLOCK WORD", "Quantity": "3", "InvoiceDate": "02-12-2010 18:15", "UnitPrice": "5.95", "CustomerID": "14395", "Country": "United Kingdom"},
{"InvoiceNo": "536837", "StockCode": "21980", "Description": "PACK OF 12 RED RETROSPOT TISSUES ", "Quantity": "12", "InvoiceDate": "02-12-2010 18:15", "UnitPrice": "0.29", "CustomerID": "14395", "Country": "United Kingdom"},
{"InvoiceNo": "536837", "StockCode": "22112", "Description": "CHOCOLATE HOT WATER BOTTLE", "Quantity": "7", "InvoiceDate": "02-12-2010 18:15", "UnitPrice": "4.95", "CustomerID": "14395", "Country": "United Kingdom"},
{"InvoiceNo": "536837", "StockCode": "22114", "Description": "HOT WATER BOTTLE TEA AND SYMPATHY", "Quantity": "4", "InvoiceDate": "02-12-2010 18:15", "UnitPrice": "3.95", "CustomerID": "14395", "Country": "United Kingdom"},
{"InvoiceNo": "536837", "StockCode": "22144", "Description": "CHRISTMAS CRAFT LITTLE FRIENDS", "Quantity": "2", "InvoiceDate": "02-12-2010 18:15", "UnitPrice": "2.1", "CustomerID": "14395", "Country": "United Kingdom"},
{"InvoiceNo": "536837", "StockCode": "22171", "Description": "3 HOOK PHOTO SHELF ANTIQUE WHITE", "Quantity": "2", "InvoiceDate": "02-12-2010 18:15", "UnitPrice": "8.5", "CustomerID": "14395", "Country": "United Kingdom"},
{"InvoiceNo": "536837", "StockCode": "22173", "Description": "METAL 4 HOOK HANGER FRENCH CHATEAU", "Quantity": "8", "InvoiceDate": "02-12-2010 18:15", "UnitPrice": "2.95", "CustomerID": "14395", "Country": "United Kingdom"},
{"InvoiceNo": "536837", "StockCode": "22470", "Description": "HEART OF WICKER LARGE", "Quantity": "3", "InvoiceDate": "02-12-2010 18:15", "UnitPrice": "2.95", "CustomerID": "14395", "Country": "United Kingdom"},
{"InvoiceNo": "536837", "StockCode": "22632", "Description": "HAND WARMER RED RETROSPOT", "Quantity": "4", "InvoiceDate": "02-12-2010 18:15", "UnitPrice": "2.1", "CustomerID": "14395", "Country": "United Kingdom"},
{"InvoiceNo": "536837", "StockCode": "22633", "Description": "HAND WARMER UNION JACK", "Quantity": "4", "InvoiceDate": "02-12-2010 18:15", "UnitPrice": "2.1", "CustomerID": "14395", "Country": "United Kingdom"},
{"InvoiceNo": "536837", "StockCode": "22804", "Description": "CANDLEHOLDER PINK HANGING HEART", "Quantity": "2", "InvoiceDate": "02-12-2010 18:15", "UnitPrice": "2.95", "CustomerID": "14395", "Country": "United Kingdom"},
{"InvoiceNo": "536837", "StockCode": "22865", "Description": "HAND WARMER OWL DESIGN", "Quantity": "1", "InvoiceDate": "02-12-2010 18:15", "UnitPrice": "2.1", "CustomerID": "14395", "Country": "United Kingdom"},
{"InvoiceNo": "536837", "StockCode": "82482", "Description": "WOODEN PICTURE FRAME WHITE FINISH", "Quantity": "6", "InvoiceDate": "02-12-2010 18:15", "UnitPrice": "2.55", "CustomerID": "14395", "Country": "United Kingdom"},
{"InvoiceNo": "536837", "StockCode": "82483", "Description": "WOOD 2 DRAWER CABINET WHITE FINISH", "Quantity": "4", "InvoiceDate": "02-12-2010 18:15", "UnitPrice": "5.95", "CustomerID": "14395", "Country": "United Kingdom"},
{"InvoiceNo": "536837", "StockCode": "82486", "Description": "WOOD S/3 CABINET ANT WHITE FINISH", "Quantity": "2", "InvoiceDate": "02-12-2010 18:15", "UnitPrice": "7.95", "CustomerID": "14395", "Country": "United Kingdom"},
{"InvoiceNo": "536837", "StockCode": "85214", "Description": "TUB 24 PINK FLOWER PEGS", "Quantity": "1", "InvoiceDate": "02-12-2010 18:15", "UnitPrice": "1.65", "CustomerID": "14395", "Country": "United Kingdom"},
{"InvoiceNo": "536837", "StockCode": "16161M", "Description": "WRAP  PINK FLOCK", "Quantity": "25", "InvoiceDate": "02-12-2010 18:15", "UnitPrice": "0.42", "CustomerID": "14395", "Country": "United Kingdom"},
{"InvoiceNo": "536837", "StockCode": "82494L", "Description": "WOODEN FRAME ANTIQUE WHITE ", "Quantity": "4", "InvoiceDate": "02-12-2010 18:15", "UnitPrice": "2.95", "CustomerID": "14395", "Country": "United Kingdom"},
{"InvoiceNo": "536837", "StockCode": "85049A", "Description": "TRADITIONAL CHRISTMAS RIBBONS", "Quantity": "6", "InvoiceDate": "02-12-2010 18:15", "UnitPrice": "1.25", "CustomerID": "14395", "Country": "United Kingdom"},
{"InvoiceNo": "536837", "StockCode": "85123A", "Description": "WHITE HANGING HEART T-LIGHT HOLDER", "Quantity": "2", "InvoiceDate": "02-12-2010 18:15", "UnitPrice": "2.95", "CustomerID": "14395", "Country": "United Kingdom"}
]