[{"InvoiceNo": "536848", "StockCode": "21928", "Description": "JUMBO BAG SCANDINAVIAN PAISLEY", "Quantity": "100", "InvoiceDate": "03-12-2010 9:39", "UnitPrice": "1.65", "CustomerID": "13408", "Country": "United Kingdom"},
{"InvoiceNo": "536848", "StockCode": "21930", "Description": "JUMBO STORAGE BAG SKULLS", "Quantity": "100", "InvoiceDate": "03-12-2010 9:39", "UnitPrice": "1.65", "CustomerID": "13408", "Country": "United Kingdom"},
{"InvoiceNo": "536848", "StockCode": "22910", "Description": "PAPER CHAIN KIT VINTAGE CHRISTMAS", "Quantity": "80", "InvoiceDate": "03-12-2010 9:39", "UnitPrice": "2.55", "CustomerID": "13408", "Country": "United Kingdom"},
{"InvoiceNo": "536858", "StockCode": "20677", "Description": "PINK POLKADOT BOWL", "Quantity": "16", "InvoiceDate": "03-12-2010 10:36", "UnitPrice": "1.25", "CustomerID": "13520", "Country": "Switzerland"},
{"InvoiceNo": "536858", "StockCode": "20750", "Description": "RED RETROSPOT MINI CASES", "Quantity": "2", "InvoiceDate": "03-12-2010 10:36", "UnitPrice": "7.95", "CustomerID": "13520", "Country": "Switzerland"},
{"InvoiceNo": "536858", "StockCode": "21731", "Description": "RED TOADSTOOL LED NIGHT LIGHT", "Quantity": "24", "InvoiceDate": "03-12-2010 10:36", "UnitPrice": "1.65", "CustomerID": "13520", "Country": "Switzerland"},
{"InvoiceNo": "536858", "StockCode": "22326", "Description": "ROUND SNACK BOXES SET OF4 WOODLAND ", "Quantity": "30", "InvoiceDate": "03-12-2010 10:36", "UnitPrice": "2.95", "CustomerID": "13520", "Country": "Switzerland"},
{"InvoiceNo": "536858", "StockCode": "22554", "Description": "PLASTERS IN TIN WOODLAND ANIMALS", "Quantity": "36", "InvoiceDate": "03-12-2010 10:36", "UnitPrice": "1.65", "CustomerID": "13520", "Country": "Switzerland"},
{"InvoiceNo": "536858", "StockCode": "POST", "Description": "POSTAGE", "Quantity": "2", "InvoiceDate": "03-12-2010 10:36", "UnitPrice": "40", "CustomerID": "13520", "Country": "Switzerland"},
{"InvoiceNo": "536938", "StockCode": "20712", "Description": "JUMBO BAG WOODLAND ANIMALS", "Quantity": "20", "InvoiceDate": "03-12-2010 12:05", "UnitPrice": "1.95", "CustomerID": "14680", "Country": "United Kingdom"},
{"InvoiceNo": "536938", "StockCode": "20713", "Description": "JUMBO BAG OWLS", "Quantity": "20", "InvoiceDate": "03-12-2010 12:05", "UnitPrice": "1.95", "CustomerID": "14680", "Country": "United Kingdom"},
{"InvoiceNo": "536938", "StockCode": "20724", "Description": "RED RETROSPOT CHARLOTTE BAG", "Quantity": "20", "InvoiceDate": "03-12-2010 12:05", "UnitPrice": "0.85", "CustomerID": "14680", "Country": "United Kingdom"},
{"InvoiceNo": "536938", "StockCode": "21258", "Description": "VICTORIAN SEWING BOX LARGE", "Quantity": "24", "InvoiceDate": "03-12-2010 12:05", "UnitPrice": "10.95", "CustomerID": "14680", "Country": "United Kingdom"},
{"InvoiceNo": "536938", "StockCode": "21479", "Description": "WHITE SKULL HOT WATER BOTTLE ", "Quantity": "72", "InvoiceDate": "03-12-2010 12:05", "UnitPrice": "3.39", "CustomerID": "14680", "Country": "United Kingdom"},
{"InvoiceNo": "536938", "StockCode": "21931", "Description": "JUMBO STORAGE BAG SUKI", "Quantity": "20", "InvoiceDate": "03-12-2010 12:05", "UnitPrice": "1.95", "CustomerID": "14680", "Country": "United Kingdom"},
{"InvoiceNo": "536938", "StockCode": "22112", "Description": "CHOCOLATE HOT WATER BOTTLE", "Quantity": "72", "InvoiceDate": "03-12-2010 12:05", "UnitPrice": "4.25", "CustomerID": "14680", "Country": "United Kingdom"},
{"InvoiceNo": "536938", "StockCode": "22356", "Description": "CHARLOTTE BAG PINK POLKADOT", "Quantity": "20", "InvoiceDate": "03-12-2010 12:05", "UnitPrice": "0.85", "CustomerID": "14680", "Country": "United Kingdom"},
{"InvoiceNo": "536938", "StockCode": "22386", "Description": "JUMBO BAG PINK POLKADOT", "Quantity": "20", "InvoiceDate": "03-12-2010 12:05", "UnitPrice": "1.95", "CustomerID": "14680", "Country": "United Kingdom"},
{"InvoiceNo": "536938", "StockCode": "22837", "Description": "HOT WATER BOTTLE BABUSHKA ", "Quantity": "36", "InvoiceDate": "03-12-2010 12:05", "UnitPrice": "4.25", "CustomerID": "14680", "Country": "United Kingdom"},
{"InvoiceNo": "536938", "StockCode": "79321", "Description": "CHILLI LIGHTS", "Quantity": "72", "InvoiceDate": "03-12-2010 12:05", "UnitPrice": "4.25", "CustomerID": "14680", "Country": "United Kingdom"},
{"InvoiceNo": "536938", "StockCode": "84997A", "Description": "GREEN 3 PIECE POLKADOT CUTLERY SET", "Quantity": "24", "InvoiceDate": "03-12-2010 12:05", "UnitPrice": "3.75", "CustomerID": "14680", "Country": "United Kingdom"},
{"InvoiceNo": "536938", "StockCode": "84997B", "Description": "RED 3 PIECE RETROSPOT CUTLERY SET", "Quantity": "24", "InvoiceDate": "03-12-2010 12:05", "UnitPrice": "3.75", "CustomerID": "14680", "Country": "United Kingdom"},
{"InvoiceNo": "536938", "StockCode": "85099C", "Description": "JUMBO  BAG BAROQUE BLACK WHITE", "Quantity": "20", "InvoiceDate": "03-12-2010 12:05", "UnitPrice": "1.95", "CustomerID": "14680", "Country": "United Kingdom"},
{"InvoiceNo": "536968", "StockCode": "71477", "Description": "COLOUR GLASS. STAR T-LIGHT HOLDER", "Quantity": "120", "InvoiceDate": "03-12-2010 13:09", "UnitPrice": "2.75", "CustomerID": "16013", "Country": "United Kingdom"},
{"InvoiceNo": "536968", "StockCode": "79321", "Description": "CHILLI LIGHTS", "Quantity": "48", "InvoiceDate": "03-12-2010 13:09", "UnitPrice": "4.25", "CustomerID": "16013", "Country": "United Kingdom"},
{"InvoiceNo": "C536978", "StockCode": "22776", "Description": "SWEETHEART CAKESTAND 3 TIER", "Quantity": "-1", "InvoiceDate": "03-12-2010 14:19", "UnitPrice": "9.95", "CustomerID": "17954", "Country": "United Kingdom"},
{"InvoiceNo": "536988", "StockCode": "20749", "Description": "ASSORTED COLOUR MINI CASES", "Quantity": "1", "InvoiceDate": "03-12-2010 15:05", "UnitPrice": "7.95", "CustomerID": "17238", "Country": "United Kingdom"},
{"InvoiceNo": "536988", "StockCode": "20750", "Description": "RED RETROSPOT MINI CASES", "Quantity": "1", "InvoiceDate": "03-12-2010 15:05", "UnitPrice": "7.95", "CustomerID": "17238", "Country": "United Kingdom"},
{"InvoiceNo": "536988", "StockCode": "20967", "Description": "GREY FLORAL FELTCRAFT SHOULDER BAG", "Quantity": "2", "InvoiceDate": "03-12-2010 15:05", "UnitPrice": "3.75", "CustomerID": "17238", "Country": "United Kingdom"},
{"InvoiceNo": "536988", "StockCode": "21098", "Description": "CHRISTMAS TOILET ROLL", "Quantity": "1", "InvoiceDate": "03-12-2010 15:05", "UnitPrice": "1.25", "CustomerID": "17238", "Country": "United Kingdom"},
{"InvoiceNo": "536988", "StockCode": "21479", "Description": "WHITE SKULL HOT WATER BOTTLE ", "Quantity": "1", "InvoiceDate": "03-12-2010 15:05", "UnitPrice": "3.75", "CustomerID": "17238", "Country": "United Kingdom"},
{"InvoiceNo": "536988", "StockCode": "21481", "Description": "FAWN BLUE HOT WATER BOTTLE", "Quantity": "2", "InvoiceDate": "03-12-2010 15:05", "UnitPrice": "2.95", "CustomerID": "17238", "Country": "United Kingdom"},
{"InvoiceNo": "536988", "StockCode": "21499", "Description": "BLUE POLKADOT WRAP", "Quantity": "25", "InvoiceDate": "03-12-2010 15:05", "UnitPrice": "0.42", "CustomerID": "17238", "Country": "United Kingdom"},
{"InvoiceNo": "536988", "StockCode": "21623", "Description": "VINTAGE UNION JACK MEMOBOARD", "Quantity": "3", "InvoiceDate": "03-12-2010 15:05", "UnitPrice": "9.95", "CustomerID": "17238", "Country": "United Kingdom"},
{"InvoiceNo": "536988", "StockCode": "21918", "Description": "SET 12 KIDS COLOUR  CHALK STICKS", "Quantity": "1", "InvoiceDate": "03-12-2010 15:05", "UnitPrice": "0.42", "CustomerID": "17238", "Country": "United Kingdom"},
{"InvoiceNo": "536988", "StockCode": "21928", "Description": "JUMBO BAG SCANDINAVIAN PAISLEY", "Quantity": "1", "InvoiceDate": "03-12-2010 15:05", "UnitPrice": "1.95", "CustomerID": "17238", "Country": "United Kingdom"},
{"InvoiceNo": "536988", "StockCode": "22075", "Description": "6 RIBBONS ELEGANT CHRISTMAS ", "Quantity": "3", "InvoiceDate": "03-12-2010 15:05", "UnitPrice": "1.65", "CustomerID": "17238", "Country": "United Kingdom"},
{"InvoiceNo": "536988", "StockCode": "22086", "Description": "PAPER CHAIN KIT 50'S CHRISTMAS ", "Quantity": "2", "InvoiceDate": "03-12-2010 15:05", "UnitPrice": "2.95", "CustomerID": "17238", "Country": "United Kingdom"},
{"InvoiceNo": "536988", "StockCode": "22142", "Description": "CHRISTMAS CRAFT WHITE FAIRY ", "Quantity": "2", "InvoiceDate": "03-12-2010 15:05", "UnitPrice": "1.45", "CustomerID": "17238", "Country": "United Kingdom"},
{"InvoiceNo": "536988", "StockCode": "22144", "Description": "CHRISTMAS CRAFT LITTLE FRIENDS", "Quantity": "2", "InvoiceDate": "03-12-2010 15:05", "UnitPrice": "2.1", "CustomerID": "17238", "Country": "United Kingdom"},
{"InvoiceNo": "536988", "StockCode": "22352", "Description": "LUNCH BOX WITH CUTLERY RETROSPOT ", "Quantity": "2", "InvoiceDate": "03-12-2010 15:05", "UnitPrice": "2.55", "CustomerID": "17238", "Country": "United Kingdom"},
{"InvoiceNo": "536988", "StockCode": "22411", "Description": "JUMBO SHOPPER VINTAGE RED PAISLEY", "Quantity": "1", "InvoiceDate": "03-12-2010 15:05", "UnitPrice": "1.95", "CustomerID": "17238", "Country": "United Kingdom"},
{"InvoiceNo": "536988", "StockCode": "22505", "Description": "MEMO BOARD COTTAGE DESIGN", "Quantity": "3", "InvoiceDate": "03-12-2010 15:05", "UnitPrice": "4.95", "CustomerID": "17238", "Country": "United Kingdom"},
{"InvoiceNo": "536988", "StockCode": "22617", "Description": "BAKING SET SPACEBOY DESIGN", "Quantity": "2", "InvoiceDate": "03-12-2010 15:05", "UnitPrice": "4.95", "CustomerID": "17238", "Country": "United Kingdom"},
{"InvoiceNo": "536988", "StockCode": "22632", "Description": "HAND WARMER RED RETROSPOT", "Quantity": "3", "InvoiceDate": "03-12-2010 15:05", "UnitPrice": "2.1", "CustomerID": "17238", "Country": "United Kingdom"},
{"InvoiceNo": "536988", "StockCode": "22634", "Description": "CHILDS BREAKFAST SET SPACEBOY ", "Quantity": "1", "InvoiceDate": "03-12-2010 15:05", "UnitPrice": "9.95", "CustomerID": "17238", "Country": "United Kingdom"},
{"InvoiceNo": "536988", "StockCode": "22694", "Description": "WICKER STAR ", "Quantity": "1", "InvoiceDate": "03-12-2010 15:05", "UnitPrice": "2.1", "CustomerID": "17238", "Country": "United Kingdom"},
{"InvoiceNo": "536988", "StockCode": "22745", "Description": "POPPY'S PLAYHOUSE BEDROOM ", "Quantity": "2", "InvoiceDate": "03-12-2010 15:05", "UnitPrice": "2.1", "CustomerID": "17238", "Country": "United Kingdom"},
{"InvoiceNo": "536988", "StockCode": "22746", "Description": "POPPY'S PLAYHOUSE LIVINGROOM ", "Quantity": "3", "InvoiceDate": "03-12-2010 15:05", "UnitPrice": "2.1", "CustomerID": "17238", "Country": "United Kingdom"},
{"InvoiceNo": "536988", "StockCode": "22748", "Description": "POPPY'S PLAYHOUSE KITCHEN", "Quantity": "3", "InvoiceDate": "03-12-2010 15:05", "UnitPrice": "2.1", "CustomerID": "17238", "Country": "United Kingdom"},
{"InvoiceNo": "536988", "StockCode": "22837", "Description": "HOT WATER BOTTLE BABUSHKA ", "Quantity": "4", "InvoiceDate": "03-12-2010 15:05", "UnitPrice": "4.65", "CustomerID": "17238", "Country": "United Kingdom"},
{"InvoiceNo": "536988", "StockCode": "22865", "Description": "HAND WARMER OWL DESIGN", "Quantity": "2", "InvoiceDate": "03-12-2010 15:05", "UnitPrice": "2.1", "CustomerID": "17238", "Country": "United Kingdom"},
{"InvoiceNo": "536988", "StockCode": "22910", "Description": "PAPER CHAIN KIT VINTAGE CHRISTMAS", "Quantity": "2", "InvoiceDate": "03-12-2010 15:05", "UnitPrice": "2.95", "CustomerID": "17238", "Country": "United Kingdom"},
{"InvoiceNo": "536988", "StockCode": "22964", "Description": "3 PIECE SPACEBOY COOKIE CUTTER SET", "Quantity": "3", "InvoiceDate": "03-12-2010 15:05", "UnitPrice": "2.1", "CustomerID": "17238", "Country": "United Kingdom"},
{"InvoiceNo": "536988", "StockCode": "22966", "Description": "GINGERBREAD MAN COOKIE CUTTER", "Quantity": "4", "InvoiceDate": "03-12-2010 15:05", "UnitPrice": "1.25", "CustomerID": "17238", "Country": "United Kingdom"},
{"InvoiceNo": "536988", "StockCode": "22968", "Description": "ROSE COTTAGE KEEPSAKE BOX ", "Quantity": "2", "InvoiceDate": "03-12-2010 15:05", "UnitPrice": "9.95", "CustomerID": "17238", "Country": "United Kingdom"},
{"InvoiceNo": "536988", "StockCode": "84380", "Description": "SET OF 3 BUTTERFLY COOKIE CUTTERS", "Quantity": "2", "InvoiceDate": "03-12-2010 15:05", "UnitPrice": "1.25", "CustomerID": "17238", "Country": "United Kingdom"},
{"InvoiceNo": "536988", "StockCode": "84580", "Description": "MOUSE TOY WITH PINK T-SHIRT", "Quantity": "1", "InvoiceDate": "03-12-2010 15:05", "UnitPrice": "3.75", "CustomerID": "17238", "Country": "United Kingdom"},
{"InvoiceNo": "536988", "StockCode": "84581", "Description": "DOG TOY WITH PINK CROCHET SKIRT", "Quantity": "1", "InvoiceDate": "03-12-2010 15:05", "UnitPrice": "3.75", "CustomerID": "17238", "Country": "United Kingdom"},
{"InvoiceNo": "536988", "StockCode": "47343A", "Description": "FUSCHIA FLOWER PURSE WITH BEADS", "Quantity": "3", "InvoiceDate": "03-12-2010 15:05", "UnitPrice": "1.49", "CustomerID": "17238", "Country": "United Kingdom"},
{"InvoiceNo": "536988", "StockCode": "72802A", "Description": "ROSE SCENT CANDLE IN JEWELLED BOX", "Quantity": "1", "InvoiceDate": "03-12-2010 15:05", "UnitPrice": "4.25", "CustomerID": "17238", "Country": "United Kingdom"},
{"InvoiceNo": "536988", "StockCode": "84558A", "Description": "3D DOG PICTURE PLAYING CARDS", "Quantity": "3", "InvoiceDate": "03-12-2010 15:05", "UnitPrice": "2.95", "CustomerID": "17238", "Country": "United Kingdom"},
{"InvoiceNo": "536988", "StockCode": "85049C", "Description": "ROMANTIC PINKS RIBBONS ", "Quantity": "2", "InvoiceDate": "03-12-2010 15:05", "UnitPrice": "1.25", "CustomerID": "17238", "Country": "United Kingdom"},
{"InvoiceNo": "536988", "StockCode": "85049F", "Description": "BABY BOOM RIBBONS ", "Quantity": "2", "InvoiceDate": "03-12-2010 15:05", "UnitPrice": "1.25", "CustomerID": "17238", "Country": "United Kingdom"},
{"InvoiceNo": "536998", "StockCode": "85067", "Description": "", "Quantity": "-6", "InvoiceDate": "03-12-2010 15:30", "UnitPrice": "0", "CustomerID": "", "Country": "United Kingdom"},
{"InvoiceNo": "537008", "StockCode": "21161", "Description": "", "Quantity": "-120", "InvoiceDate": "03-12-2010 15:37", "UnitPrice": "0", "CustomerID": "", "Country": "United Kingdom"},
{"InvoiceNo": "537018", "StockCode": "84562A", "Description": "", "Quantity": "-3", "InvoiceDate": "03-12-2010 15:42", "UnitPrice": "0", "CustomerID": "", "Country": "United Kingdom"},
{"InvoiceNo": "537028", "StockCode": "21696", "Description": "", "Quantity": "-320", "InvoiceDate": "03-12-2010 16:36", "UnitPrice": "0", "CustomerID": "", "Country": "United Kingdom"}
]