[{"InvoiceNo": "C536855", "StockCode": "21527", "Description": "RED RETROSPOT TRADITIONAL TEAPOT ", "Quantity": "-4", "InvoiceDate": "03-12-2010 10:11", "UnitPrice": "7.95", "CustomerID": "18225", "Country": "United Kingdom"},
{"InvoiceNo": "536865", "StockCode": "10002", "Description": "INFLATABLE POLITICAL GLOBE ", "Quantity": "5", "InvoiceDate": "03-12-2010 11:28", "UnitPrice": "1.66", "CustomerID": "", "Country": "United Kingdom"},
{"InvoiceNo": "536865", "StockCode": "20615", "Description": "BLUE POLKADOT PASSPORT COVER", "Quantity": "1", "InvoiceDate": "03-12-2010 11:28", "UnitPrice": "4.21", "CustomerID": "", "Country": "United Kingdom"},
{"InvoiceNo": "536865", "StockCode": "20655", "Description": "QUEEN OF SKIES LUGGAGE TAG", "Quantity": "1", "InvoiceDate": "03-12-2010 11:28", "UnitPrice": "2.51", "CustomerID": "", "Country": "United Kingdom"},
{"InvoiceNo": "536865", "StockCode": "20679", "Description": "EDWARDIAN PARASOL RED", "Quantity": "1", "InvoiceDate": "03-12-2010 11:28", "UnitPrice": "12.72", "CustomerID": "", "Country": "United Kingdom"},
{"InvoiceNo": "536865", "StockCode": "20681", "Description": "PINK POLKADOT CHILDRENS UMBRELLA", "Quantity": "2", "InvoiceDate": "03-12-2010 11:28", "UnitPrice": "6.77", "CustomerID": "", "Country": "United Kingdom"},
{"InvoiceNo": "536865", "StockCode": "20682", "Description": "RED RETROSPOT CHILDRENS UMBRELLA", "Quantity": "1", "InvoiceDate": "03-12-2010 11:28", "UnitPrice": "6.77", "CustomerID": "", "Country": "United Kingdom"},
{"InvoiceNo": "536865", "StockCode": "20723", "Description": "STRAWBERRY CHARLOTTE BAG", "Quantity": "2", "InvoiceDate": "03-12-2010 11:28", "UnitPrice": "2.51", "CustomerID": "", "Country": "United Kingdom"},
{"InvoiceNo": "536865", "StockCode": "20724", "Description": "RED RETROSPOT CHARLOTTE BAG", "Quantity": "5", "InvoiceDate": "03-12-2010 11:28", "UnitPrice": "2.51", "CustomerID": "", "Country": "United Kingdom"},
{"InvoiceNo": "536865", "StockCode": "20725", "Description": "LUNCH BAG RED RETROSPOT", "Quantity": "5", "InvoiceDate": "03-12-2010 11:28", "UnitPrice": "5.06", "CustomerID": "", "Country": "United Kingdom"},
{"InvoiceNo": "536865", "StockCode": "20750", "Description": "RED RETROSPOT MINI CASES", "Quantity": "1", "InvoiceDate": "03-12-2010 11:28", "UnitPrice": "16.98", "CustomerID": "", "Country": "United Kingdom"},
{"InvoiceNo": "536865", "StockCode": "20752", "Description": "BLUE POLKADOT WASHING UP GLOVES", "Quantity": "1", "InvoiceDate": "03-12-2010 11:28", "UnitPrice": "4.21", "CustomerID": "", "Country": "United Kingdom"},
{"InvoiceNo": "536865", "StockCode": "21035", "Description": "SET/2 RED RETROSPOT TEA TOWELS ", "Quantity": "2", "InvoiceDate": "03-12-2010 11:28", "UnitPrice": "5.91", "CustomerID": "", "Country": "United Kingdom"},
{"InvoiceNo": "536865", "StockCode": "21041", "Description": "RED RETROSPOT OVEN GLOVE DOUBLE", "Quantity": "1", "InvoiceDate": "03-12-2010 11:28", "UnitPrice": "5.91", "CustomerID": "", "Country": "United Kingdom"},
{"InvoiceNo": "536865", "StockCode": "21068", "Description": "VINTAGE BILLBOARD LOVE/HATE MUG", "Quantity": "1", "InvoiceDate": "03-12-2010 11:28", "UnitPrice": "2.51", "CustomerID": "", "Country": "United Kingdom"},
{"InvoiceNo": "536865", "StockCode": "21100", "Description": "CHARLIE AND LOLA CHARLOTTE BAG", "Quantity": "1", "InvoiceDate": "03-12-2010 11:28", "UnitPrice": "4.21", "CustomerID": "", "Country": "United Kingdom"},
{"InvoiceNo": "536865", "StockCode": "21108", "Description": "FAIRY CAKE FLANNEL ASSORTED COLOUR", "Quantity": "1", "InvoiceDate": "03-12-2010 11:28", "UnitPrice": "5.06", "CustomerID": "", "Country": "United Kingdom"},
{"InvoiceNo": "536865", "StockCode": "21109", "Description": "LARGE CAKE TOWEL, CHOCOLATE SPOTS", "Quantity": "1", "InvoiceDate": "03-12-2010 11:28", "UnitPrice": "13.57", "CustomerID": "", "Country": "United Kingdom"},
{"InvoiceNo": "536865", "StockCode": "21116", "Description": "OWL DOORSTOP", "Quantity": "1", "InvoiceDate": "03-12-2010 11:28", "UnitPrice": "8.47", "CustomerID": "", "Country": "United Kingdom"},
{"InvoiceNo": "536865", "StockCode": "21154", "Description": "RED RETROSPOT OVEN GLOVE ", "Quantity": "3", "InvoiceDate": "03-12-2010 11:28", "UnitPrice": "3.36", "CustomerID": "", "Country": "United Kingdom"},
{"InvoiceNo": "536865", "StockCode": "21157", "Description": "RED RETROSPOT WASHBAG", "Quantity": "1", "InvoiceDate": "03-12-2010 11:28", "UnitPrice": "4.21", "CustomerID": "", "Country": "United Kingdom"},
{"InvoiceNo": "536865", "StockCode": "21165", "Description": "BEWARE OF THE CAT METAL SIGN ", "Quantity": "1", "InvoiceDate": "03-12-2010 11:28", "UnitPrice": "4.21", "CustomerID": "", "Country": "United Kingdom"},
{"InvoiceNo": "536865", "StockCode": "21174", "Description": "POTTERING IN THE SHED METAL SIGN", "Quantity": "1", "InvoiceDate": "03-12-2010 11:28", "UnitPrice": "4.21", "CustomerID": "", "Country": "United Kingdom"},
{"InvoiceNo": "536865", "StockCode": "21192", "Description": "WHITE BELL HONEYCOMB PAPER ", "Quantity": "2", "InvoiceDate": "03-12-2010 11:28", "UnitPrice": "3.36", "CustomerID": "", "Country": "United Kingdom"},
{"InvoiceNo": "536865", "StockCode": "21201", "Description": "TROPICAL  HONEYCOMB PAPER GARLAND ", "Quantity": "1", "InvoiceDate": "03-12-2010 11:28", "UnitPrice": "5.06", "CustomerID": "", "Country": "United Kingdom"},
{"InvoiceNo": "536865", "StockCode": "21218", "Description": "RED SPOTTY BISCUIT TIN", "Quantity": "2", "InvoiceDate": "03-12-2010 11:28", "UnitPrice": "8.47", "CustomerID": "", "Country": "United Kingdom"},
{"InvoiceNo": "536865", "StockCode": "21257", "Description": "VICTORIAN SEWING BOX MEDIUM", "Quantity": "2", "InvoiceDate": "03-12-2010 11:28", "UnitPrice": "16.13", "CustomerID": "", "Country": "United Kingdom"},
{"InvoiceNo": "536865", "StockCode": "21258", "Description": "VICTORIAN SEWING BOX LARGE", "Quantity": "4", "InvoiceDate": "03-12-2010 11:28", "UnitPrice": "25.49", "CustomerID": "", "Country": "United Kingdom"},
{"InvoiceNo": "536865", "StockCode": "21259", "Description": "VICTORIAN SEWING BOX SMALL ", "Quantity": "1", "InvoiceDate": "03-12-2010 11:28", "UnitPrice": "12.72", "CustomerID": "", "Country": "United Kingdom"},
{"InvoiceNo": "536865", "StockCode": "21411", "Description": "GINGHAM HEART  DOORSTOP RED", "Quantity": "1", "InvoiceDate": "03-12-2010 11:28", "UnitPrice": "8.47", "CustomerID": "", "Country": "United Kingdom"},
{"InvoiceNo": "536865", "StockCode": "21429", "Description": "RED GINGHAM ROSE JEWELLERY BOX", "Quantity": "1", "InvoiceDate": "03-12-2010 11:28", "UnitPrice": "3.36", "CustomerID": "", "Country": "United Kingdom"},
{"InvoiceNo": "536865", "StockCode": "21479", "Description": "WHITE SKULL HOT WATER BOTTLE ", "Quantity": "21", "InvoiceDate": "03-12-2010 11:28", "UnitPrice": "8.47", "CustomerID": "", "Country": "United Kingdom"},
{"InvoiceNo": "536865", "StockCode": "21481", "Description": "FAWN BLUE HOT WATER BOTTLE", "Quantity": "1", "InvoiceDate": "03-12-2010 11:28", "UnitPrice": "6.77", "CustomerID": "", "Country": "United Kingdom"},
{"InvoiceNo": "536865", "StockCode": "21558", "Description": "SKULL LUNCH BOX WITH CUTLERY ", "Quantity": "3", "InvoiceDate": "03-12-2010 11:28", "UnitPrice": "5.06", "CustomerID": "", "Country": "United Kingdom"},
{"InvoiceNo": "536865", "StockCode": "21710", "Description": "FOLDING UMBRELLA PINKWHITE POLKADOT", "Quantity": "1", "InvoiceDate": "03-12-2010 11:28", "UnitPrice": "10.17", "CustomerID": "", "Country": "United Kingdom"},
{"InvoiceNo": "536865", "StockCode": "21733", "Description": "RED HANGING HEART T-LIGHT HOLDER", "Quantity": "3", "InvoiceDate": "03-12-2010 11:28", "UnitPrice": "5.91", "CustomerID": "", "Country": "United Kingdom"},
{"InvoiceNo": "536865", "StockCode": "21786", "Description": "POLKADOT RAIN HAT ", "Quantity": "3", "InvoiceDate": "03-12-2010 11:28", "UnitPrice": "0.81", "CustomerID": "", "Country": "United Kingdom"},
{"InvoiceNo": "536865", "StockCode": "21790", "Description": "VINTAGE SNAP CARDS", "Quantity": "6", "InvoiceDate": "03-12-2010 11:28", "UnitPrice": "1.66", "CustomerID": "", "Country": "United Kingdom"},
{"InvoiceNo": "536865", "StockCode": "21803", "Description": "CHRISTMAS TREE STAR DECORATION", "Quantity": "1", "InvoiceDate": "03-12-2010 11:28", "UnitPrice": "0.85", "CustomerID": "", "Country": "United Kingdom"},
{"InvoiceNo": "536865", "StockCode": "21813", "Description": "GARLAND WITH STARS AND BELLS", "Quantity": "1", "InvoiceDate": "03-12-2010 11:28", "UnitPrice": "10.17", "CustomerID": "", "Country": "United Kingdom"},
{"InvoiceNo": "536865", "StockCode": "21865", "Description": "PINK UNION JACK  PASSPORT COVER ", "Quantity": "1", "InvoiceDate": "03-12-2010 11:28", "UnitPrice": "4.21", "CustomerID": "", "Country": "United Kingdom"},
{"InvoiceNo": "536865", "StockCode": "21874", "Description": "GIN AND TONIC MUG", "Quantity": "1", "InvoiceDate": "03-12-2010 11:28", "UnitPrice": "3.36", "CustomerID": "", "Country": "United Kingdom"},
{"InvoiceNo": "536865", "StockCode": "21876", "Description": "POTTERING MUG", "Quantity": "2", "InvoiceDate": "03-12-2010 11:28", "UnitPrice": "3.36", "CustomerID": "", "Country": "United Kingdom"},
{"InvoiceNo": "536865", "StockCode": "21916", "Description": "SET 12 RETRO WHITE CHALK STICKS", "Quantity": "2", "InvoiceDate": "03-12-2010 11:28", "UnitPrice": "0.81", "CustomerID": "", "Country": "United Kingdom"},
{"InvoiceNo": "536865", "StockCode": "21942", "Description": "SKULLS DESIGN FLANNEL", "Quantity": "1", "InvoiceDate": "03-12-2010 11:28", "UnitPrice": "1.66", "CustomerID": "", "Country": "United Kingdom"},
{"InvoiceNo": "536865", "StockCode": "21944", "Description": "KITTENS DESIGN FLANNEL", "Quantity": "2", "InvoiceDate": "03-12-2010 11:28", "UnitPrice": "1.66", "CustomerID": "", "Country": "United Kingdom"},
{"InvoiceNo": "536865", "StockCode": "21945", "Description": "STRAWBERRIES  DESIGN FLANNEL ", "Quantity": "1", "InvoiceDate": "03-12-2010 11:28", "UnitPrice": "1.66", "CustomerID": "", "Country": "United Kingdom"},
{"InvoiceNo": "536865", "StockCode": "21948", "Description": "SET OF 6 CAKE CHOPSTICKS", "Quantity": "1", "InvoiceDate": "03-12-2010 11:28", "UnitPrice": "2.51", "CustomerID": "", "Country": "United Kingdom"},
{"InvoiceNo": "536865", "StockCode": "21981", "Description": "PACK OF 12 WOODLAND TISSUES ", "Quantity": "1", "InvoiceDate": "03-12-2010 11:28", "UnitPrice": "0.81", "CustomerID": "", "Country": "United Kingdom"},
{"InvoiceNo": "536865", "StockCode": "21988", "Description": "PACK OF 6 SKULL PAPER PLATES", "Quantity": "8", "InvoiceDate": "03-12-2010 11:28", "UnitPrice": "1.66", "CustomerID": "", "Country": "United Kingdom"},
{"InvoiceNo": "536865", "StockCode": "22024", "Description": "RAINY LADIES BIRTHDAY CARD", "Quantity": "1", "InvoiceDate": "03-12-2010 11:28", "UnitPrice": "0.85", "CustomerID": "", "Country": "United Kingdom"},
{"InvoiceNo": "536865", "StockCode": "22132", "Description": "RED LOVE HEART SHAPE CUP", "Quantity": "1", "InvoiceDate": "03-12-2010 11:28", "UnitPrice": "1.66", "CustomerID": "", "Country": "United Kingdom"},
{"InvoiceNo": "536865", "StockCode": "22133", "Description": "PINK LOVE HEART SHAPE CUP", "Quantity": "2", "InvoiceDate": "03-12-2010 11:28", "UnitPrice": "1.66", "CustomerID": "", "Country": "United Kingdom"},
{"InvoiceNo": "536865", "StockCode": "22136", "Description": "LOVE HEART SOCK HANGER", "Quantity": "1", "InvoiceDate": "03-12-2010 11:28", "UnitPrice": "3.36", "CustomerID": "", "Country": "United Kingdom"},
{"InvoiceNo": "536865", "StockCode": "22141", "Description": "CHRISTMAS CRAFT TREE TOP ANGEL", "Quantity": "1", "InvoiceDate": "03-12-2010 11:28", "UnitPrice": "4.21", "CustomerID": "", "Country": "United Kingdom"},
{"InvoiceNo": "536865", "StockCode": "22144", "Description": "CHRISTMAS CRAFT LITTLE FRIENDS", "Quantity": "4", "InvoiceDate": "03-12-2010 11:28", "UnitPrice": "4.21", "CustomerID": "", "Country": "United Kingdom"},
{"InvoiceNo": "536865", "StockCode": "22166", "Description": "WALL MIRROR RECTANGLE DIAMANTE PINK", "Quantity": "2", "InvoiceDate": "03-12-2010 11:28", "UnitPrice": "16.13", "CustomerID": "", "Country": "United Kingdom"},
{"InvoiceNo": "536865", "StockCode": "22196", "Description": "SMALL HEART MEASURING SPOONS", "Quantity": "2", "InvoiceDate": "03-12-2010 11:28", "UnitPrice": "1.66", "CustomerID": "", "Country": "United Kingdom"},
{"InvoiceNo": "536865", "StockCode": "22197", "Description": "SMALL POPCORN HOLDER", "Quantity": "16", "InvoiceDate": "03-12-2010 11:28", "UnitPrice": "1.66", "CustomerID": "", "Country": "United Kingdom"},
{"InvoiceNo": "536865", "StockCode": "22200", "Description": "FRYING PAN PINK POLKADOT", "Quantity": "1", "InvoiceDate": "03-12-2010 11:28", "UnitPrice": "8.47", "CustomerID": "", "Country": "United Kingdom"},
{"InvoiceNo": "536865", "StockCode": "22207", "Description": "FRYING PAN UNION FLAG", "Quantity": "3", "InvoiceDate": "03-12-2010 11:28", "UnitPrice": "8.47", "CustomerID": "", "Country": "United Kingdom"},
{"InvoiceNo": "536865", "StockCode": "22212", "Description": "FOUR HOOK  WHITE LOVEBIRDS", "Quantity": "1", "InvoiceDate": "03-12-2010 11:28", "UnitPrice": "4.21", "CustomerID": "", "Country": "United Kingdom"},
{"InvoiceNo": "536865", "StockCode": "22297", "Description": "HEART IVORY TRELLIS SMALL", "Quantity": "2", "InvoiceDate": "03-12-2010 11:28", "UnitPrice": "2.51", "CustomerID": "", "Country": "United Kingdom"},
{"InvoiceNo": "536865", "StockCode": "22300", "Description": "COFFEE MUG DOG + BALL DESIGN", "Quantity": "1", "InvoiceDate": "03-12-2010 11:28", "UnitPrice": "5.06", "CustomerID": "", "Country": "United Kingdom"},
{"InvoiceNo": "536865", "StockCode": "22301", "Description": "COFFEE MUG CAT + BIRD DESIGN", "Quantity": "2", "InvoiceDate": "03-12-2010 11:28", "UnitPrice": "5.06", "CustomerID": "", "Country": "United Kingdom"},
{"InvoiceNo": "536865", "StockCode": "22309", "Description": "TEA COSY RED  STRIPE", "Quantity": "1", "InvoiceDate": "03-12-2010 11:28", "UnitPrice": "5.06", "CustomerID": "", "Country": "United Kingdom"},
{"InvoiceNo": "536865", "StockCode": "22352", "Description": "LUNCH BOX WITH CUTLERY RETROSPOT ", "Quantity": "2", "InvoiceDate": "03-12-2010 11:28", "UnitPrice": "5.06", "CustomerID": "", "Country": "United Kingdom"},
{"InvoiceNo": "536865", "StockCode": "22355", "Description": "CHARLOTTE BAG SUKI DESIGN", "Quantity": "13", "InvoiceDate": "03-12-2010 11:28", "UnitPrice": "2.51", "CustomerID": "", "Country": "United Kingdom"},
{"InvoiceNo": "536865", "StockCode": "22358", "Description": "KINGS CHOICE TEA CADDY ", "Quantity": "2", "InvoiceDate": "03-12-2010 11:28", "UnitPrice": "5.91", "CustomerID": "", "Country": "United Kingdom"},
{"InvoiceNo": "536865", "StockCode": "22365", "Description": "DOORMAT RESPECTABLE HOUSE", "Quantity": "1", "InvoiceDate": "03-12-2010 11:28", "UnitPrice": "14.43", "CustomerID": "", "Country": "United Kingdom"},
{"InvoiceNo": "536865", "StockCode": "22374", "Description": "AIRLINE BAG VINTAGE JET SET RED", "Quantity": "1", "InvoiceDate": "03-12-2010 11:28", "UnitPrice": "8.47", "CustomerID": "", "Country": "United Kingdom"},
{"InvoiceNo": "536865", "StockCode": "22383", "Description": "LUNCH BAG SUKI  DESIGN ", "Quantity": "1", "InvoiceDate": "03-12-2010 11:28", "UnitPrice": "5.06", "CustomerID": "", "Country": "United Kingdom"},
{"InvoiceNo": "536865", "StockCode": "22386", "Description": "JUMBO BAG PINK POLKADOT", "Quantity": "2", "InvoiceDate": "03-12-2010 11:28", "UnitPrice": "5.06", "CustomerID": "", "Country": "United Kingdom"},
{"InvoiceNo": "536865", "StockCode": "22422", "Description": "TOOTHPASTE TUBE PEN", "Quantity": "1", "InvoiceDate": "03-12-2010 11:28", "UnitPrice": "1.28", "CustomerID": "", "Country": "United Kingdom"},
{"InvoiceNo": "536865", "StockCode": "22424", "Description": "ENAMEL BREAD BIN CREAM", "Quantity": "1", "InvoiceDate": "03-12-2010 11:28", "UnitPrice": "25.49", "CustomerID": "", "Country": "United Kingdom"},
{"InvoiceNo": "536865", "StockCode": "22425", "Description": "ENAMEL COLANDER CREAM", "Quantity": "1", "InvoiceDate": "03-12-2010 11:28", "UnitPrice": "10.17", "CustomerID": "", "Country": "United Kingdom"},
{"InvoiceNo": "536865", "StockCode": "22457", "Description": "NATURAL SLATE HEART CHALKBOARD ", "Quantity": "5", "InvoiceDate": "03-12-2010 11:28", "UnitPrice": "5.91", "CustomerID": "", "Country": "United Kingdom"},
{"InvoiceNo": "536865", "StockCode": "22469", "Description": "HEART OF WICKER SMALL", "Quantity": "4", "InvoiceDate": "03-12-2010 11:28", "UnitPrice": "4.21", "CustomerID": "", "Country": "United Kingdom"},
{"InvoiceNo": "536865", "StockCode": "22470", "Description": "HEART OF WICKER LARGE", "Quantity": "1", "InvoiceDate": "03-12-2010 11:28", "UnitPrice": "5.91", "CustomerID": "", "Country": "United Kingdom"},
{"InvoiceNo": "536865", "StockCode": "22501", "Description": "PICNIC BASKET WICKER LARGE", "Quantity": "1", "InvoiceDate": "03-12-2010 11:28", "UnitPrice": "21.23", "CustomerID": "", "Country": "United Kingdom"},
{"InvoiceNo": "536865", "StockCode": "22502", "Description": "PICNIC BASKET WICKER SMALL", "Quantity": "3", "InvoiceDate": "03-12-2010 11:28", "UnitPrice": "8.47", "CustomerID": "", "Country": "United Kingdom"},
{"InvoiceNo": "536865", "StockCode": "22507", "Description": "MEMO BOARD RETROSPOT  DESIGN", "Quantity": "2", "InvoiceDate": "03-12-2010 11:28", "UnitPrice": "11.02", "CustomerID": "", "Country": "United Kingdom"},
{"InvoiceNo": "536865", "StockCode": "22515", "Description": "CHILDS GARDEN SPADE PINK", "Quantity": "1", "InvoiceDate": "03-12-2010 11:28", "UnitPrice": "4.21", "CustomerID": "", "Country": "United Kingdom"},
{"InvoiceNo": "536865", "StockCode": "22518", "Description": "CHILDS GARDEN BRUSH BLUE", "Quantity": "1", "InvoiceDate": "03-12-2010 11:28", "UnitPrice": "4.21", "CustomerID": "", "Country": "United Kingdom"},
{"InvoiceNo": "536865", "StockCode": "22525", "Description": "CHILDRENS GARDEN GLOVES PINK", "Quantity": "2", "InvoiceDate": "03-12-2010 11:28", "UnitPrice": "3.36", "CustomerID": "", "Country": "United Kingdom"},
{"InvoiceNo": "536865", "StockCode": "22625", "Description": "RED KITCHEN SCALES", "Quantity": "2", "InvoiceDate": "03-12-2010 11:28", "UnitPrice": "16.98", "CustomerID": "", "Country": "United Kingdom"},
{"InvoiceNo": "536865", "StockCode": "22627", "Description": "MINT KITCHEN SCALES", "Quantity": "1", "InvoiceDate": "03-12-2010 11:28", "UnitPrice": "16.98", "CustomerID": "", "Country": "United Kingdom"},
{"InvoiceNo": "536865", "StockCode": "22628", "Description": "PICNIC BOXES SET OF 3 RETROSPOT ", "Quantity": "1", "InvoiceDate": "03-12-2010 11:28", "UnitPrice": "10.17", "CustomerID": "", "Country": "United Kingdom"},
{"InvoiceNo": "536865", "StockCode": "22629", "Description": "SPACEBOY LUNCH BOX ", "Quantity": "1", "InvoiceDate": "03-12-2010 11:28", "UnitPrice": "2.51", "CustomerID": "", "Country": "United Kingdom"},
{"InvoiceNo": "536865", "StockCode": "22632", "Description": "HAND WARMER RED RETROSPOT", "Quantity": "2", "InvoiceDate": "03-12-2010 11:28", "UnitPrice": "4.21", "CustomerID": "", "Country": "United Kingdom"},
{"InvoiceNo": "536865", "StockCode": "22651", "Description": "GENTLEMAN SHIRT REPAIR KIT ", "Quantity": "2", "InvoiceDate": "03-12-2010 11:28", "UnitPrice": "1.66", "CustomerID": "", "Country": "United Kingdom"},
{"InvoiceNo": "536865", "StockCode": "22659", "Description": "LUNCH BOX I LOVE LONDON", "Quantity": "2", "InvoiceDate": "03-12-2010 11:28", "UnitPrice": "2.51", "CustomerID": "", "Country": "United Kingdom"},
{"InvoiceNo": "536865", "StockCode": "22666", "Description": "RECIPE BOX PANTRY YELLOW DESIGN", "Quantity": "3", "InvoiceDate": "03-12-2010 11:28", "UnitPrice": "5.91", "CustomerID": "", "Country": "United Kingdom"},
{"InvoiceNo": "536865", "StockCode": "22669", "Description": "RED BABY BUNTING ", "Quantity": "1", "InvoiceDate": "03-12-2010 11:28", "UnitPrice": "5.91", "CustomerID": "", "Country": "United Kingdom"},
{"InvoiceNo": "536865", "StockCode": "22697", "Description": "GREEN REGENCY TEACUP AND SAUCER", "Quantity": "10", "InvoiceDate": "03-12-2010 11:28", "UnitPrice": "5.91", "CustomerID": "", "Country": "United Kingdom"},
{"InvoiceNo": "536865", "StockCode": "22699", "Description": "ROSES REGENCY TEACUP AND SAUCER ", "Quantity": "3", "InvoiceDate": "03-12-2010 11:28", "UnitPrice": "5.91", "CustomerID": "", "Country": "United Kingdom"},
{"InvoiceNo": "536865", "StockCode": "22772", "Description": "PINK DRAWER KNOB ACRYLIC EDWARDIAN", "Quantity": "2", "InvoiceDate": "03-12-2010 11:28", "UnitPrice": "2.51", "CustomerID": "", "Country": "United Kingdom"},
{"InvoiceNo": "536865", "StockCode": "22795", "Description": "SWEETHEART RECIPE BOOK STAND", "Quantity": "2", "InvoiceDate": "03-12-2010 11:28", "UnitPrice": "13.57", "CustomerID": "", "Country": "United Kingdom"},
{"InvoiceNo": "536865", "StockCode": "22804", "Description": "CANDLEHOLDER PINK HANGING HEART", "Quantity": "1", "InvoiceDate": "03-12-2010 11:28", "UnitPrice": "5.91", "CustomerID": "", "Country": "United Kingdom"},
{"InvoiceNo": "536865", "StockCode": "22807", "Description": "SET OF 6 T-LIGHTS TOADSTOOLS", "Quantity": "1", "InvoiceDate": "03-12-2010 11:28", "UnitPrice": "5.91", "CustomerID": "", "Country": "United Kingdom"},
{"InvoiceNo": "536865", "StockCode": "22813", "Description": "PACK 3 BOXES BIRD PANNETONE ", "Quantity": "1", "InvoiceDate": "03-12-2010 11:28", "UnitPrice": "4.21", "CustomerID": "", "Country": "United Kingdom"},
{"InvoiceNo": "536865", "StockCode": "22839", "Description": "3 TIER CAKE TIN GREEN AND CREAM", "Quantity": "1", "InvoiceDate": "03-12-2010 11:28", "UnitPrice": "29.79", "CustomerID": "", "Country": "United Kingdom"},
{"InvoiceNo": "536865", "StockCode": "22891", "Description": "TEA FOR ONE POLKADOT", "Quantity": "1", "InvoiceDate": "03-12-2010 11:28", "UnitPrice": "8.47", "CustomerID": "", "Country": "United Kingdom"},
{"InvoiceNo": "536865", "StockCode": "22898", "Description": "CHILDRENS APRON APPLES DESIGN", "Quantity": "1", "InvoiceDate": "03-12-2010 11:28", "UnitPrice": "4.21", "CustomerID": "", "Country": "United Kingdom"},
{"InvoiceNo": "536865", "StockCode": "22925", "Description": "BLUE GIANT GARDEN THERMOMETER", "Quantity": "1", "InvoiceDate": "03-12-2010 11:28", "UnitPrice": "11.87", "CustomerID": "", "Country": "United Kingdom"},
{"InvoiceNo": "536865", "StockCode": "22946", "Description": "WOODEN ADVENT CALENDAR CREAM", "Quantity": "1", "InvoiceDate": "03-12-2010 11:28", "UnitPrice": "34", "CustomerID": "", "Country": "United Kingdom"},
{"InvoiceNo": "536865", "StockCode": "22947", "Description": "WOODEN ADVENT CALENDAR RED", "Quantity": "1", "InvoiceDate": "03-12-2010 11:28", "UnitPrice": "34", "CustomerID": "", "Country": "United Kingdom"},
{"InvoiceNo": "536865", "StockCode": "22960", "Description": "JAM MAKING SET WITH JARS", "Quantity": "2", "InvoiceDate": "03-12-2010 11:28", "UnitPrice": "8.47", "CustomerID": "", "Country": "United Kingdom"},
{"InvoiceNo": "536865", "StockCode": "37370", "Description": "RETRO COFFEE MUGS ASSORTED", "Quantity": "1", "InvoiceDate": "03-12-2010 11:28", "UnitPrice": "16.13", "CustomerID": "", "Country": "United Kingdom"},
{"InvoiceNo": "536865", "StockCode": "47566", "Description": "PARTY BUNTING", "Quantity": "3", "InvoiceDate": "03-12-2010 11:28", "UnitPrice": "9.32", "CustomerID": "", "Country": "United Kingdom"},
{"InvoiceNo": "536865", "StockCode": "48111", "Description": "DOORMAT 3 SMILEY CATS", "Quantity": "2", "InvoiceDate": "03-12-2010 11:28", "UnitPrice": "14.43", "CustomerID": "", "Country": "United Kingdom"},
{"InvoiceNo": "536865", "StockCode": "71053", "Description": "WHITE METAL LANTERN", "Quantity": "1", "InvoiceDate": "03-12-2010 11:28", "UnitPrice": "8.47", "CustomerID": "", "Country": "United Kingdom"},
{"InvoiceNo": "536865", "StockCode": "72741", "Description": "GRAND CHOCOLATECANDLE", "Quantity": "3", "InvoiceDate": "03-12-2010 11:28", "UnitPrice": "2.82", "CustomerID": "", "Country": "United Kingdom"},
{"InvoiceNo": "536865", "StockCode": "82580", "Description": "BATHROOM METAL SIGN", "Quantity": "2", "InvoiceDate": "03-12-2010 11:28", "UnitPrice": "1.28", "CustomerID": "", "Country": "United Kingdom"},
{"InvoiceNo": "536865", "StockCode": "82581", "Description": "TOILET METAL SIGN", "Quantity": "1", "InvoiceDate": "03-12-2010 11:28", "UnitPrice": "1.28", "CustomerID": "", "Country": "United Kingdom"},
{"InvoiceNo": "536865", "StockCode": "82582", "Description": "AREA PATROLLED METAL SIGN", "Quantity": "1", "InvoiceDate": "03-12-2010 11:28", "UnitPrice": "4.21", "CustomerID": "", "Country": "United Kingdom"},
{"InvoiceNo": "536865", "StockCode": "82583", "Description": "HOT BATHS METAL SIGN", "Quantity": "4", "InvoiceDate": "03-12-2010 11:28", "UnitPrice": "4.21", "CustomerID": "", "Country": "United Kingdom"},
{"InvoiceNo": "536865", "StockCode": "82599", "Description": "FANNY'S REST STOPMETAL SIGN", "Quantity": "1", "InvoiceDate": "03-12-2010 11:28", "UnitPrice": "4.21", "CustomerID": "", "Country": "United Kingdom"},
{"InvoiceNo": "536865", "StockCode": "82600", "Description": "NO SINGING METAL SIGN", "Quantity": "1", "InvoiceDate": "03-12-2010 11:28", "UnitPrice": "4.21", "CustomerID": "", "Country": "United Kingdom"},
{"InvoiceNo": "536865", "StockCode": "84375", "Description": "SET OF 20 KIDS COOKIE CUTTERS", "Quantity": "3", "InvoiceDate": "03-12-2010 11:28", "UnitPrice": "4.21", "CustomerID": "", "Country": "United Kingdom"},
{"InvoiceNo": "536865", "StockCode": "84832", "Description": "ZINC WILLIE WINKIE  CANDLE STICK", "Quantity": "3", "InvoiceDate": "03-12-2010 11:28", "UnitPrice": "1.66", "CustomerID": "", "Country": "United Kingdom"},
{"InvoiceNo": "536865", "StockCode": "85152", "Description": "HAND OVER THE CHOCOLATE   SIGN ", "Quantity": "1", "InvoiceDate": "03-12-2010 11:28", "UnitPrice": "4.21", "CustomerID": "", "Country": "United Kingdom"},
{"InvoiceNo": "536865", "StockCode": "85176", "Description": "SEWING SUSAN 21 NEEDLE SET", "Quantity": "1", "InvoiceDate": "03-12-2010 11:28", "UnitPrice": "1.66", "CustomerID": "", "Country": "United Kingdom"},
{"InvoiceNo": "536865", "StockCode": "15056bl", "Description": "EDWARDIAN PARASOL BLACK", "Quantity": "2", "InvoiceDate": "03-12-2010 11:28", "UnitPrice": "12.72", "CustomerID": "", "Country": "United Kingdom"},
{"InvoiceNo": "536865", "StockCode": "18098c", "Description": "PORCELAIN BUTTERFLY OIL BURNER", "Quantity": "7", "InvoiceDate": "03-12-2010 11:28", "UnitPrice": "5.06", "CustomerID": "", "Country": "United Kingdom"},
{"InvoiceNo": "536865", "StockCode": "72349b", "Description": "SET/6 PURPLE BUTTERFLY T-LIGHTS", "Quantity": "1", "InvoiceDate": "03-12-2010 11:28", "UnitPrice": "4.21", "CustomerID": "", "Country": "United Kingdom"},
{"InvoiceNo": "536865", "StockCode": "84029G", "Description": "KNITTED UNION FLAG HOT WATER BOTTLE", "Quantity": "13", "InvoiceDate": "03-12-2010 11:28", "UnitPrice": "8.47", "CustomerID": "", "Country": "United Kingdom"},
{"InvoiceNo": "536865", "StockCode": "84032A", "Description": "CHARLIE+LOLA PINK HOT WATER BOTTLE", "Quantity": "4", "InvoiceDate": "03-12-2010 11:28", "UnitPrice": "5.91", "CustomerID": "", "Country": "United Kingdom"},
{"InvoiceNo": "536865", "StockCode": "84509c", "Description": "SET OF 4 POLKADOT PLACEMATS ", "Quantity": "2", "InvoiceDate": "03-12-2010 11:28", "UnitPrice": "7.62", "CustomerID": "", "Country": "United Kingdom"},
{"InvoiceNo": "536865", "StockCode": "84534b", "Description": "FAIRY CAKE NOTEBOOK A5 SIZE", "Quantity": "1", "InvoiceDate": "03-12-2010 11:28", "UnitPrice": "1.66", "CustomerID": "", "Country": "United Kingdom"},
{"InvoiceNo": "536865", "StockCode": "84559a", "Description": "3D SHEET OF DOG STICKERS", "Quantity": "1", "InvoiceDate": "03-12-2010 11:28", "UnitPrice": "1.69", "CustomerID": "", "Country": "United Kingdom"},
{"InvoiceNo": "536865", "StockCode": "84596e", "Description": "SMALL LICORICE DES PINK BOWL", "Quantity": "1", "InvoiceDate": "03-12-2010 11:28", "UnitPrice": "2.51", "CustomerID": "", "Country": "United Kingdom"},
{"InvoiceNo": "536865", "StockCode": "84884a", "Description": "ANT WHITE WIRE HEART SPIRAL", "Quantity": "1", "InvoiceDate": "03-12-2010 11:28", "UnitPrice": "8.47", "CustomerID": "", "Country": "United Kingdom"},
{"InvoiceNo": "536865", "StockCode": "84970l", "Description": "SINGLE HEART ZINC T-LIGHT HOLDER", "Quantity": "6", "InvoiceDate": "03-12-2010 11:28", "UnitPrice": "2.13", "CustomerID": "", "Country": "United Kingdom"},
{"InvoiceNo": "536865", "StockCode": "85014a", "Description": "BLACK/BLUE POLKADOT UMBRELLA", "Quantity": "2", "InvoiceDate": "03-12-2010 11:28", "UnitPrice": "12.72", "CustomerID": "", "Country": "United Kingdom"},
{"InvoiceNo": "536865", "StockCode": "85014b", "Description": "RED RETROSPOT UMBRELLA", "Quantity": "1", "InvoiceDate": "03-12-2010 11:28", "UnitPrice": "12.72", "CustomerID": "", "Country": "United Kingdom"},
{"InvoiceNo": "536865", "StockCode": "85036b", "Description": "CHOCOLATE 1 WICK MORRIS BOX CANDLE", "Quantity": "1", "InvoiceDate": "03-12-2010 11:28", "UnitPrice": "8.47", "CustomerID": "", "Country": "United Kingdom"},
{"InvoiceNo": "536865", "StockCode": "85039a", "Description": "SET/4 RED MINI ROSE CANDLE IN BOWL", "Quantity": "1", "InvoiceDate": "03-12-2010 11:28", "UnitPrice": "3.36", "CustomerID": "", "Country": "United Kingdom"},
{"InvoiceNo": "536865", "StockCode": "85099B", "Description": "JUMBO BAG RED RETROSPOT", "Quantity": "1", "InvoiceDate": "03-12-2010 11:28", "UnitPrice": "4.21", "CustomerID": "", "Country": "United Kingdom"},
{"InvoiceNo": "536865", "StockCode": "DOT", "Description": "DOTCOM POSTAGE", "Quantity": "1", "InvoiceDate": "03-12-2010 11:28", "UnitPrice": "498.47", "CustomerID": "", "Country": "United Kingdom"},
{"InvoiceNo": "536865", "StockCode": "M", "Description": "Manual", "Quantity": "1", "InvoiceDate": "03-12-2010 11:28", "UnitPrice": "2.55", "CustomerID": "", "Country": "United Kingdom"},
{"InvoiceNo": "536885", "StockCode": "21523", "Description": "DOORMAT FANCY FONT HOME SWEET HOME", "Quantity": "10", "InvoiceDate": "03-12-2010 11:42", "UnitPrice": "6.75", "CustomerID": "", "Country": "EIRE"},
{"InvoiceNo": "536885", "StockCode": "21832", "Description": "CHOCOLATE CALCULATOR", "Quantity": "24", "InvoiceDate": "03-12-2010 11:42", "UnitPrice": "1.65", "CustomerID": "", "Country": "EIRE"},
{"InvoiceNo": "536885", "StockCode": "22312", "Description": "OFFICE MUG WARMER POLKADOT", "Quantity": "36", "InvoiceDate": "03-12-2010 11:42", "UnitPrice": "2.95", "CustomerID": "", "Country": "EIRE"},
{"InvoiceNo": "536885", "StockCode": "22632", "Description": "HAND WARMER RED RETROSPOT", "Quantity": "12", "InvoiceDate": "03-12-2010 11:42", "UnitPrice": "2.1", "CustomerID": "", "Country": "EIRE"},
{"InvoiceNo": "536885", "StockCode": "22834", "Description": "HAND WARMER BABUSHKA DESIGN", "Quantity": "12", "InvoiceDate": "03-12-2010 11:42", "UnitPrice": "2.1", "CustomerID": "", "Country": "EIRE"},
{"InvoiceNo": "536885", "StockCode": "22837", "Description": "HOT WATER BOTTLE BABUSHKA ", "Quantity": "24", "InvoiceDate": "03-12-2010 11:42", "UnitPrice": "4.65", "CustomerID": "", "Country": "EIRE"},
{"InvoiceNo": "536885", "StockCode": "22865", "Description": "HAND WARMER OWL DESIGN", "Quantity": "12", "InvoiceDate": "03-12-2010 11:42", "UnitPrice": "2.1", "CustomerID": "", "Country": "EIRE"},
{"InvoiceNo": "536885", "StockCode": "22866", "Description": "HAND WARMER SCOTTY DOG DESIGN", "Quantity": "12", "InvoiceDate": "03-12-2010 11:42", "UnitPrice": "2.1", "CustomerID": "", "Country": "EIRE"},
{"InvoiceNo": "536885", "StockCode": "22867", "Description": "HAND WARMER BIRD DESIGN", "Quantity": "12", "InvoiceDate": "03-12-2010 11:42", "UnitPrice": "2.1", "CustomerID": "", "Country": "EIRE"},
{"InvoiceNo": "536885", "StockCode": "48184", "Description": "DOORMAT ENGLISH ROSE ", "Quantity": "10", "InvoiceDate": "03-12-2010 11:42", "UnitPrice": "6.75", "CustomerID": "", "Country": "EIRE"},
{"InvoiceNo": "536885", "StockCode": "51014C", "Description": "FEATHER PEN,COAL BLACK", "Quantity": "36", "InvoiceDate": "03-12-2010 11:42", "UnitPrice": "0.85", "CustomerID": "", "Country": "EIRE"},
{"InvoiceNo": "536945", "StockCode": "20751", "Description": "FUNKY WASHING UP GLOVES ASSORTED", "Quantity": "1", "InvoiceDate": "03-12-2010 12:24", "UnitPrice": "2.1", "CustomerID": "14083", "Country": "United Kingdom"},
{"InvoiceNo": "536945", "StockCode": "20751", "Description": "FUNKY WASHING UP GLOVES ASSORTED", "Quantity": "1", "InvoiceDate": "03-12-2010 12:24", "UnitPrice": "2.1", "CustomerID": "14083", "Country": "United Kingdom"},
{"InvoiceNo": "536945", "StockCode": "20754", "Description": "RETROSPOT RED WASHING UP GLOVES", "Quantity": "1", "InvoiceDate": "03-12-2010 12:24", "UnitPrice": "2.1", "CustomerID": "14083", "Country": "United Kingdom"},
{"InvoiceNo": "536945", "StockCode": "20998", "Description": "ROSE DU SUD OVEN GLOVE", "Quantity": "2", "InvoiceDate": "03-12-2010 12:24", "UnitPrice": "2.95", "CustomerID": "14083", "Country": "United Kingdom"},
{"InvoiceNo": "536945", "StockCode": "21100", "Description": "CHARLIE AND LOLA CHARLOTTE BAG", "Quantity": "2", "InvoiceDate": "03-12-2010 12:24", "UnitPrice": "1.65", "CustomerID": "14083", "Country": "United Kingdom"},
{"InvoiceNo": "536945", "StockCode": "21114", "Description": "LAVENDER SCENTED FABRIC HEART", "Quantity": "10", "InvoiceDate": "03-12-2010 12:24", "UnitPrice": "1.25", "CustomerID": "14083", "Country": "United Kingdom"},
{"InvoiceNo": "536945", "StockCode": "21250", "Description": "SET OF SKULL WALL STICKERS", "Quantity": "2", "InvoiceDate": "03-12-2010 12:24", "UnitPrice": "2.95", "CustomerID": "14083", "Country": "United Kingdom"},
{"InvoiceNo": "536945", "StockCode": "21377", "Description": "SMALL CAMPHOR WOOD FIELD  MUSHROOM", "Quantity": "6", "InvoiceDate": "03-12-2010 12:24", "UnitPrice": "1.65", "CustomerID": "14083", "Country": "United Kingdom"},
{"InvoiceNo": "536945", "StockCode": "21379", "Description": "CAMPHOR WOOD PORTOBELLO MUSHROOM", "Quantity": "6", "InvoiceDate": "03-12-2010 12:24", "UnitPrice": "1.25", "CustomerID": "14083", "Country": "United Kingdom"},
{"InvoiceNo": "536945", "StockCode": "21411", "Description": "GINGHAM HEART  DOORSTOP RED", "Quantity": "4", "InvoiceDate": "03-12-2010 12:24", "UnitPrice": "4.25", "CustomerID": "14083", "Country": "United Kingdom"},
{"InvoiceNo": "536945", "StockCode": "21430", "Description": "SET/3 RED GINGHAM ROSE STORAGE BOX", "Quantity": "2", "InvoiceDate": "03-12-2010 12:24", "UnitPrice": "3.75", "CustomerID": "14083", "Country": "United Kingdom"},
{"InvoiceNo": "536945", "StockCode": "21465", "Description": "PINK FLOWER CROCHET FOOD COVER", "Quantity": "1", "InvoiceDate": "03-12-2010 12:24", "UnitPrice": "3.75", "CustomerID": "14083", "Country": "United Kingdom"},
{"InvoiceNo": "536945", "StockCode": "21469", "Description": "POLKA DOT RAFFIA FOOD COVER", "Quantity": "1", "InvoiceDate": "03-12-2010 12:24", "UnitPrice": "3.75", "CustomerID": "14083", "Country": "United Kingdom"},
{"InvoiceNo": "536945", "StockCode": "21470", "Description": "FLOWER VINE RAFFIA FOOD COVER", "Quantity": "1", "InvoiceDate": "03-12-2010 12:24", "UnitPrice": "3.75", "CustomerID": "14083", "Country": "United Kingdom"},
{"InvoiceNo": "536945", "StockCode": "21564", "Description": "PINK  HEART SHAPE LOVE BUCKET ", "Quantity": "2", "InvoiceDate": "03-12-2010 12:24", "UnitPrice": "2.95", "CustomerID": "14083", "Country": "United Kingdom"},
{"InvoiceNo": "536945", "StockCode": "21621", "Description": "VINTAGE UNION JACK BUNTING", "Quantity": "1", "InvoiceDate": "03-12-2010 12:24", "UnitPrice": "8.5", "CustomerID": "14083", "Country": "United Kingdom"},
{"InvoiceNo": "536945", "StockCode": "21677", "Description": "HEARTS  STICKERS", "Quantity": "6", "InvoiceDate": "03-12-2010 12:24", "UnitPrice": "0.85", "CustomerID": "14083", "Country": "United Kingdom"},
{"InvoiceNo": "536945", "StockCode": "21678", "Description": "PAISLEY PATTERN  STICKERS", "Quantity": "1", "InvoiceDate": "03-12-2010 12:24", "UnitPrice": "0.85", "CustomerID": "14083", "Country": "United Kingdom"},
{"InvoiceNo": "536945", "StockCode": "21828", "Description": "EIGHT PIECE SNAKE  SET", "Quantity": "1", "InvoiceDate": "03-12-2010 12:24", "UnitPrice": "1.25", "CustomerID": "14083", "Country": "United Kingdom"},
{"InvoiceNo": "536945", "StockCode": "21830", "Description": "ASSORTED CREEPY CRAWLIES", "Quantity": "24", "InvoiceDate": "03-12-2010 12:24", "UnitPrice": "0.42", "CustomerID": "14083", "Country": "United Kingdom"},
{"InvoiceNo": "536945", "StockCode": "21830", "Description": "ASSORTED CREEPY CRAWLIES", "Quantity": "24", "InvoiceDate": "03-12-2010 12:24", "UnitPrice": "0.42", "CustomerID": "14083", "Country": "United Kingdom"},
{"InvoiceNo": "536945", "StockCode": "21913", "Description": "VINTAGE SEASIDE JIGSAW PUZZLES", "Quantity": "1", "InvoiceDate": "03-12-2010 12:24", "UnitPrice": "3.75", "CustomerID": "14083", "Country": "United Kingdom"},
{"InvoiceNo": "536945", "StockCode": "21932", "Description": "SCANDINAVIAN PAISLEY PICNIC BAG", "Quantity": "2", "InvoiceDate": "03-12-2010 12:24", "UnitPrice": "2.95", "CustomerID": "14083", "Country": "United Kingdom"},
{"InvoiceNo": "536945", "StockCode": "21933", "Description": "PINK VINTAGE PAISLEY PICNIC BAG", "Quantity": "2", "InvoiceDate": "03-12-2010 12:24", "UnitPrice": "2.95", "CustomerID": "14083", "Country": "United Kingdom"},
{"InvoiceNo": "536945", "StockCode": "22029", "Description": "SPACEBOY BIRTHDAY CARD", "Quantity": "12", "InvoiceDate": "03-12-2010 12:24", "UnitPrice": "0.42", "CustomerID": "14083", "Country": "United Kingdom"},
{"InvoiceNo": "536945", "StockCode": "22035", "Description": "VINTAGE CARAVAN GREETING CARD ", "Quantity": "12", "InvoiceDate": "03-12-2010 12:24", "UnitPrice": "0.42", "CustomerID": "14083", "Country": "United Kingdom"},
{"InvoiceNo": "536945", "StockCode": "22132", "Description": "RED LOVE HEART SHAPE CUP", "Quantity": "2", "InvoiceDate": "03-12-2010 12:24", "UnitPrice": "0.85", "CustomerID": "14083", "Country": "United Kingdom"},
{"InvoiceNo": "536945", "StockCode": "22133", "Description": "PINK LOVE HEART SHAPE CUP", "Quantity": "2", "InvoiceDate": "03-12-2010 12:24", "UnitPrice": "0.85", "CustomerID": "14083", "Country": "United Kingdom"},
{"InvoiceNo": "536945", "StockCode": "22278", "Description": "OVERNIGHT BAG VINTAGE ROSE PAISLEY", "Quantity": "1", "InvoiceDate": "03-12-2010 12:24", "UnitPrice": "4.95", "CustomerID": "14083", "Country": "United Kingdom"},
{"InvoiceNo": "536945", "StockCode": "22380", "Description": "TOY TIDY SPACEBOY  ", "Quantity": "1", "InvoiceDate": "03-12-2010 12:24", "UnitPrice": "2.1", "CustomerID": "14083", "Country": "United Kingdom"},
{"InvoiceNo": "536945", "StockCode": "22411", "Description": "JUMBO SHOPPER VINTAGE RED PAISLEY", "Quantity": "2", "InvoiceDate": "03-12-2010 12:24", "UnitPrice": "1.95", "CustomerID": "14083", "Country": "United Kingdom"},
{"InvoiceNo": "536945", "StockCode": "22435", "Description": "SET OF 9 HEART SHAPED BALLOONS", "Quantity": "1", "InvoiceDate": "03-12-2010 12:24", "UnitPrice": "1.25", "CustomerID": "14083", "Country": "United Kingdom"},
{"InvoiceNo": "536945", "StockCode": "22437", "Description": "SET OF 9 BLACK SKULL BALLOONS", "Quantity": "1", "InvoiceDate": "03-12-2010 12:24", "UnitPrice": "0.85", "CustomerID": "14083", "Country": "United Kingdom"},
{"InvoiceNo": "536945", "StockCode": "22438", "Description": "BALLOON ART MAKE YOUR OWN FLOWERS", "Quantity": "1", "InvoiceDate": "03-12-2010 12:24", "UnitPrice": "1.95", "CustomerID": "14083", "Country": "United Kingdom"},
{"InvoiceNo": "536945", "StockCode": "22467", "Description": "GUMBALL COAT RACK", "Quantity": "1", "InvoiceDate": "03-12-2010 12:24", "UnitPrice": "2.55", "CustomerID": "14083", "Country": "United Kingdom"},
{"InvoiceNo": "536945", "StockCode": "22469", "Description": "HEART OF WICKER SMALL", "Quantity": "1", "InvoiceDate": "03-12-2010 12:24", "UnitPrice": "1.65", "CustomerID": "14083", "Country": "United Kingdom"},
{"InvoiceNo": "536945", "StockCode": "22551", "Description": "PLASTERS IN TIN SPACEBOY", "Quantity": "1", "InvoiceDate": "03-12-2010 12:24", "UnitPrice": "1.65", "CustomerID": "14083", "Country": "United Kingdom"},
{"InvoiceNo": "536945", "StockCode": "22553", "Description": "PLASTERS IN TIN SKULLS", "Quantity": "1", "InvoiceDate": "03-12-2010 12:24", "UnitPrice": "1.65", "CustomerID": "14083", "Country": "United Kingdom"},
{"InvoiceNo": "536945", "StockCode": "22554", "Description": "PLASTERS IN TIN WOODLAND ANIMALS", "Quantity": "1", "InvoiceDate": "03-12-2010 12:24", "UnitPrice": "1.65", "CustomerID": "14083", "Country": "United Kingdom"},
{"InvoiceNo": "536945", "StockCode": "22557", "Description": "PLASTERS IN TIN VINTAGE PAISLEY ", "Quantity": "1", "InvoiceDate": "03-12-2010 12:24", "UnitPrice": "1.65", "CustomerID": "14083", "Country": "United Kingdom"},
{"InvoiceNo": "536945", "StockCode": "22635", "Description": "CHILDS BREAKFAST SET DOLLY GIRL ", "Quantity": "1", "InvoiceDate": "03-12-2010 12:24", "UnitPrice": "9.95", "CustomerID": "14083", "Country": "United Kingdom"},
{"InvoiceNo": "536945", "StockCode": "22661", "Description": "CHARLOTTE BAG DOLLY GIRL DESIGN", "Quantity": "3", "InvoiceDate": "03-12-2010 12:24", "UnitPrice": "0.85", "CustomerID": "14083", "Country": "United Kingdom"},
{"InvoiceNo": "536945", "StockCode": "22780", "Description": "LIGHT GARLAND BUTTERFILES PINK", "Quantity": "1", "InvoiceDate": "03-12-2010 12:24", "UnitPrice": "4.25", "CustomerID": "14083", "Country": "United Kingdom"},
{"InvoiceNo": "536945", "StockCode": "22846", "Description": "BREAD BIN DINER STYLE RED ", "Quantity": "1", "InvoiceDate": "03-12-2010 12:24", "UnitPrice": "16.95", "CustomerID": "14083", "Country": "United Kingdom"},
{"InvoiceNo": "536945", "StockCode": "22943", "Description": "CHRISTMAS LIGHTS 10 VINTAGE BAUBLES", "Quantity": "1", "InvoiceDate": "03-12-2010 12:24", "UnitPrice": "4.95", "CustomerID": "14083", "Country": "United Kingdom"},
{"InvoiceNo": "536945", "StockCode": "22956", "Description": "36 FOIL HEART CAKE CASES", "Quantity": "1", "InvoiceDate": "03-12-2010 12:24", "UnitPrice": "2.1", "CustomerID": "14083", "Country": "United Kingdom"},
{"InvoiceNo": "536945", "StockCode": "22956", "Description": "36 FOIL HEART CAKE CASES", "Quantity": "1", "InvoiceDate": "03-12-2010 12:24", "UnitPrice": "2.1", "CustomerID": "14083", "Country": "United Kingdom"},
{"InvoiceNo": "536945", "StockCode": "37464", "Description": "ROBOT MUG IN DISPLAY BOX", "Quantity": "1", "InvoiceDate": "03-12-2010 12:24", "UnitPrice": "1.25", "CustomerID": "14083", "Country": "United Kingdom"},
{"InvoiceNo": "536945", "StockCode": "48184", "Description": "DOORMAT ENGLISH ROSE ", "Quantity": "1", "InvoiceDate": "03-12-2010 12:24", "UnitPrice": "7.95", "CustomerID": "14083", "Country": "United Kingdom"},
{"InvoiceNo": "536945", "StockCode": "48187", "Description": "DOORMAT NEW ENGLAND", "Quantity": "2", "InvoiceDate": "03-12-2010 12:24", "UnitPrice": "7.95", "CustomerID": "14083", "Country": "United Kingdom"},
{"InvoiceNo": "536945", "StockCode": "84212", "Description": "ASSORTED FLOWER COLOUR \"LEIS\"", "Quantity": "1", "InvoiceDate": "03-12-2010 12:24", "UnitPrice": "0.65", "CustomerID": "14083", "Country": "United Kingdom"},
{"InvoiceNo": "536945", "StockCode": "84969", "Description": "BOX OF 6 ASSORTED COLOUR TEASPOONS", "Quantity": "1", "InvoiceDate": "03-12-2010 12:24", "UnitPrice": "4.25", "CustomerID": "14083", "Country": "United Kingdom"},
{"InvoiceNo": "536945", "StockCode": "85227", "Description": "SET OF 6 3D KIT CARDS FOR KIDS", "Quantity": "2", "InvoiceDate": "03-12-2010 12:24", "UnitPrice": "0.85", "CustomerID": "14083", "Country": "United Kingdom"},
{"InvoiceNo": "536945", "StockCode": "17107D", "Description": "FLOWER FAIRY,5 SUMMER B'DRAW LINERS", "Quantity": "3", "InvoiceDate": "03-12-2010 12:24", "UnitPrice": "2.55", "CustomerID": "14083", "Country": "United Kingdom"},
{"InvoiceNo": "536945", "StockCode": "37489A", "Description": "YELLOW/PINK FLOWER DESIGN BIG MUG", "Quantity": "1", "InvoiceDate": "03-12-2010 12:24", "UnitPrice": "1.95", "CustomerID": "14083", "Country": "United Kingdom"},
{"InvoiceNo": "536945", "StockCode": "37489B", "Description": "BLUE/YELLOW FLOWER DESIGN BIG MUG", "Quantity": "1", "InvoiceDate": "03-12-2010 12:24", "UnitPrice": "1.95", "CustomerID": "14083", "Country": "United Kingdom"},
{"InvoiceNo": "536945", "StockCode": "37489C", "Description": "GREEN/BLUE FLOWER DESIGN BIG MUG", "Quantity": "1", "InvoiceDate": "03-12-2010 12:24", "UnitPrice": "1.95", "CustomerID": "14083", "Country": "United Kingdom"},
{"InvoiceNo": "536945", "StockCode": "37489D", "Description": "PINK/GREEN FLOWER DESIGN BIG MUG", "Quantity": "1", "InvoiceDate": "03-12-2010 12:24", "UnitPrice": "1.95", "CustomerID": "14083", "Country": "United Kingdom"},
{"InvoiceNo": "536945", "StockCode": "47503J", "Description": "SET/3 FLORAL GARDEN TOOLS IN BAG", "Quantity": "1", "InvoiceDate": "03-12-2010 12:24", "UnitPrice": "7.95", "CustomerID": "14083", "Country": "United Kingdom"},
{"InvoiceNo": "536945", "StockCode": "47504K", "Description": "ENGLISH ROSE GARDEN SECATEURS", "Quantity": "2", "InvoiceDate": "03-12-2010 12:24", "UnitPrice": "1.95", "CustomerID": "14083", "Country": "United Kingdom"},
{"InvoiceNo": "536945", "StockCode": "84247K", "Description": "FOLK ART GREETING CARD,pack/12", "Quantity": "1", "InvoiceDate": "03-12-2010 12:24", "UnitPrice": "2.95", "CustomerID": "14083", "Country": "United Kingdom"},
{"InvoiceNo": "536945", "StockCode": "84247N", "Description": "PACK/12 BLUE FOLKART CARDS", "Quantity": "1", "InvoiceDate": "03-12-2010 12:24", "UnitPrice": "2.95", "CustomerID": "14083", "Country": "United Kingdom"},
{"InvoiceNo": "536945", "StockCode": "84569B", "Description": "PACK 3 FIRE ENGINE/CAR PATCHES", "Quantity": "1", "InvoiceDate": "03-12-2010 12:24", "UnitPrice": "1.25", "CustomerID": "14083", "Country": "United Kingdom"},
{"InvoiceNo": "536945", "StockCode": "84569B", "Description": "PACK 3 FIRE ENGINE/CAR PATCHES", "Quantity": "1", "InvoiceDate": "03-12-2010 12:24", "UnitPrice": "1.25", "CustomerID": "14083", "Country": "United Kingdom"},
{"InvoiceNo": "536945", "StockCode": "84997A", "Description": "GREEN 3 PIECE POLKADOT CUTLERY SET", "Quantity": "1", "InvoiceDate": "03-12-2010 12:24", "UnitPrice": "3.75", "CustomerID": "14083", "Country": "United Kingdom"},
{"InvoiceNo": "536945", "StockCode": "85014B", "Description": "RED RETROSPOT UMBRELLA", "Quantity": "2", "InvoiceDate": "03-12-2010 12:24", "UnitPrice": "5.95", "CustomerID": "14083", "Country": "United Kingdom"},
{"InvoiceNo": "536975", "StockCode": "20668", "Description": "DISCO BALL CHRISTMAS DECORATION", "Quantity": "48", "InvoiceDate": "03-12-2010 14:04", "UnitPrice": "0.12", "CustomerID": "14911", "Country": "EIRE"},
{"InvoiceNo": "536975", "StockCode": "20961", "Description": "STRAWBERRY BATH SPONGE ", "Quantity": "10", "InvoiceDate": "03-12-2010 14:04", "UnitPrice": "1.25", "CustomerID": "14911", "Country": "EIRE"},
{"InvoiceNo": "536975", "StockCode": "20966", "Description": "SANDWICH BATH SPONGE", "Quantity": "10", "InvoiceDate": "03-12-2010 14:04", "UnitPrice": "1.25", "CustomerID": "14911", "Country": "EIRE"},
{"InvoiceNo": "536975", "StockCode": "20981", "Description": "12 PENCILS TALL TUBE WOODLAND", "Quantity": "12", "InvoiceDate": "03-12-2010 14:04", "UnitPrice": "0.85", "CustomerID": "14911", "Country": "EIRE"},
{"InvoiceNo": "536975", "StockCode": "20982", "Description": "12 PENCILS TALL TUBE SKULLS", "Quantity": "12", "InvoiceDate": "03-12-2010 14:04", "UnitPrice": "0.85", "CustomerID": "14911", "Country": "EIRE"},
{"InvoiceNo": "536975", "StockCode": "21064", "Description": "BOOM BOX SPEAKER BOYS", "Quantity": "6", "InvoiceDate": "03-12-2010 14:04", "UnitPrice": "5.95", "CustomerID": "14911", "Country": "EIRE"},
{"InvoiceNo": "536975", "StockCode": "21164", "Description": "HOME SWEET HOME METAL SIGN ", "Quantity": "6", "InvoiceDate": "03-12-2010 14:04", "UnitPrice": "2.95", "CustomerID": "14911", "Country": "EIRE"},
{"InvoiceNo": "536975", "StockCode": "21165", "Description": "BEWARE OF THE CAT METAL SIGN ", "Quantity": "12", "InvoiceDate": "03-12-2010 14:04", "UnitPrice": "1.69", "CustomerID": "14911", "Country": "EIRE"},
{"InvoiceNo": "536975", "StockCode": "21179", "Description": "NO JUNK MAIL METAL SIGN", "Quantity": "12", "InvoiceDate": "03-12-2010 14:04", "UnitPrice": "1.25", "CustomerID": "14911", "Country": "EIRE"},
{"InvoiceNo": "536975", "StockCode": "21484", "Description": "CHICK GREY HOT WATER BOTTLE", "Quantity": "4", "InvoiceDate": "03-12-2010 14:04", "UnitPrice": "3.45", "CustomerID": "14911", "Country": "EIRE"},
{"InvoiceNo": "536975", "StockCode": "21815", "Description": "STAR  T-LIGHT HOLDER ", "Quantity": "24", "InvoiceDate": "03-12-2010 14:04", "UnitPrice": "1.45", "CustomerID": "14911", "Country": "EIRE"},
{"InvoiceNo": "536975", "StockCode": "21888", "Description": "BINGO SET", "Quantity": "4", "InvoiceDate": "03-12-2010 14:04", "UnitPrice": "3.75", "CustomerID": "14911", "Country": "EIRE"},
{"InvoiceNo": "536975", "StockCode": "21912", "Description": "VINTAGE SNAKES & LADDERS", "Quantity": "4", "InvoiceDate": "03-12-2010 14:04", "UnitPrice": "3.75", "CustomerID": "14911", "Country": "EIRE"},
{"InvoiceNo": "536975", "StockCode": "21914", "Description": "BLUE HARMONICA IN BOX ", "Quantity": "12", "InvoiceDate": "03-12-2010 14:04", "UnitPrice": "1.25", "CustomerID": "14911", "Country": "EIRE"},
{"InvoiceNo": "536975", "StockCode": "22049", "Description": "WRAP CHRISTMAS SCREEN PRINT", "Quantity": "50", "InvoiceDate": "03-12-2010 14:04", "UnitPrice": "0.42", "CustomerID": "14911", "Country": "EIRE"},
{"InvoiceNo": "536975", "StockCode": "22075", "Description": "6 RIBBONS ELEGANT CHRISTMAS ", "Quantity": "12", "InvoiceDate": "03-12-2010 14:04", "UnitPrice": "1.65", "CustomerID": "14911", "Country": "EIRE"},
{"InvoiceNo": "536975", "StockCode": "22086", "Description": "PAPER CHAIN KIT 50'S CHRISTMAS ", "Quantity": "6", "InvoiceDate": "03-12-2010 14:04", "UnitPrice": "2.95", "CustomerID": "14911", "Country": "EIRE"},
{"InvoiceNo": "536975", "StockCode": "22112", "Description": "CHOCOLATE HOT WATER BOTTLE", "Quantity": "9", "InvoiceDate": "03-12-2010 14:04", "UnitPrice": "4.95", "CustomerID": "14911", "Country": "EIRE"},
{"InvoiceNo": "536975", "StockCode": "22113", "Description": "GREY HEART HOT WATER BOTTLE", "Quantity": "8", "InvoiceDate": "03-12-2010 14:04", "UnitPrice": "3.75", "CustomerID": "14911", "Country": "EIRE"},
{"InvoiceNo": "536975", "StockCode": "22114", "Description": "HOT WATER BOTTLE TEA AND SYMPATHY", "Quantity": "8", "InvoiceDate": "03-12-2010 14:04", "UnitPrice": "3.95", "CustomerID": "14911", "Country": "EIRE"},
{"InvoiceNo": "536975", "StockCode": "22121", "Description": "NOEL WOODEN BLOCK LETTERS ", "Quantity": "12", "InvoiceDate": "03-12-2010 14:04", "UnitPrice": "5.45", "CustomerID": "14911", "Country": "EIRE"},
{"InvoiceNo": "536975", "StockCode": "22158", "Description": "3 HEARTS HANGING DECORATION RUSTIC", "Quantity": "8", "InvoiceDate": "03-12-2010 14:04", "UnitPrice": "2.95", "CustomerID": "14911", "Country": "EIRE"},
{"InvoiceNo": "536975", "StockCode": "22180", "Description": "RETROSPOT LAMP", "Quantity": "4", "InvoiceDate": "03-12-2010 14:04", "UnitPrice": "9.95", "CustomerID": "14911", "Country": "EIRE"},
{"InvoiceNo": "536975", "StockCode": "22246", "Description": "GARLAND, MAGIC GARDEN 1.8M", "Quantity": "12", "InvoiceDate": "03-12-2010 14:04", "UnitPrice": "1.95", "CustomerID": "14911", "Country": "EIRE"},
{"InvoiceNo": "536975", "StockCode": "22299", "Description": "PIG KEYRING WITH LIGHT & SOUND ", "Quantity": "24", "InvoiceDate": "03-12-2010 14:04", "UnitPrice": "1.25", "CustomerID": "14911", "Country": "EIRE"},
{"InvoiceNo": "536975", "StockCode": "22304", "Description": "COFFEE MUG BLUE PAISLEY DESIGN", "Quantity": "6", "InvoiceDate": "03-12-2010 14:04", "UnitPrice": "2.55", "CustomerID": "14911", "Country": "EIRE"},
{"InvoiceNo": "536975", "StockCode": "22423", "Description": "REGENCY CAKESTAND 3 TIER", "Quantity": "4", "InvoiceDate": "03-12-2010 14:04", "UnitPrice": "12.75", "CustomerID": "14911", "Country": "EIRE"},
{"InvoiceNo": "536975", "StockCode": "22549", "Description": "PICTURE DOMINOES", "Quantity": "12", "InvoiceDate": "03-12-2010 14:04", "UnitPrice": "1.45", "CustomerID": "14911", "Country": "EIRE"},
{"InvoiceNo": "536975", "StockCode": "22560", "Description": "TRADITIONAL MODELLING CLAY", "Quantity": "24", "InvoiceDate": "03-12-2010 14:04", "UnitPrice": "1.25", "CustomerID": "14911", "Country": "EIRE"},
{"InvoiceNo": "536975", "StockCode": "22571", "Description": "ROCKING HORSE RED CHRISTMAS ", "Quantity": "12", "InvoiceDate": "03-12-2010 14:04", "UnitPrice": "0.85", "CustomerID": "14911", "Country": "EIRE"},
{"InvoiceNo": "536975", "StockCode": "22572", "Description": "ROCKING HORSE GREEN CHRISTMAS ", "Quantity": "12", "InvoiceDate": "03-12-2010 14:04", "UnitPrice": "0.85", "CustomerID": "14911", "Country": "EIRE"},
{"InvoiceNo": "536975", "StockCode": "22585", "Description": "PACK OF 6 BIRDY GIFT TAGS", "Quantity": "12", "InvoiceDate": "03-12-2010 14:04", "UnitPrice": "1.25", "CustomerID": "14911", "Country": "EIRE"},
{"InvoiceNo": "536975", "StockCode": "22592", "Description": "CARDHOLDER HOLLY WREATH METAL", "Quantity": "4", "InvoiceDate": "03-12-2010 14:04", "UnitPrice": "3.75", "CustomerID": "14911", "Country": "EIRE"},
{"InvoiceNo": "536975", "StockCode": "22623", "Description": "BOX OF VINTAGE JIGSAW BLOCKS ", "Quantity": "3", "InvoiceDate": "03-12-2010 14:04", "UnitPrice": "4.95", "CustomerID": "14911", "Country": "EIRE"},
{"InvoiceNo": "536975", "StockCode": "22704", "Description": "WRAP RED APPLES ", "Quantity": "25", "InvoiceDate": "03-12-2010 14:04", "UnitPrice": "0.42", "CustomerID": "14911", "Country": "EIRE"},
{"InvoiceNo": "536975", "StockCode": "22705", "Description": "WRAP GREEN PEARS ", "Quantity": "25", "InvoiceDate": "03-12-2010 14:04", "UnitPrice": "0.42", "CustomerID": "14911", "Country": "EIRE"},
{"InvoiceNo": "536975", "StockCode": "22745", "Description": "POPPY'S PLAYHOUSE BEDROOM ", "Quantity": "6", "InvoiceDate": "03-12-2010 14:04", "UnitPrice": "2.1", "CustomerID": "14911", "Country": "EIRE"},
{"InvoiceNo": "536975", "StockCode": "22746", "Description": "POPPY'S PLAYHOUSE LIVINGROOM ", "Quantity": "6", "InvoiceDate": "03-12-2010 14:04", "UnitPrice": "2.1", "CustomerID": "14911", "Country": "EIRE"},
{"InvoiceNo": "536975", "StockCode": "22747", "Description": "POPPY'S PLAYHOUSE BATHROOM", "Quantity": "6", "InvoiceDate": "03-12-2010 14:04", "UnitPrice": "2.1", "CustomerID": "14911", "Country": "EIRE"},
{"InvoiceNo": "536975", "StockCode": "22748", "Description": "POPPY'S PLAYHOUSE KITCHEN", "Quantity": "6", "InvoiceDate": "03-12-2010 14:04", "UnitPrice": "2.1", "CustomerID": "14911", "Country": "EIRE"},
{"InvoiceNo": "536975", "StockCode": "22752", "Description": "SET 7 BABUSHKA NESTING BOXES", "Quantity": "6", "InvoiceDate": "03-12-2010 14:04", "UnitPrice": "8.5", "CustomerID": "14911", "Country": "EIRE"},
{"InvoiceNo": "536975", "StockCode": "22816", "Description": "CARD MOTORBIKE SANTA", "Quantity": "24", "InvoiceDate": "03-12-2010 14:04", "UnitPrice": "0.42", "CustomerID": "14911", "Country": "EIRE"},
{"InvoiceNo": "536975", "StockCode": "22837", "Description": "HOT WATER BOTTLE BABUSHKA ", "Quantity": "8", "InvoiceDate": "03-12-2010 14:04", "UnitPrice": "4.65", "CustomerID": "14911", "Country": "EIRE"},
{"InvoiceNo": "536975", "StockCode": "22844", "Description": "VINTAGE CREAM DOG FOOD CONTAINER", "Quantity": "4", "InvoiceDate": "03-12-2010 14:04", "UnitPrice": "8.5", "CustomerID": "14911", "Country": "EIRE"},
{"InvoiceNo": "536975", "StockCode": "22845", "Description": "VINTAGE CREAM CAT FOOD CONTAINER", "Quantity": "4", "InvoiceDate": "03-12-2010 14:04", "UnitPrice": "6.35", "CustomerID": "14911", "Country": "EIRE"},
{"InvoiceNo": "536975", "StockCode": "22846", "Description": "BREAD BIN DINER STYLE RED ", "Quantity": "2", "InvoiceDate": "03-12-2010 14:04", "UnitPrice": "16.95", "CustomerID": "14911", "Country": "EIRE"},
{"InvoiceNo": "536975", "StockCode": "22847", "Description": "BREAD BIN DINER STYLE IVORY", "Quantity": "2", "InvoiceDate": "03-12-2010 14:04", "UnitPrice": "16.95", "CustomerID": "14911", "Country": "EIRE"},
{"InvoiceNo": "536975", "StockCode": "22848", "Description": "BREAD BIN DINER STYLE PINK", "Quantity": "2", "InvoiceDate": "03-12-2010 14:04", "UnitPrice": "16.95", "CustomerID": "14911", "Country": "EIRE"},
{"InvoiceNo": "536975", "StockCode": "22849", "Description": "BREAD BIN DINER STYLE MINT", "Quantity": "2", "InvoiceDate": "03-12-2010 14:04", "UnitPrice": "16.95", "CustomerID": "14911", "Country": "EIRE"},
{"InvoiceNo": "536975", "StockCode": "22863", "Description": "SOAP DISH BROCANTE", "Quantity": "6", "InvoiceDate": "03-12-2010 14:04", "UnitPrice": "2.95", "CustomerID": "14911", "Country": "EIRE"},
{"InvoiceNo": "536975", "StockCode": "22909", "Description": "SET OF 20 VINTAGE CHRISTMAS NAPKINS", "Quantity": "24", "InvoiceDate": "03-12-2010 14:04", "UnitPrice": "0.85", "CustomerID": "14911", "Country": "EIRE"},
{"InvoiceNo": "536975", "StockCode": "22910", "Description": "PAPER CHAIN KIT VINTAGE CHRISTMAS", "Quantity": "6", "InvoiceDate": "03-12-2010 14:04", "UnitPrice": "2.95", "CustomerID": "14911", "Country": "EIRE"},
{"InvoiceNo": "536975", "StockCode": "22941", "Description": "CHRISTMAS LIGHTS 10 REINDEER", "Quantity": "12", "InvoiceDate": "03-12-2010 14:04", "UnitPrice": "8.5", "CustomerID": "14911", "Country": "EIRE"},
{"InvoiceNo": "536975", "StockCode": "22942", "Description": "CHRISTMAS LIGHTS 10 SANTAS ", "Quantity": "10", "InvoiceDate": "03-12-2010 14:04", "UnitPrice": "8.5", "CustomerID": "14911", "Country": "EIRE"},
{"InvoiceNo": "536975", "StockCode": "22944", "Description": "CHRISTMAS METAL POSTCARD WITH BELLS", "Quantity": "24", "InvoiceDate": "03-12-2010 14:04", "UnitPrice": "1.25", "CustomerID": "14911", "Country": "EIRE"},
{"InvoiceNo": "536975", "StockCode": "22945", "Description": "CHRISTMAS METAL TAGS ASSORTED ", "Quantity": "36", "InvoiceDate": "03-12-2010 14:04", "UnitPrice": "0.85", "CustomerID": "14911", "Country": "EIRE"},
{"InvoiceNo": "536975", "StockCode": "22946", "Description": "WOODEN ADVENT CALENDAR CREAM", "Quantity": "2", "InvoiceDate": "03-12-2010 14:04", "UnitPrice": "16.95", "CustomerID": "14911", "Country": "EIRE"},
{"InvoiceNo": "536975", "StockCode": "22947", "Description": "WOODEN ADVENT CALENDAR RED", "Quantity": "2", "InvoiceDate": "03-12-2010 14:04", "UnitPrice": "16.95", "CustomerID": "14911", "Country": "EIRE"},
{"InvoiceNo": "536975", "StockCode": "22948", "Description": "METAL DECORATION NAUGHTY CHILDREN ", "Quantity": "24", "InvoiceDate": "03-12-2010 14:04", "UnitPrice": "0.85", "CustomerID": "14911", "Country": "EIRE"},
{"InvoiceNo": "536975", "StockCode": "22952", "Description": "60 CAKE CASES VINTAGE CHRISTMAS", "Quantity": "24", "InvoiceDate": "03-12-2010 14:04", "UnitPrice": "0.55", "CustomerID": "14911", "Country": "EIRE"},
{"InvoiceNo": "536975", "StockCode": "35967", "Description": "FOLK ART METAL STAR T-LIGHT HOLDER", "Quantity": "24", "InvoiceDate": "03-12-2010 14:04", "UnitPrice": "0.38", "CustomerID": "14911", "Country": "EIRE"},
{"InvoiceNo": "536975", "StockCode": "79321", "Description": "CHILLI LIGHTS", "Quantity": "4", "InvoiceDate": "03-12-2010 14:04", "UnitPrice": "4.95", "CustomerID": "14911", "Country": "EIRE"},
{"InvoiceNo": "536975", "StockCode": "84352", "Description": "SILVER CHRISTMAS TREE BAUBLE STAND ", "Quantity": "1", "InvoiceDate": "03-12-2010 14:04", "UnitPrice": "16.95", "CustomerID": "14911", "Country": "EIRE"},
{"InvoiceNo": "536975", "StockCode": "85227", "Description": "SET OF 6 3D KIT CARDS FOR KIDS", "Quantity": "12", "InvoiceDate": "03-12-2010 14:04", "UnitPrice": "0.85", "CustomerID": "14911", "Country": "EIRE"},
{"InvoiceNo": "536975", "StockCode": "84030E", "Description": "ENGLISH ROSE HOT WATER BOTTLE", "Quantity": "4", "InvoiceDate": "03-12-2010 14:04", "UnitPrice": "4.25", "CustomerID": "14911", "Country": "EIRE"},
{"InvoiceNo": "536975", "StockCode": "84558A", "Description": "3D DOG PICTURE PLAYING CARDS", "Quantity": "6", "InvoiceDate": "03-12-2010 14:04", "UnitPrice": "2.95", "CustomerID": "14911", "Country": "EIRE"},
{"InvoiceNo": "536975", "StockCode": "84559A", "Description": "3D SHEET OF DOG STICKERS", "Quantity": "12", "InvoiceDate": "03-12-2010 14:04", "UnitPrice": "0.85", "CustomerID": "14911", "Country": "EIRE"},
{"InvoiceNo": "536975", "StockCode": "84559B", "Description": "3D SHEET OF CAT STICKERS", "Quantity": "12", "InvoiceDate": "03-12-2010 14:04", "UnitPrice": "0.85", "CustomerID": "14911", "Country": "EIRE"},
{"InvoiceNo": "536975", "StockCode": "84849A", "Description": "HELLO SAILOR BLUE SOAP HOLDER", "Quantity": "12", "InvoiceDate": "03-12-2010 14:04", "UnitPrice": "1.69", "CustomerID": "14911", "Country": "EIRE"},
{"InvoiceNo": "536975", "StockCode": "84849B", "Description": "FAIRY SOAP SOAP HOLDER", "Quantity": "12", "InvoiceDate": "03-12-2010 14:04", "UnitPrice": "1.69", "CustomerID": "14911", "Country": "EIRE"},
{"InvoiceNo": "536975", "StockCode": "85032D", "Description": "YULETIDE IMAGES GIFT WRAP SET", "Quantity": "12", "InvoiceDate": "03-12-2010 14:04", "UnitPrice": "2.1", "CustomerID": "14911", "Country": "EIRE"},
{"InvoiceNo": "536985", "StockCode": "21625", "Description": "VINTAGE UNION JACK APRON", "Quantity": "3", "InvoiceDate": "03-12-2010 14:40", "UnitPrice": "6.95", "CustomerID": "15373", "Country": "United Kingdom"},
{"InvoiceNo": "536985", "StockCode": "21843", "Description": "RED RETROSPOT CAKE STAND", "Quantity": "6", "InvoiceDate": "03-12-2010 14:40", "UnitPrice": "10.95", "CustomerID": "15373", "Country": "United Kingdom"},
{"InvoiceNo": "536985", "StockCode": "21955", "Description": "DOORMAT UNION JACK GUNS AND ROSES", "Quantity": "4", "InvoiceDate": "03-12-2010 14:40", "UnitPrice": "7.95", "CustomerID": "15373", "Country": "United Kingdom"},
{"InvoiceNo": "536985", "StockCode": "22087", "Description": "PAPER BUNTING WHITE LACE", "Quantity": "6", "InvoiceDate": "03-12-2010 14:40", "UnitPrice": "2.95", "CustomerID": "15373", "Country": "United Kingdom"},
{"InvoiceNo": "536985", "StockCode": "22113", "Description": "GREY HEART HOT WATER BOTTLE", "Quantity": "4", "InvoiceDate": "03-12-2010 14:40", "UnitPrice": "3.75", "CustomerID": "15373", "Country": "United Kingdom"},
{"InvoiceNo": "536985", "StockCode": "22114", "Description": "HOT WATER BOTTLE TEA AND SYMPATHY", "Quantity": "4", "InvoiceDate": "03-12-2010 14:40", "UnitPrice": "3.95", "CustomerID": "15373", "Country": "United Kingdom"},
{"InvoiceNo": "536985", "StockCode": "22179", "Description": "SET 10 LIGHTS NIGHT OWL", "Quantity": "4", "InvoiceDate": "03-12-2010 14:40", "UnitPrice": "6.75", "CustomerID": "15373", "Country": "United Kingdom"},
{"InvoiceNo": "536985", "StockCode": "22191", "Description": "IVORY DINER WALL CLOCK", "Quantity": "2", "InvoiceDate": "03-12-2010 14:40", "UnitPrice": "8.5", "CustomerID": "15373", "Country": "United Kingdom"},
{"InvoiceNo": "536985", "StockCode": "22192", "Description": "BLUE DINER WALL CLOCK", "Quantity": "2", "InvoiceDate": "03-12-2010 14:40", "UnitPrice": "8.5", "CustomerID": "15373", "Country": "United Kingdom"},
{"InvoiceNo": "536985", "StockCode": "22423", "Description": "REGENCY CAKESTAND 3 TIER", "Quantity": "6", "InvoiceDate": "03-12-2010 14:40", "UnitPrice": "12.75", "CustomerID": "15373", "Country": "United Kingdom"},
{"InvoiceNo": "536985", "StockCode": "22504", "Description": "CABIN BAG VINTAGE RETROSPOT", "Quantity": "1", "InvoiceDate": "03-12-2010 14:40", "UnitPrice": "29.95", "CustomerID": "15373", "Country": "United Kingdom"},
{"InvoiceNo": "536995", "StockCode": "35951", "Description": "", "Quantity": "57", "InvoiceDate": "03-12-2010 15:29", "UnitPrice": "0", "CustomerID": "", "Country": "United Kingdom"},
{"InvoiceNo": "537005", "StockCode": "21692", "Description": "", "Quantity": "-70", "InvoiceDate": "03-12-2010 15:35", "UnitPrice": "0", "CustomerID": "", "Country": "United Kingdom"},
{"InvoiceNo": "537015", "StockCode": "37464", "Description": "", "Quantity": "-14", "InvoiceDate": "03-12-2010 15:41", "UnitPrice": "0", "CustomerID": "", "Country": "United Kingdom"},
{"InvoiceNo": "537025", "StockCode": "20728", "Description": "LUNCH BAG CARS BLUE", "Quantity": "2", "InvoiceDate": "03-12-2010 16:21", "UnitPrice": "1.65", "CustomerID": "", "Country": "United Kingdom"},
{"InvoiceNo": "537025", "StockCode": "22382", "Description": "LUNCH BAG SPACEBOY DESIGN ", "Quantity": "2", "InvoiceDate": "03-12-2010 16:21", "UnitPrice": "1.65", "CustomerID": "", "Country": "United Kingdom"},
{"InvoiceNo": "537025", "StockCode": "22383", "Description": "LUNCH BAG SUKI  DESIGN ", "Quantity": "1", "InvoiceDate": "03-12-2010 16:21", "UnitPrice": "1.65", "CustomerID": "", "Country": "United Kingdom"},
{"InvoiceNo": "537025", "StockCode": "22436", "Description": "12 COLOURED PARTY BALLOONS", "Quantity": "10", "InvoiceDate": "03-12-2010 16:21", "UnitPrice": "0.65", "CustomerID": "", "Country": "United Kingdom"},
{"InvoiceNo": "537025", "StockCode": "22662", "Description": "LUNCH BAG DOLLY GIRL DESIGN", "Quantity": "1", "InvoiceDate": "03-12-2010 16:21", "UnitPrice": "1.65", "CustomerID": "", "Country": "United Kingdom"},
{"InvoiceNo": "537025", "StockCode": "22816", "Description": "CARD MOTORBIKE SANTA", "Quantity": "12", "InvoiceDate": "03-12-2010 16:21", "UnitPrice": "0.42", "CustomerID": "", "Country": "United Kingdom"},
{"InvoiceNo": "537025", "StockCode": "22818", "Description": "CARD CHRISTMAS VILLAGE", "Quantity": "12", "InvoiceDate": "03-12-2010 16:21", "UnitPrice": "0.42", "CustomerID": "", "Country": "United Kingdom"},
{"InvoiceNo": "537025", "StockCode": "90050", "Description": "CRACKED GLAZE NECKLACE IVORY", "Quantity": "1", "InvoiceDate": "03-12-2010 16:21", "UnitPrice": "6.95", "CustomerID": "", "Country": "United Kingdom"},
{"InvoiceNo": "537025", "StockCode": "90051", "Description": "CRACKED GLAZE NECKLACE RED", "Quantity": "1", "InvoiceDate": "03-12-2010 16:21", "UnitPrice": "6.95", "CustomerID": "", "Country": "United Kingdom"},
{"InvoiceNo": "537025", "StockCode": "90053", "Description": "CRACKED GLAZE EARRINGS IVORY", "Quantity": "1", "InvoiceDate": "03-12-2010 16:21", "UnitPrice": "2.55", "CustomerID": "", "Country": "United Kingdom"},
{"InvoiceNo": "537025", "StockCode": "90054", "Description": "CRACKED GLAZE EARRINGS RED", "Quantity": "1", "InvoiceDate": "03-12-2010 16:21", "UnitPrice": "2.55", "CustomerID": "", "Country": "United Kingdom"},
{"InvoiceNo": "537025", "StockCode": "90143", "Description": "SILVER BRACELET W PASTEL FLOWER", "Quantity": "1", "InvoiceDate": "03-12-2010 16:21", "UnitPrice": "7.5", "CustomerID": "", "Country": "United Kingdom"},
{"InvoiceNo": "537025", "StockCode": "90145", "Description": "SILVER HOOP EARRINGS WITH FLOWER", "Quantity": "1", "InvoiceDate": "03-12-2010 16:21", "UnitPrice": "5.95", "CustomerID": "", "Country": "United Kingdom"},
{"InvoiceNo": "537025", "StockCode": "90010A", "Description": "MIDNIGHT BLUE GLASS/SILVER BRACELET", "Quantity": "1", "InvoiceDate": "03-12-2010 16:21", "UnitPrice": "8.95", "CustomerID": "", "Country": "United Kingdom"},
{"InvoiceNo": "537025", "StockCode": "90010B", "Description": "BLACK/WHITE GLASS/SILVER BRACELET", "Quantity": "1", "InvoiceDate": "03-12-2010 16:21", "UnitPrice": "8.95", "CustomerID": "", "Country": "United Kingdom"},
{"InvoiceNo": "537035", "StockCode": "37446", "Description": "MINI CAKE STAND WITH HANGING CAKES", "Quantity": "8", "InvoiceDate": "03-12-2010 17:21", "UnitPrice": "1.45", "CustomerID": "13081", "Country": "United Kingdom"}
]