[{"InvoiceNo": "C536853", "StockCode": "84678", "Description": "CLASSICAL ROSE SMALL VASE", "Quantity": "-1", "InvoiceDate": "03-12-2010 10:07", "UnitPrice": "2.55", "CustomerID": "14679", "Country": "United Kingdom"},
{"InvoiceNo": "536863", "StockCode": "10002", "Description": "INFLATABLE POLITICAL GLOBE ", "Quantity": "1", "InvoiceDate": "03-12-2010 11:19", "UnitPrice": "0.85", "CustomerID": "17967", "Country": "United Kingdom"},
{"InvoiceNo": "536863", "StockCode": "10120", "Description": "DOGGY RUBBER", "Quantity": "1", "InvoiceDate": "03-12-2010 11:19", "UnitPrice": "0.21", "CustomerID": "17967", "Country": "United Kingdom"},
{"InvoiceNo": "536863", "StockCode": "16237", "Description": "SLEEPING CAT ERASERS", "Quantity": "1", "InvoiceDate": "03-12-2010 11:19", "UnitPrice": "0.21", "CustomerID": "17967", "Country": "United Kingdom"},
{"InvoiceNo": "536863", "StockCode": "20725", "Description": "LUNCH BAG RED RETROSPOT", "Quantity": "1", "InvoiceDate": "03-12-2010 11:19", "UnitPrice": "1.65", "CustomerID": "17967", "Country": "United Kingdom"},
{"InvoiceNo": "536863", "StockCode": "20727", "Description": "LUNCH BAG  BLACK SKULL.", "Quantity": "1", "InvoiceDate": "03-12-2010 11:19", "UnitPrice": "1.65", "CustomerID": "17967", "Country": "United Kingdom"},
{"InvoiceNo": "536863", "StockCode": "20727", "Description": "LUNCH BAG  BLACK SKULL.", "Quantity": "1", "InvoiceDate": "03-12-2010 11:19", "UnitPrice": "1.65", "CustomerID": "17967", "Country": "United Kingdom"},
{"InvoiceNo": "536863", "StockCode": "20767", "Description": "BLUE PAISLEY JOURNAL ", "Quantity": "1", "InvoiceDate": "03-12-2010 11:19", "UnitPrice": "2.55", "CustomerID": "17967", "Country": "United Kingdom"},
{"InvoiceNo": "536863", "StockCode": "20961", "Description": "STRAWBERRY BATH SPONGE ", "Quantity": "2", "InvoiceDate": "03-12-2010 11:19", "UnitPrice": "1.25", "CustomerID": "17967", "Country": "United Kingdom"},
{"InvoiceNo": "536863", "StockCode": "20963", "Description": "APPLE BATH SPONGE", "Quantity": "1", "InvoiceDate": "03-12-2010 11:19", "UnitPrice": "1.25", "CustomerID": "17967", "Country": "United Kingdom"},
{"InvoiceNo": "536863", "StockCode": "20986", "Description": "BLUE CALCULATOR RULER", "Quantity": "2", "InvoiceDate": "03-12-2010 11:19", "UnitPrice": "1.25", "CustomerID": "17967", "Country": "United Kingdom"},
{"InvoiceNo": "536863", "StockCode": "20986", "Description": "BLUE CALCULATOR RULER", "Quantity": "2", "InvoiceDate": "03-12-2010 11:19", "UnitPrice": "1.25", "CustomerID": "17967", "Country": "United Kingdom"},
{"InvoiceNo": "536863", "StockCode": "21026", "Description": "SPACE OWL", "Quantity": "1", "InvoiceDate": "03-12-2010 11:19", "UnitPrice": "1.25", "CustomerID": "17967", "Country": "United Kingdom"},
{"InvoiceNo": "536863", "StockCode": "21452", "Description": "TOADSTOOL MONEY BOX", "Quantity": "1", "InvoiceDate": "03-12-2010 11:19", "UnitPrice": "2.95", "CustomerID": "17967", "Country": "United Kingdom"},
{"InvoiceNo": "536863", "StockCode": "21586", "Description": "KINGS CHOICE GIANT TUBE MATCHES", "Quantity": "1", "InvoiceDate": "03-12-2010 11:19", "UnitPrice": "2.55", "CustomerID": "17967", "Country": "United Kingdom"},
{"InvoiceNo": "536863", "StockCode": "21882", "Description": "SKULLS TAPE", "Quantity": "1", "InvoiceDate": "03-12-2010 11:19", "UnitPrice": "0.65", "CustomerID": "17967", "Country": "United Kingdom"},
{"InvoiceNo": "536863", "StockCode": "21883", "Description": "STARS GIFT TAPE ", "Quantity": "1", "InvoiceDate": "03-12-2010 11:19", "UnitPrice": "0.65", "CustomerID": "17967", "Country": "United Kingdom"},
{"InvoiceNo": "536863", "StockCode": "21884", "Description": "CAKES AND BOWS GIFT  TAPE", "Quantity": "1", "InvoiceDate": "03-12-2010 11:19", "UnitPrice": "0.65", "CustomerID": "17967", "Country": "United Kingdom"},
{"InvoiceNo": "536863", "StockCode": "22028", "Description": "PENNY FARTHING BIRTHDAY CARD", "Quantity": "12", "InvoiceDate": "03-12-2010 11:19", "UnitPrice": "0.42", "CustomerID": "17967", "Country": "United Kingdom"},
{"InvoiceNo": "536863", "StockCode": "22147", "Description": "FELTCRAFT BUTTERFLY HEARTS", "Quantity": "1", "InvoiceDate": "03-12-2010 11:19", "UnitPrice": "1.45", "CustomerID": "17967", "Country": "United Kingdom"},
{"InvoiceNo": "536863", "StockCode": "22147", "Description": "FELTCRAFT BUTTERFLY HEARTS", "Quantity": "3", "InvoiceDate": "03-12-2010 11:19", "UnitPrice": "1.45", "CustomerID": "17967", "Country": "United Kingdom"},
{"InvoiceNo": "536863", "StockCode": "22219", "Description": "LOVEBIRD HANGING DECORATION WHITE ", "Quantity": "2", "InvoiceDate": "03-12-2010 11:19", "UnitPrice": "0.85", "CustomerID": "17967", "Country": "United Kingdom"},
{"InvoiceNo": "536863", "StockCode": "22382", "Description": "LUNCH BAG SPACEBOY DESIGN ", "Quantity": "1", "InvoiceDate": "03-12-2010 11:19", "UnitPrice": "1.65", "CustomerID": "17967", "Country": "United Kingdom"},
{"InvoiceNo": "536863", "StockCode": "22383", "Description": "LUNCH BAG SUKI  DESIGN ", "Quantity": "1", "InvoiceDate": "03-12-2010 11:19", "UnitPrice": "1.65", "CustomerID": "17967", "Country": "United Kingdom"},
{"InvoiceNo": "536863", "StockCode": "22383", "Description": "LUNCH BAG SUKI  DESIGN ", "Quantity": "1", "InvoiceDate": "03-12-2010 11:19", "UnitPrice": "1.65", "CustomerID": "17967", "Country": "United Kingdom"},
{"InvoiceNo": "536863", "StockCode": "22384", "Description": "LUNCH BAG PINK POLKADOT", "Quantity": "1", "InvoiceDate": "03-12-2010 11:19", "UnitPrice": "1.65", "CustomerID": "17967", "Country": "United Kingdom"},
{"InvoiceNo": "536863", "StockCode": "22384", "Description": "LUNCH BAG PINK POLKADOT", "Quantity": "1", "InvoiceDate": "03-12-2010 11:19", "UnitPrice": "1.65", "CustomerID": "17967", "Country": "United Kingdom"},
{"InvoiceNo": "536863", "StockCode": "22537", "Description": "MAGIC DRAWING SLATE DINOSAUR", "Quantity": "1", "InvoiceDate": "03-12-2010 11:19", "UnitPrice": "0.42", "CustomerID": "17967", "Country": "United Kingdom"},
{"InvoiceNo": "536863", "StockCode": "22560", "Description": "TRADITIONAL MODELLING CLAY", "Quantity": "2", "InvoiceDate": "03-12-2010 11:19", "UnitPrice": "1.25", "CustomerID": "17967", "Country": "United Kingdom"},
{"InvoiceNo": "536863", "StockCode": "22562", "Description": "MONSTERS STENCIL CRAFT", "Quantity": "1", "InvoiceDate": "03-12-2010 11:19", "UnitPrice": "1.25", "CustomerID": "17967", "Country": "United Kingdom"},
{"InvoiceNo": "536863", "StockCode": "22653", "Description": "BUTTON BOX ", "Quantity": "2", "InvoiceDate": "03-12-2010 11:19", "UnitPrice": "1.95", "CustomerID": "17967", "Country": "United Kingdom"},
{"InvoiceNo": "536863", "StockCode": "22745", "Description": "POPPY'S PLAYHOUSE BEDROOM ", "Quantity": "1", "InvoiceDate": "03-12-2010 11:19", "UnitPrice": "2.1", "CustomerID": "17967", "Country": "United Kingdom"},
{"InvoiceNo": "536863", "StockCode": "22745", "Description": "POPPY'S PLAYHOUSE BEDROOM ", "Quantity": "1", "InvoiceDate": "03-12-2010 11:19", "UnitPrice": "2.1", "CustomerID": "17967", "Country": "United Kingdom"},
{"InvoiceNo": "536863", "StockCode": "22746", "Description": "POPPY'S PLAYHOUSE LIVINGROOM ", "Quantity": "1", "InvoiceDate": "03-12-2010 11:19", "UnitPrice": "2.1", "CustomerID": "17967", "Country": "United Kingdom"},
{"InvoiceNo": "536863", "StockCode": "22748", "Description": "POPPY'S PLAYHOUSE KITCHEN", "Quantity": "1", "InvoiceDate": "03-12-2010 11:19", "UnitPrice": "2.1", "CustomerID": "17967", "Country": "United Kingdom"},
{"InvoiceNo": "536863", "StockCode": "22750", "Description": "FELTCRAFT PRINCESS LOLA DOLL", "Quantity": "1", "InvoiceDate": "03-12-2010 11:19", "UnitPrice": "3.75", "CustomerID": "17967", "Country": "United Kingdom"},
{"InvoiceNo": "536863", "StockCode": "22756", "Description": "LARGE YELLOW BABUSHKA NOTEBOOK ", "Quantity": "1", "InvoiceDate": "03-12-2010 11:19", "UnitPrice": "1.25", "CustomerID": "17967", "Country": "United Kingdom"},
{"InvoiceNo": "536863", "StockCode": "22757", "Description": "LARGE RED BABUSHKA NOTEBOOK ", "Quantity": "1", "InvoiceDate": "03-12-2010 11:19", "UnitPrice": "1.25", "CustomerID": "17967", "Country": "United Kingdom"},
{"InvoiceNo": "536863", "StockCode": "22758", "Description": "LARGE PURPLE BABUSHKA NOTEBOOK  ", "Quantity": "1", "InvoiceDate": "03-12-2010 11:19", "UnitPrice": "1.25", "CustomerID": "17967", "Country": "United Kingdom"},
{"InvoiceNo": "536863", "StockCode": "22758", "Description": "LARGE PURPLE BABUSHKA NOTEBOOK  ", "Quantity": "1", "InvoiceDate": "03-12-2010 11:19", "UnitPrice": "1.25", "CustomerID": "17967", "Country": "United Kingdom"},
{"InvoiceNo": "536863", "StockCode": "22800", "Description": "ANTIQUE TALL SWIRLGLASS TRINKET POT", "Quantity": "1", "InvoiceDate": "03-12-2010 11:19", "UnitPrice": "3.75", "CustomerID": "17967", "Country": "United Kingdom"},
{"InvoiceNo": "536863", "StockCode": "22816", "Description": "CARD MOTORBIKE SANTA", "Quantity": "12", "InvoiceDate": "03-12-2010 11:19", "UnitPrice": "0.42", "CustomerID": "17967", "Country": "United Kingdom"},
{"InvoiceNo": "536863", "StockCode": "22960", "Description": "JAM MAKING SET WITH JARS", "Quantity": "1", "InvoiceDate": "03-12-2010 11:19", "UnitPrice": "4.25", "CustomerID": "17967", "Country": "United Kingdom"},
{"InvoiceNo": "536863", "StockCode": "22968", "Description": "ROSE COTTAGE KEEPSAKE BOX ", "Quantity": "2", "InvoiceDate": "03-12-2010 11:19", "UnitPrice": "9.95", "CustomerID": "17967", "Country": "United Kingdom"},
{"InvoiceNo": "536863", "StockCode": "84006", "Description": "MAGIC TREE -PAPER FLOWERS", "Quantity": "1", "InvoiceDate": "03-12-2010 11:19", "UnitPrice": "0.85", "CustomerID": "17967", "Country": "United Kingdom"},
{"InvoiceNo": "536863", "StockCode": "90094", "Description": "NECKLACE+BRACELET SET FRUIT SALAD ", "Quantity": "1", "InvoiceDate": "03-12-2010 11:19", "UnitPrice": "2.55", "CustomerID": "17967", "Country": "United Kingdom"},
{"InvoiceNo": "536863", "StockCode": "10123C", "Description": "HEARTS WRAPPING TAPE ", "Quantity": "1", "InvoiceDate": "03-12-2010 11:19", "UnitPrice": "0.65", "CustomerID": "17967", "Country": "United Kingdom"},
{"InvoiceNo": "536863", "StockCode": "85123A", "Description": "WHITE HANGING HEART T-LIGHT HOLDER", "Quantity": "2", "InvoiceDate": "03-12-2010 11:19", "UnitPrice": "2.95", "CustomerID": "17967", "Country": "United Kingdom"},
{"InvoiceNo": "536863", "StockCode": "85135B", "Description": "BLUE DRAGONFLY HELICOPTER", "Quantity": "1", "InvoiceDate": "03-12-2010 11:19", "UnitPrice": "7.95", "CustomerID": "17967", "Country": "United Kingdom"},
{"InvoiceNo": "536883", "StockCode": "22959", "Description": "WRAP CHRISTMAS VILLAGE", "Quantity": "13", "InvoiceDate": "03-12-2010 11:41", "UnitPrice": "0.42", "CustomerID": "", "Country": "United Kingdom"},
{"InvoiceNo": "536943", "StockCode": "21136", "Description": "PAINTED METAL PEARS ASSORTED", "Quantity": "8", "InvoiceDate": "03-12-2010 12:11", "UnitPrice": "1.69", "CustomerID": "17884", "Country": "United Kingdom"},
{"InvoiceNo": "536943", "StockCode": "22086", "Description": "PAPER CHAIN KIT 50'S CHRISTMAS ", "Quantity": "2", "InvoiceDate": "03-12-2010 12:11", "UnitPrice": "2.95", "CustomerID": "17884", "Country": "United Kingdom"},
{"InvoiceNo": "536943", "StockCode": "22142", "Description": "CHRISTMAS CRAFT WHITE FAIRY ", "Quantity": "3", "InvoiceDate": "03-12-2010 12:11", "UnitPrice": "1.45", "CustomerID": "17884", "Country": "United Kingdom"},
{"InvoiceNo": "536943", "StockCode": "22144", "Description": "CHRISTMAS CRAFT LITTLE FRIENDS", "Quantity": "2", "InvoiceDate": "03-12-2010 12:11", "UnitPrice": "2.1", "CustomerID": "17884", "Country": "United Kingdom"},
{"InvoiceNo": "536943", "StockCode": "22295", "Description": "HEART FILIGREE DOVE LARGE", "Quantity": "12", "InvoiceDate": "03-12-2010 12:11", "UnitPrice": "1.65", "CustomerID": "17884", "Country": "United Kingdom"},
{"InvoiceNo": "536943", "StockCode": "22469", "Description": "HEART OF WICKER SMALL", "Quantity": "2", "InvoiceDate": "03-12-2010 12:11", "UnitPrice": "1.65", "CustomerID": "17884", "Country": "United Kingdom"},
{"InvoiceNo": "536943", "StockCode": "22585", "Description": "PACK OF 6 BIRDY GIFT TAGS", "Quantity": "5", "InvoiceDate": "03-12-2010 12:11", "UnitPrice": "1.25", "CustomerID": "17884", "Country": "United Kingdom"},
{"InvoiceNo": "536943", "StockCode": "22731", "Description": "3D CHRISTMAS STAMPS STICKERS ", "Quantity": "1", "InvoiceDate": "03-12-2010 12:11", "UnitPrice": "1.25", "CustomerID": "17884", "Country": "United Kingdom"},
{"InvoiceNo": "536943", "StockCode": "22732", "Description": "3D VINTAGE CHRISTMAS STICKERS ", "Quantity": "1", "InvoiceDate": "03-12-2010 12:11", "UnitPrice": "1.25", "CustomerID": "17884", "Country": "United Kingdom"},
{"InvoiceNo": "536943", "StockCode": "22733", "Description": "3D TRADITIONAL CHRISTMAS STICKERS", "Quantity": "2", "InvoiceDate": "03-12-2010 12:11", "UnitPrice": "1.25", "CustomerID": "17884", "Country": "United Kingdom"},
{"InvoiceNo": "536943", "StockCode": "22735", "Description": "RIBBON REEL SOCKS AND MITTENS", "Quantity": "1", "InvoiceDate": "03-12-2010 12:11", "UnitPrice": "1.65", "CustomerID": "17884", "Country": "United Kingdom"},
{"InvoiceNo": "536943", "StockCode": "22736", "Description": "RIBBON REEL MAKING SNOWMEN ", "Quantity": "1", "InvoiceDate": "03-12-2010 12:11", "UnitPrice": "1.65", "CustomerID": "17884", "Country": "United Kingdom"},
{"InvoiceNo": "536943", "StockCode": "22737", "Description": "RIBBON REEL CHRISTMAS PRESENT ", "Quantity": "1", "InvoiceDate": "03-12-2010 12:11", "UnitPrice": "1.65", "CustomerID": "17884", "Country": "United Kingdom"},
{"InvoiceNo": "536943", "StockCode": "22738", "Description": "RIBBON REEL SNOWY VILLAGE", "Quantity": "1", "InvoiceDate": "03-12-2010 12:11", "UnitPrice": "1.65", "CustomerID": "17884", "Country": "United Kingdom"},
{"InvoiceNo": "536943", "StockCode": "22739", "Description": "RIBBON REEL CHRISTMAS SOCK BAUBLE", "Quantity": "1", "InvoiceDate": "03-12-2010 12:11", "UnitPrice": "1.65", "CustomerID": "17884", "Country": "United Kingdom"},
{"InvoiceNo": "536943", "StockCode": "22745", "Description": "POPPY'S PLAYHOUSE BEDROOM ", "Quantity": "1", "InvoiceDate": "03-12-2010 12:11", "UnitPrice": "2.1", "CustomerID": "17884", "Country": "United Kingdom"},
{"InvoiceNo": "536943", "StockCode": "22746", "Description": "POPPY'S PLAYHOUSE LIVINGROOM ", "Quantity": "1", "InvoiceDate": "03-12-2010 12:11", "UnitPrice": "2.1", "CustomerID": "17884", "Country": "United Kingdom"},
{"InvoiceNo": "536943", "StockCode": "22748", "Description": "POPPY'S PLAYHOUSE KITCHEN", "Quantity": "2", "InvoiceDate": "03-12-2010 12:11", "UnitPrice": "2.1", "CustomerID": "17884", "Country": "United Kingdom"},
{"InvoiceNo": "536943", "StockCode": "22812", "Description": "PACK 3 BOXES CHRISTMAS PANNETONE", "Quantity": "2", "InvoiceDate": "03-12-2010 12:11", "UnitPrice": "1.95", "CustomerID": "17884", "Country": "United Kingdom"},
{"InvoiceNo": "536943", "StockCode": "22813", "Description": "PACK 3 BOXES BIRD PANNETONE ", "Quantity": "2", "InvoiceDate": "03-12-2010 12:11", "UnitPrice": "1.95", "CustomerID": "17884", "Country": "United Kingdom"},
{"InvoiceNo": "536943", "StockCode": "22910", "Description": "PAPER CHAIN KIT VINTAGE CHRISTMAS", "Quantity": "10", "InvoiceDate": "03-12-2010 12:11", "UnitPrice": "2.95", "CustomerID": "17884", "Country": "United Kingdom"},
{"InvoiceNo": "536943", "StockCode": "22940", "Description": "FELTCRAFT CHRISTMAS FAIRY", "Quantity": "1", "InvoiceDate": "03-12-2010 12:11", "UnitPrice": "4.25", "CustomerID": "17884", "Country": "United Kingdom"},
{"InvoiceNo": "536943", "StockCode": "35954", "Description": "SMALL FOLKART STAR CHRISTMAS DEC", "Quantity": "48", "InvoiceDate": "03-12-2010 12:11", "UnitPrice": "0.42", "CustomerID": "17884", "Country": "United Kingdom"},
{"InvoiceNo": "536943", "StockCode": "35957", "Description": "SMALLFOLKART BAUBLE CHRISTMAS DEC", "Quantity": "48", "InvoiceDate": "03-12-2010 12:11", "UnitPrice": "0.42", "CustomerID": "17884", "Country": "United Kingdom"},
{"InvoiceNo": "536943", "StockCode": "84879", "Description": "ASSORTED COLOUR BIRD ORNAMENT", "Quantity": "8", "InvoiceDate": "03-12-2010 12:11", "UnitPrice": "1.69", "CustomerID": "17884", "Country": "United Kingdom"},
{"InvoiceNo": "536943", "StockCode": "84944", "Description": "SET OF 6 KASHMIR FOLKART BAUBLES", "Quantity": "2", "InvoiceDate": "03-12-2010 12:11", "UnitPrice": "4.25", "CustomerID": "17884", "Country": "United Kingdom"},
{"InvoiceNo": "536943", "StockCode": "85018D", "Description": "YULETIDE IMAGES S/6 PAPER BOXES", "Quantity": "1", "InvoiceDate": "03-12-2010 12:11", "UnitPrice": "2.55", "CustomerID": "17884", "Country": "United Kingdom"},
{"InvoiceNo": "536943", "StockCode": "85032D", "Description": "YULETIDE IMAGES GIFT WRAP SET", "Quantity": "1", "InvoiceDate": "03-12-2010 12:11", "UnitPrice": "2.1", "CustomerID": "17884", "Country": "United Kingdom"},
{"InvoiceNo": "536973", "StockCode": "21164", "Description": "HOME SWEET HOME METAL SIGN ", "Quantity": "12", "InvoiceDate": "03-12-2010 13:43", "UnitPrice": "2.95", "CustomerID": "17787", "Country": "United Kingdom"},
{"InvoiceNo": "536973", "StockCode": "21179", "Description": "NO JUNK MAIL METAL SIGN", "Quantity": "6", "InvoiceDate": "03-12-2010 13:43", "UnitPrice": "1.25", "CustomerID": "17787", "Country": "United Kingdom"},
{"InvoiceNo": "536973", "StockCode": "21181", "Description": "PLEASE ONE PERSON METAL SIGN", "Quantity": "6", "InvoiceDate": "03-12-2010 13:43", "UnitPrice": "2.1", "CustomerID": "17787", "Country": "United Kingdom"},
{"InvoiceNo": "536973", "StockCode": "21217", "Description": "RED RETROSPOT ROUND CAKE TINS", "Quantity": "4", "InvoiceDate": "03-12-2010 13:43", "UnitPrice": "9.95", "CustomerID": "17787", "Country": "United Kingdom"},
{"InvoiceNo": "536973", "StockCode": "21258", "Description": "VICTORIAN SEWING BOX LARGE", "Quantity": "2", "InvoiceDate": "03-12-2010 13:43", "UnitPrice": "12.75", "CustomerID": "17787", "Country": "United Kingdom"},
{"InvoiceNo": "536973", "StockCode": "21259", "Description": "VICTORIAN SEWING BOX SMALL ", "Quantity": "4", "InvoiceDate": "03-12-2010 13:43", "UnitPrice": "5.95", "CustomerID": "17787", "Country": "United Kingdom"},
{"InvoiceNo": "536973", "StockCode": "21333", "Description": "CLASSIC WHITE FRAME", "Quantity": "4", "InvoiceDate": "03-12-2010 13:43", "UnitPrice": "2.95", "CustomerID": "17787", "Country": "United Kingdom"},
{"InvoiceNo": "536973", "StockCode": "21385", "Description": "IVORY HANGING DECORATION  HEART", "Quantity": "24", "InvoiceDate": "03-12-2010 13:43", "UnitPrice": "0.85", "CustomerID": "17787", "Country": "United Kingdom"},
{"InvoiceNo": "536973", "StockCode": "21843", "Description": "RED RETROSPOT CAKE STAND", "Quantity": "3", "InvoiceDate": "03-12-2010 13:43", "UnitPrice": "10.95", "CustomerID": "17787", "Country": "United Kingdom"},
{"InvoiceNo": "536973", "StockCode": "21906", "Description": "PHARMACIE FIRST AID TIN", "Quantity": "2", "InvoiceDate": "03-12-2010 13:43", "UnitPrice": "6.75", "CustomerID": "17787", "Country": "United Kingdom"},
{"InvoiceNo": "536973", "StockCode": "21906", "Description": "PHARMACIE FIRST AID TIN", "Quantity": "4", "InvoiceDate": "03-12-2010 13:43", "UnitPrice": "6.75", "CustomerID": "17787", "Country": "United Kingdom"},
{"InvoiceNo": "536973", "StockCode": "22116", "Description": "METAL SIGN HIS DINNER IS SERVED", "Quantity": "4", "InvoiceDate": "03-12-2010 13:43", "UnitPrice": "2.95", "CustomerID": "17787", "Country": "United Kingdom"},
{"InvoiceNo": "536973", "StockCode": "22151", "Description": "PLACE SETTING WHITE HEART", "Quantity": "24", "InvoiceDate": "03-12-2010 13:43", "UnitPrice": "0.42", "CustomerID": "17787", "Country": "United Kingdom"},
{"InvoiceNo": "536973", "StockCode": "22158", "Description": "3 HEARTS HANGING DECORATION RUSTIC", "Quantity": "8", "InvoiceDate": "03-12-2010 13:43", "UnitPrice": "2.95", "CustomerID": "17787", "Country": "United Kingdom"},
{"InvoiceNo": "536973", "StockCode": "22188", "Description": "BLACK HEART CARD HOLDER", "Quantity": "6", "InvoiceDate": "03-12-2010 13:43", "UnitPrice": "3.95", "CustomerID": "17787", "Country": "United Kingdom"},
{"InvoiceNo": "536973", "StockCode": "22296", "Description": "HEART IVORY TRELLIS LARGE", "Quantity": "12", "InvoiceDate": "03-12-2010 13:43", "UnitPrice": "1.65", "CustomerID": "17787", "Country": "United Kingdom"},
{"InvoiceNo": "536973", "StockCode": "22297", "Description": "HEART IVORY TRELLIS SMALL", "Quantity": "24", "InvoiceDate": "03-12-2010 13:43", "UnitPrice": "1.25", "CustomerID": "17787", "Country": "United Kingdom"},
{"InvoiceNo": "536973", "StockCode": "22456", "Description": "NATURAL SLATE CHALKBOARD LARGE ", "Quantity": "6", "InvoiceDate": "03-12-2010 13:43", "UnitPrice": "4.95", "CustomerID": "17787", "Country": "United Kingdom"},
{"InvoiceNo": "536973", "StockCode": "22457", "Description": "NATURAL SLATE HEART CHALKBOARD ", "Quantity": "12", "InvoiceDate": "03-12-2010 13:43", "UnitPrice": "2.95", "CustomerID": "17787", "Country": "United Kingdom"},
{"InvoiceNo": "536973", "StockCode": "22469", "Description": "HEART OF WICKER SMALL", "Quantity": "12", "InvoiceDate": "03-12-2010 13:43", "UnitPrice": "1.65", "CustomerID": "17787", "Country": "United Kingdom"},
{"InvoiceNo": "536973", "StockCode": "22637", "Description": "PIGGY BANK RETROSPOT ", "Quantity": "4", "InvoiceDate": "03-12-2010 13:43", "UnitPrice": "2.55", "CustomerID": "17787", "Country": "United Kingdom"},
{"InvoiceNo": "536973", "StockCode": "22694", "Description": "WICKER STAR ", "Quantity": "6", "InvoiceDate": "03-12-2010 13:43", "UnitPrice": "2.1", "CustomerID": "17787", "Country": "United Kingdom"},
{"InvoiceNo": "536973", "StockCode": "48138", "Description": "DOORMAT UNION FLAG", "Quantity": "10", "InvoiceDate": "03-12-2010 13:43", "UnitPrice": "6.75", "CustomerID": "17787", "Country": "United Kingdom"},
{"InvoiceNo": "536973", "StockCode": "82551", "Description": "LAUNDRY 15C METAL SIGN", "Quantity": "6", "InvoiceDate": "03-12-2010 13:43", "UnitPrice": "1.45", "CustomerID": "17787", "Country": "United Kingdom"},
{"InvoiceNo": "536973", "StockCode": "82552", "Description": "WASHROOM METAL SIGN", "Quantity": "6", "InvoiceDate": "03-12-2010 13:43", "UnitPrice": "1.45", "CustomerID": "17787", "Country": "United Kingdom"},
{"InvoiceNo": "536973", "StockCode": "82580", "Description": "BATHROOM METAL SIGN", "Quantity": "25", "InvoiceDate": "03-12-2010 13:43", "UnitPrice": "0.55", "CustomerID": "17787", "Country": "United Kingdom"},
{"InvoiceNo": "536973", "StockCode": "82583", "Description": "HOT BATHS METAL SIGN", "Quantity": "12", "InvoiceDate": "03-12-2010 13:43", "UnitPrice": "2.1", "CustomerID": "17787", "Country": "United Kingdom"},
{"InvoiceNo": "536973", "StockCode": "82600", "Description": "NO SINGING METAL SIGN", "Quantity": "12", "InvoiceDate": "03-12-2010 13:43", "UnitPrice": "2.1", "CustomerID": "17787", "Country": "United Kingdom"},
{"InvoiceNo": "536973", "StockCode": "85061W", "Description": "WHITE JEWELLED HEART DECORATION", "Quantity": "48", "InvoiceDate": "03-12-2010 13:43", "UnitPrice": "0.85", "CustomerID": "17787", "Country": "United Kingdom"},
{"InvoiceNo": "536973", "StockCode": "85129C", "Description": "BEADED CRYSTAL HEART BLUE SMALL", "Quantity": "24", "InvoiceDate": "03-12-2010 13:43", "UnitPrice": "1.25", "CustomerID": "17787", "Country": "United Kingdom"},
{"InvoiceNo": "536973", "StockCode": "85130A", "Description": "BEADED PEARL HEART WHITE LARGE", "Quantity": "24", "InvoiceDate": "03-12-2010 13:43", "UnitPrice": "1.65", "CustomerID": "17787", "Country": "United Kingdom"},
{"InvoiceNo": "536983", "StockCode": "16016", "Description": "LARGE CHINESE STYLE SCISSOR", "Quantity": "10", "InvoiceDate": "03-12-2010 14:30", "UnitPrice": "0.85", "CustomerID": "12712", "Country": "Germany"},
{"InvoiceNo": "536983", "StockCode": "22171", "Description": "3 HOOK PHOTO SHELF ANTIQUE WHITE", "Quantity": "4", "InvoiceDate": "03-12-2010 14:30", "UnitPrice": "8.5", "CustomerID": "12712", "Country": "Germany"},
{"InvoiceNo": "536983", "StockCode": "22331", "Description": "WOODLAND PARTY BAG + STICKER SET", "Quantity": "8", "InvoiceDate": "03-12-2010 14:30", "UnitPrice": "1.65", "CustomerID": "12712", "Country": "Germany"},
{"InvoiceNo": "536983", "StockCode": "22445", "Description": "PENCIL CASE LIFE IS BEAUTIFUL", "Quantity": "6", "InvoiceDate": "03-12-2010 14:30", "UnitPrice": "2.95", "CustomerID": "12712", "Country": "Germany"},
{"InvoiceNo": "536983", "StockCode": "22865", "Description": "HAND WARMER OWL DESIGN", "Quantity": "12", "InvoiceDate": "03-12-2010 14:30", "UnitPrice": "2.1", "CustomerID": "12712", "Country": "Germany"},
{"InvoiceNo": "536983", "StockCode": "22914", "Description": "BLUE COAT RACK PARIS FASHION", "Quantity": "3", "InvoiceDate": "03-12-2010 14:30", "UnitPrice": "4.95", "CustomerID": "12712", "Country": "Germany"},
{"InvoiceNo": "536983", "StockCode": "22926", "Description": "IVORY GIANT GARDEN THERMOMETER", "Quantity": "4", "InvoiceDate": "03-12-2010 14:30", "UnitPrice": "5.95", "CustomerID": "12712", "Country": "Germany"},
{"InvoiceNo": "536983", "StockCode": "84849D", "Description": "HOT BATHS SOAP HOLDER", "Quantity": "12", "InvoiceDate": "03-12-2010 14:30", "UnitPrice": "1.69", "CustomerID": "12712", "Country": "Germany"},
{"InvoiceNo": "536983", "StockCode": "POST", "Description": "POSTAGE", "Quantity": "1", "InvoiceDate": "03-12-2010 14:30", "UnitPrice": "18", "CustomerID": "12712", "Country": "Germany"},
{"InvoiceNo": "536993", "StockCode": "20726", "Description": "LUNCH BAG WOODLAND", "Quantity": "1", "InvoiceDate": "03-12-2010 15:19", "UnitPrice": "1.65", "CustomerID": "14396", "Country": "United Kingdom"},
{"InvoiceNo": "536993", "StockCode": "20828", "Description": "GLITTER BUTTERFLY CLIPS", "Quantity": "1", "InvoiceDate": "03-12-2010 15:19", "UnitPrice": "2.55", "CustomerID": "14396", "Country": "United Kingdom"},
{"InvoiceNo": "536993", "StockCode": "21040", "Description": "MODERN VINTAGE COTTON SHOPPING BAG", "Quantity": "1", "InvoiceDate": "03-12-2010 15:19", "UnitPrice": "2.55", "CustomerID": "14396", "Country": "United Kingdom"},
{"InvoiceNo": "536993", "StockCode": "21327", "Description": "SKULLS WRITING SET ", "Quantity": "1", "InvoiceDate": "03-12-2010 15:19", "UnitPrice": "1.65", "CustomerID": "14396", "Country": "United Kingdom"},
{"InvoiceNo": "536993", "StockCode": "21329", "Description": "DINOSAURS  WRITING SET ", "Quantity": "1", "InvoiceDate": "03-12-2010 15:19", "UnitPrice": "1.65", "CustomerID": "14396", "Country": "United Kingdom"},
{"InvoiceNo": "536993", "StockCode": "21591", "Description": "COSY HOUR CIGAR BOX MATCHES ", "Quantity": "3", "InvoiceDate": "03-12-2010 15:19", "UnitPrice": "1.25", "CustomerID": "14396", "Country": "United Kingdom"},
{"InvoiceNo": "536993", "StockCode": "21733", "Description": "RED HANGING HEART T-LIGHT HOLDER", "Quantity": "1", "InvoiceDate": "03-12-2010 15:19", "UnitPrice": "2.95", "CustomerID": "14396", "Country": "United Kingdom"},
{"InvoiceNo": "536993", "StockCode": "21932", "Description": "SCANDINAVIAN PAISLEY PICNIC BAG", "Quantity": "1", "InvoiceDate": "03-12-2010 15:19", "UnitPrice": "2.95", "CustomerID": "14396", "Country": "United Kingdom"},
{"InvoiceNo": "536993", "StockCode": "21933", "Description": "PINK VINTAGE PAISLEY PICNIC BAG", "Quantity": "1", "InvoiceDate": "03-12-2010 15:19", "UnitPrice": "2.95", "CustomerID": "14396", "Country": "United Kingdom"},
{"InvoiceNo": "536993", "StockCode": "21936", "Description": "RED RETROSPOT PICNIC BAG", "Quantity": "1", "InvoiceDate": "03-12-2010 15:19", "UnitPrice": "2.95", "CustomerID": "14396", "Country": "United Kingdom"},
{"InvoiceNo": "536993", "StockCode": "21937", "Description": "STRAWBERRY   PICNIC BAG", "Quantity": "1", "InvoiceDate": "03-12-2010 15:19", "UnitPrice": "2.95", "CustomerID": "14396", "Country": "United Kingdom"},
{"InvoiceNo": "536993", "StockCode": "21955", "Description": "DOORMAT UNION JACK GUNS AND ROSES", "Quantity": "1", "InvoiceDate": "03-12-2010 15:19", "UnitPrice": "7.95", "CustomerID": "14396", "Country": "United Kingdom"},
{"InvoiceNo": "536993", "StockCode": "22077", "Description": "6 RIBBONS RUSTIC CHARM", "Quantity": "1", "InvoiceDate": "03-12-2010 15:19", "UnitPrice": "1.65", "CustomerID": "14396", "Country": "United Kingdom"},
{"InvoiceNo": "536993", "StockCode": "22111", "Description": "SCOTTIE DOG HOT WATER BOTTLE", "Quantity": "1", "InvoiceDate": "03-12-2010 15:19", "UnitPrice": "4.95", "CustomerID": "14396", "Country": "United Kingdom"},
{"InvoiceNo": "536993", "StockCode": "22359", "Description": "GLASS JAR KINGS CHOICE", "Quantity": "1", "InvoiceDate": "03-12-2010 15:19", "UnitPrice": "2.95", "CustomerID": "14396", "Country": "United Kingdom"},
{"InvoiceNo": "536993", "StockCode": "22361", "Description": "GLASS JAR DAISY FRESH COTTON WOOL", "Quantity": "1", "InvoiceDate": "03-12-2010 15:19", "UnitPrice": "2.95", "CustomerID": "14396", "Country": "United Kingdom"},
{"InvoiceNo": "536993", "StockCode": "22362", "Description": "GLASS JAR PEACOCK BATH SALTS", "Quantity": "1", "InvoiceDate": "03-12-2010 15:19", "UnitPrice": "2.95", "CustomerID": "14396", "Country": "United Kingdom"},
{"InvoiceNo": "536993", "StockCode": "22418", "Description": "10 COLOUR SPACEBOY PEN", "Quantity": "2", "InvoiceDate": "03-12-2010 15:19", "UnitPrice": "0.85", "CustomerID": "14396", "Country": "United Kingdom"},
{"InvoiceNo": "536993", "StockCode": "22470", "Description": "HEART OF WICKER LARGE", "Quantity": "2", "InvoiceDate": "03-12-2010 15:19", "UnitPrice": "2.95", "CustomerID": "14396", "Country": "United Kingdom"},
{"InvoiceNo": "536993", "StockCode": "22666", "Description": "RECIPE BOX PANTRY YELLOW DESIGN", "Quantity": "1", "InvoiceDate": "03-12-2010 15:19", "UnitPrice": "2.95", "CustomerID": "14396", "Country": "United Kingdom"},
{"InvoiceNo": "536993", "StockCode": "22701", "Description": "PINK DOG BOWL", "Quantity": "1", "InvoiceDate": "03-12-2010 15:19", "UnitPrice": "2.95", "CustomerID": "14396", "Country": "United Kingdom"},
{"InvoiceNo": "536993", "StockCode": "22735", "Description": "RIBBON REEL SOCKS AND MITTENS", "Quantity": "1", "InvoiceDate": "03-12-2010 15:19", "UnitPrice": "1.65", "CustomerID": "14396", "Country": "United Kingdom"},
{"InvoiceNo": "536993", "StockCode": "22736", "Description": "RIBBON REEL MAKING SNOWMEN ", "Quantity": "1", "InvoiceDate": "03-12-2010 15:19", "UnitPrice": "1.65", "CustomerID": "14396", "Country": "United Kingdom"},
{"InvoiceNo": "536993", "StockCode": "22737", "Description": "RIBBON REEL CHRISTMAS PRESENT ", "Quantity": "1", "InvoiceDate": "03-12-2010 15:19", "UnitPrice": "1.65", "CustomerID": "14396", "Country": "United Kingdom"},
{"InvoiceNo": "536993", "StockCode": "22739", "Description": "RIBBON REEL CHRISTMAS SOCK BAUBLE", "Quantity": "1", "InvoiceDate": "03-12-2010 15:19", "UnitPrice": "1.65", "CustomerID": "14396", "Country": "United Kingdom"},
{"InvoiceNo": "536993", "StockCode": "22837", "Description": "HOT WATER BOTTLE BABUSHKA ", "Quantity": "1", "InvoiceDate": "03-12-2010 15:19", "UnitPrice": "4.65", "CustomerID": "14396", "Country": "United Kingdom"},
{"InvoiceNo": "536993", "StockCode": "22865", "Description": "HAND WARMER OWL DESIGN", "Quantity": "1", "InvoiceDate": "03-12-2010 15:19", "UnitPrice": "2.1", "CustomerID": "14396", "Country": "United Kingdom"},
{"InvoiceNo": "536993", "StockCode": "22866", "Description": "HAND WARMER SCOTTY DOG DESIGN", "Quantity": "2", "InvoiceDate": "03-12-2010 15:19", "UnitPrice": "2.1", "CustomerID": "14396", "Country": "United Kingdom"},
{"InvoiceNo": "536993", "StockCode": "22867", "Description": "HAND WARMER BIRD DESIGN", "Quantity": "1", "InvoiceDate": "03-12-2010 15:19", "UnitPrice": "2.1", "CustomerID": "14396", "Country": "United Kingdom"},
{"InvoiceNo": "536993", "StockCode": "22964", "Description": "3 PIECE SPACEBOY COOKIE CUTTER SET", "Quantity": "1", "InvoiceDate": "03-12-2010 15:19", "UnitPrice": "2.1", "CustomerID": "14396", "Country": "United Kingdom"},
{"InvoiceNo": "536993", "StockCode": "84865", "Description": "NEW BAROQUE BLACK PHOTO ALBUM", "Quantity": "1", "InvoiceDate": "03-12-2010 15:19", "UnitPrice": "8.5", "CustomerID": "14396", "Country": "United Kingdom"},
{"InvoiceNo": "536993", "StockCode": "82011C", "Description": "BATHROOM SCALES FOOTPRINTS IN SAND", "Quantity": "1", "InvoiceDate": "03-12-2010 15:19", "UnitPrice": "3.75", "CustomerID": "14396", "Country": "United Kingdom"},
{"InvoiceNo": "536993", "StockCode": "84562A", "Description": "PINK/WHITE RIBBED MELAMINE JUG", "Quantity": "1", "InvoiceDate": "03-12-2010 15:19", "UnitPrice": "7.95", "CustomerID": "14396", "Country": "United Kingdom"},
{"InvoiceNo": "536993", "StockCode": "85123A", "Description": "WHITE HANGING HEART T-LIGHT HOLDER", "Quantity": "1", "InvoiceDate": "03-12-2010 15:19", "UnitPrice": "2.95", "CustomerID": "14396", "Country": "United Kingdom"},
{"InvoiceNo": "537003", "StockCode": "85126", "Description": "", "Quantity": "-2", "InvoiceDate": "03-12-2010 15:33", "UnitPrice": "0", "CustomerID": "", "Country": "United Kingdom"},
{"InvoiceNo": "537013", "StockCode": "35965", "Description": "", "Quantity": "-25", "InvoiceDate": "03-12-2010 15:40", "UnitPrice": "0", "CustomerID": "", "Country": "United Kingdom"},
{"InvoiceNo": "537023", "StockCode": "16237", "Description": "SLEEPING CAT ERASERS", "Quantity": "1", "InvoiceDate": "03-12-2010 16:02", "UnitPrice": "0.21", "CustomerID": "16725", "Country": "United Kingdom"},
{"InvoiceNo": "537023", "StockCode": "20724", "Description": "RED RETROSPOT CHARLOTTE BAG", "Quantity": "2", "InvoiceDate": "03-12-2010 16:02", "UnitPrice": "0.85", "CustomerID": "16725", "Country": "United Kingdom"},
{"InvoiceNo": "537023", "StockCode": "21977", "Description": "PACK OF 60 PINK PAISLEY CAKE CASES", "Quantity": "1", "InvoiceDate": "03-12-2010 16:02", "UnitPrice": "0.55", "CustomerID": "16725", "Country": "United Kingdom"},
{"InvoiceNo": "537023", "StockCode": "22070", "Description": "SMALL RED RETROSPOT MUG IN BOX ", "Quantity": "1", "InvoiceDate": "03-12-2010 16:02", "UnitPrice": "3.75", "CustomerID": "16725", "Country": "United Kingdom"},
{"InvoiceNo": "537023", "StockCode": "22072", "Description": "RED RETROSPOT TEA CUP AND SAUCER ", "Quantity": "1", "InvoiceDate": "03-12-2010 16:02", "UnitPrice": "3.75", "CustomerID": "16725", "Country": "United Kingdom"},
{"InvoiceNo": "537023", "StockCode": "22297", "Description": "HEART IVORY TRELLIS SMALL", "Quantity": "1", "InvoiceDate": "03-12-2010 16:02", "UnitPrice": "1.25", "CustomerID": "16725", "Country": "United Kingdom"},
{"InvoiceNo": "537023", "StockCode": "22356", "Description": "CHARLOTTE BAG PINK POLKADOT", "Quantity": "1", "InvoiceDate": "03-12-2010 16:02", "UnitPrice": "0.85", "CustomerID": "16725", "Country": "United Kingdom"},
{"InvoiceNo": "537023", "StockCode": "22457", "Description": "NATURAL SLATE HEART CHALKBOARD ", "Quantity": "1", "InvoiceDate": "03-12-2010 16:02", "UnitPrice": "2.95", "CustomerID": "16725", "Country": "United Kingdom"},
{"InvoiceNo": "537023", "StockCode": "22471", "Description": "TV DINNER TRAY AIR HOSTESS ", "Quantity": "1", "InvoiceDate": "03-12-2010 16:02", "UnitPrice": "4.95", "CustomerID": "16725", "Country": "United Kingdom"},
{"InvoiceNo": "537023", "StockCode": "22509", "Description": "SEWING BOX RETROSPOT DESIGN ", "Quantity": "1", "InvoiceDate": "03-12-2010 16:02", "UnitPrice": "16.95", "CustomerID": "16725", "Country": "United Kingdom"},
{"InvoiceNo": "537023", "StockCode": "22660", "Description": "DOORMAT I LOVE LONDON", "Quantity": "1", "InvoiceDate": "03-12-2010 16:02", "UnitPrice": "7.95", "CustomerID": "16725", "Country": "United Kingdom"},
{"InvoiceNo": "537023", "StockCode": "22670", "Description": "FRENCH WC SIGN BLUE METAL", "Quantity": "1", "InvoiceDate": "03-12-2010 16:02", "UnitPrice": "1.25", "CustomerID": "16725", "Country": "United Kingdom"},
{"InvoiceNo": "537023", "StockCode": "22672", "Description": "FRENCH BATHROOM SIGN BLUE METAL", "Quantity": "1", "InvoiceDate": "03-12-2010 16:02", "UnitPrice": "1.65", "CustomerID": "16725", "Country": "United Kingdom"},
{"InvoiceNo": "537023", "StockCode": "22678", "Description": "FRENCH BLUE METAL DOOR SIGN 3", "Quantity": "1", "InvoiceDate": "03-12-2010 16:02", "UnitPrice": "1.25", "CustomerID": "16725", "Country": "United Kingdom"},
{"InvoiceNo": "537023", "StockCode": "22686", "Description": "FRENCH BLUE METAL DOOR SIGN No", "Quantity": "1", "InvoiceDate": "03-12-2010 16:02", "UnitPrice": "1.25", "CustomerID": "16725", "Country": "United Kingdom"},
{"InvoiceNo": "537023", "StockCode": "22786", "Description": "CUSHION COVER PINK UNION JACK", "Quantity": "1", "InvoiceDate": "03-12-2010 16:02", "UnitPrice": "5.95", "CustomerID": "16725", "Country": "United Kingdom"},
{"InvoiceNo": "537023", "StockCode": "22804", "Description": "CANDLEHOLDER PINK HANGING HEART", "Quantity": "1", "InvoiceDate": "03-12-2010 16:02", "UnitPrice": "2.95", "CustomerID": "16725", "Country": "United Kingdom"},
{"InvoiceNo": "537023", "StockCode": "22865", "Description": "HAND WARMER OWL DESIGN", "Quantity": "1", "InvoiceDate": "03-12-2010 16:02", "UnitPrice": "2.1", "CustomerID": "16725", "Country": "United Kingdom"},
{"InvoiceNo": "537023", "StockCode": "48187", "Description": "DOORMAT NEW ENGLAND", "Quantity": "1", "InvoiceDate": "03-12-2010 16:02", "UnitPrice": "7.95", "CustomerID": "16725", "Country": "United Kingdom"},
{"InvoiceNo": "537023", "StockCode": "72741", "Description": "GRAND CHOCOLATECANDLE", "Quantity": "2", "InvoiceDate": "03-12-2010 16:02", "UnitPrice": "1.45", "CustomerID": "16725", "Country": "United Kingdom"},
{"InvoiceNo": "537023", "StockCode": "79321", "Description": "CHILLI LIGHTS", "Quantity": "6", "InvoiceDate": "03-12-2010 16:02", "UnitPrice": "4.95", "CustomerID": "16725", "Country": "United Kingdom"},
{"InvoiceNo": "537023", "StockCode": "84836", "Description": "ZINC METAL HEART DECORATION", "Quantity": "2", "InvoiceDate": "03-12-2010 16:02", "UnitPrice": "1.25", "CustomerID": "16725", "Country": "United Kingdom"},
{"InvoiceNo": "537023", "StockCode": "85175", "Description": "CACTI T-LIGHT CANDLES", "Quantity": "32", "InvoiceDate": "03-12-2010 16:02", "UnitPrice": "0.42", "CustomerID": "16725", "Country": "United Kingdom"},
{"InvoiceNo": "537023", "StockCode": "46000R", "Description": "POLYESTER FILLER PAD 45x30cm", "Quantity": "1", "InvoiceDate": "03-12-2010 16:02", "UnitPrice": "1.45", "CustomerID": "16725", "Country": "United Kingdom"},
{"InvoiceNo": "537023", "StockCode": "82494L", "Description": "WOODEN FRAME ANTIQUE WHITE ", "Quantity": "1", "InvoiceDate": "03-12-2010 16:02", "UnitPrice": "2.95", "CustomerID": "16725", "Country": "United Kingdom"}
]