[{"InvoiceNo": "536851", "StockCode": "20682", "Description": "RED RETROSPOT CHILDRENS UMBRELLA", "Quantity": "24", "InvoiceDate": "03-12-2010 9:49", "UnitPrice": "3.25", "CustomerID": "12967", "Country": "United Kingdom"},
{"InvoiceNo": "536851", "StockCode": "20749", "Description": "ASSORTED COLOUR MINI CASES", "Quantity": "12", "InvoiceDate": "03-12-2010 9:49", "UnitPrice": "7.95", "CustomerID": "12967", "Country": "United Kingdom"},
{"InvoiceNo": "536851", "StockCode": "21086", "Description": "SET/6 RED SPOTTY PAPER CUPS", "Quantity": "12", "InvoiceDate": "03-12-2010 9:49", "UnitPrice": "0.65", "CustomerID": "12967", "Country": "United Kingdom"},
{"InvoiceNo": "536851", "StockCode": "21094", "Description": "SET/6 RED SPOTTY PAPER PLATES", "Quantity": "12", "InvoiceDate": "03-12-2010 9:49", "UnitPrice": "0.85", "CustomerID": "12967", "Country": "United Kingdom"},
{"InvoiceNo": "536851", "StockCode": "21428", "Description": "SET3 BOOK BOX GREEN GINGHAM FLOWER ", "Quantity": "8", "InvoiceDate": "03-12-2010 9:49", "UnitPrice": "4.25", "CustomerID": "12967", "Country": "United Kingdom"},
{"InvoiceNo": "536851", "StockCode": "21429", "Description": "RED GINGHAM ROSE JEWELLERY BOX", "Quantity": "56", "InvoiceDate": "03-12-2010 9:49", "UnitPrice": "1.65", "CustomerID": "12967", "Country": "United Kingdom"},
{"InvoiceNo": "536851", "StockCode": "21430", "Description": "SET/3 RED GINGHAM ROSE STORAGE BOX", "Quantity": "48", "InvoiceDate": "03-12-2010 9:49", "UnitPrice": "4.25", "CustomerID": "12967", "Country": "United Kingdom"},
{"InvoiceNo": "536851", "StockCode": "21485", "Description": "RETROSPOT HEART HOT WATER BOTTLE", "Quantity": "6", "InvoiceDate": "03-12-2010 9:49", "UnitPrice": "4.95", "CustomerID": "12967", "Country": "United Kingdom"},
{"InvoiceNo": "536851", "StockCode": "22111", "Description": "SCOTTIE DOG HOT WATER BOTTLE", "Quantity": "36", "InvoiceDate": "03-12-2010 9:49", "UnitPrice": "4.95", "CustomerID": "12967", "Country": "United Kingdom"},
{"InvoiceNo": "536851", "StockCode": "22128", "Description": "PARTY CONES CANDY ASSORTED", "Quantity": "60", "InvoiceDate": "03-12-2010 9:49", "UnitPrice": "1.25", "CustomerID": "12967", "Country": "United Kingdom"},
{"InvoiceNo": "536851", "StockCode": "22180", "Description": "RETROSPOT LAMP", "Quantity": "6", "InvoiceDate": "03-12-2010 9:49", "UnitPrice": "9.95", "CustomerID": "12967", "Country": "United Kingdom"},
{"InvoiceNo": "536851", "StockCode": "22276", "Description": "WASH BAG VINTAGE ROSE PAISLEY", "Quantity": "36", "InvoiceDate": "03-12-2010 9:49", "UnitPrice": "2.55", "CustomerID": "12967", "Country": "United Kingdom"},
{"InvoiceNo": "536851", "StockCode": "22333", "Description": "RETROSPOT PARTY BAG + STICKER SET", "Quantity": "32", "InvoiceDate": "03-12-2010 9:49", "UnitPrice": "1.65", "CustomerID": "12967", "Country": "United Kingdom"},
{"InvoiceNo": "536851", "StockCode": "22503", "Description": "CABIN BAG VINTAGE PAISLEY", "Quantity": "6", "InvoiceDate": "03-12-2010 9:49", "UnitPrice": "29.95", "CustomerID": "12967", "Country": "United Kingdom"},
{"InvoiceNo": "536851", "StockCode": "22504", "Description": "CABIN BAG VINTAGE RETROSPOT", "Quantity": "6", "InvoiceDate": "03-12-2010 9:49", "UnitPrice": "29.95", "CustomerID": "12967", "Country": "United Kingdom"},
{"InvoiceNo": "536861", "StockCode": "21249", "Description": "WOODLAND  HEIGHT CHART STICKERS ", "Quantity": "6", "InvoiceDate": "03-12-2010 10:44", "UnitPrice": "2.95", "CustomerID": "12427", "Country": "Germany"},
{"InvoiceNo": "536861", "StockCode": "21328", "Description": "BALLOONS  WRITING SET ", "Quantity": "12", "InvoiceDate": "03-12-2010 10:44", "UnitPrice": "1.65", "CustomerID": "12427", "Country": "Germany"},
{"InvoiceNo": "536861", "StockCode": "21329", "Description": "DINOSAURS  WRITING SET ", "Quantity": "12", "InvoiceDate": "03-12-2010 10:44", "UnitPrice": "1.65", "CustomerID": "12427", "Country": "Germany"},
{"InvoiceNo": "536861", "StockCode": "22077", "Description": "6 RIBBONS RUSTIC CHARM", "Quantity": "12", "InvoiceDate": "03-12-2010 10:44", "UnitPrice": "1.65", "CustomerID": "12427", "Country": "Germany"},
{"InvoiceNo": "536861", "StockCode": "22149", "Description": "FELTCRAFT 6 FLOWER FRIENDS", "Quantity": "6", "InvoiceDate": "03-12-2010 10:44", "UnitPrice": "2.1", "CustomerID": "12427", "Country": "Germany"},
{"InvoiceNo": "536861", "StockCode": "22300", "Description": "COFFEE MUG DOG + BALL DESIGN", "Quantity": "6", "InvoiceDate": "03-12-2010 10:44", "UnitPrice": "2.55", "CustomerID": "12427", "Country": "Germany"},
{"InvoiceNo": "536861", "StockCode": "22301", "Description": "COFFEE MUG CAT + BIRD DESIGN", "Quantity": "6", "InvoiceDate": "03-12-2010 10:44", "UnitPrice": "2.55", "CustomerID": "12427", "Country": "Germany"},
{"InvoiceNo": "536861", "StockCode": "22634", "Description": "CHILDS BREAKFAST SET SPACEBOY ", "Quantity": "8", "InvoiceDate": "03-12-2010 10:44", "UnitPrice": "8.5", "CustomerID": "12427", "Country": "Germany"},
{"InvoiceNo": "536861", "StockCode": "22636", "Description": "CHILDS BREAKFAST SET CIRCUS PARADE", "Quantity": "8", "InvoiceDate": "03-12-2010 10:44", "UnitPrice": "7.65", "CustomerID": "12427", "Country": "Germany"},
{"InvoiceNo": "536861", "StockCode": "POST", "Description": "POSTAGE", "Quantity": "3", "InvoiceDate": "03-12-2010 10:44", "UnitPrice": "18", "CustomerID": "12427", "Country": "Germany"},
{"InvoiceNo": "536941", "StockCode": "22734", "Description": "amazon", "Quantity": "20", "InvoiceDate": "03-12-2010 12:08", "UnitPrice": "0", "CustomerID": "", "Country": "United Kingdom"},
{"InvoiceNo": "536971", "StockCode": "21232", "Description": "STRAWBERRY CERAMIC TRINKET BOX", "Quantity": "24", "InvoiceDate": "03-12-2010 13:40", "UnitPrice": "1.25", "CustomerID": "12779", "Country": "Poland"},
{"InvoiceNo": "536971", "StockCode": "21700", "Description": "BIG DOUGHNUT FRIDGE MAGNETS", "Quantity": "24", "InvoiceDate": "03-12-2010 13:40", "UnitPrice": "0.85", "CustomerID": "12779", "Country": "Poland"},
{"InvoiceNo": "536971", "StockCode": "21733", "Description": "RED HANGING HEART T-LIGHT HOLDER", "Quantity": "32", "InvoiceDate": "03-12-2010 13:40", "UnitPrice": "2.55", "CustomerID": "12779", "Country": "Poland"},
{"InvoiceNo": "536971", "StockCode": "22844", "Description": "VINTAGE CREAM DOG FOOD CONTAINER", "Quantity": "4", "InvoiceDate": "03-12-2010 13:40", "UnitPrice": "8.5", "CustomerID": "12779", "Country": "Poland"},
{"InvoiceNo": "536971", "StockCode": "22961", "Description": "JAM MAKING SET PRINTED", "Quantity": "12", "InvoiceDate": "03-12-2010 13:40", "UnitPrice": "1.45", "CustomerID": "12779", "Country": "Poland"},
{"InvoiceNo": "536971", "StockCode": "22969", "Description": "HOMEMADE JAM SCENTED CANDLES", "Quantity": "12", "InvoiceDate": "03-12-2010 13:40", "UnitPrice": "1.45", "CustomerID": "12779", "Country": "Poland"},
{"InvoiceNo": "536971", "StockCode": "37446", "Description": "MINI CAKE STAND WITH HANGING CAKES", "Quantity": "8", "InvoiceDate": "03-12-2010 13:40", "UnitPrice": "1.45", "CustomerID": "12779", "Country": "Poland"},
{"InvoiceNo": "536971", "StockCode": "37448", "Description": "CERAMIC CAKE DESIGN SPOTTED MUG", "Quantity": "24", "InvoiceDate": "03-12-2010 13:40", "UnitPrice": "1.49", "CustomerID": "12779", "Country": "Poland"},
{"InvoiceNo": "536981", "StockCode": "20967", "Description": "GREY FLORAL FELTCRAFT SHOULDER BAG", "Quantity": "1", "InvoiceDate": "03-12-2010 14:26", "UnitPrice": "3.75", "CustomerID": "14723", "Country": "United Kingdom"},
{"InvoiceNo": "536981", "StockCode": "20967", "Description": "GREY FLORAL FELTCRAFT SHOULDER BAG", "Quantity": "1", "InvoiceDate": "03-12-2010 14:26", "UnitPrice": "3.75", "CustomerID": "14723", "Country": "United Kingdom"},
{"InvoiceNo": "536981", "StockCode": "20969", "Description": "RED FLORAL FELTCRAFT SHOULDER BAG", "Quantity": "1", "InvoiceDate": "03-12-2010 14:26", "UnitPrice": "3.75", "CustomerID": "14723", "Country": "United Kingdom"},
{"InvoiceNo": "536981", "StockCode": "20970", "Description": "PINK FLORAL FELTCRAFT SHOULDER BAG", "Quantity": "1", "InvoiceDate": "03-12-2010 14:26", "UnitPrice": "3.75", "CustomerID": "14723", "Country": "United Kingdom"},
{"InvoiceNo": "536981", "StockCode": "20972", "Description": "PINK CREAM FELT CRAFT TRINKET BOX ", "Quantity": "3", "InvoiceDate": "03-12-2010 14:26", "UnitPrice": "1.25", "CustomerID": "14723", "Country": "United Kingdom"},
{"InvoiceNo": "536981", "StockCode": "21169", "Description": "YOU'RE CONFUSING ME METAL SIGN ", "Quantity": "1", "InvoiceDate": "03-12-2010 14:26", "UnitPrice": "1.69", "CustomerID": "14723", "Country": "United Kingdom"},
{"InvoiceNo": "536981", "StockCode": "21592", "Description": "RETROSPOT CIGAR BOX MATCHES ", "Quantity": "2", "InvoiceDate": "03-12-2010 14:26", "UnitPrice": "1.25", "CustomerID": "14723", "Country": "United Kingdom"},
{"InvoiceNo": "536981", "StockCode": "21623", "Description": "VINTAGE UNION JACK MEMOBOARD", "Quantity": "1", "InvoiceDate": "03-12-2010 14:26", "UnitPrice": "9.95", "CustomerID": "14723", "Country": "United Kingdom"},
{"InvoiceNo": "536981", "StockCode": "21820", "Description": "GLITTER HEART GARLAND WITH BELLS ", "Quantity": "2", "InvoiceDate": "03-12-2010 14:26", "UnitPrice": "3.75", "CustomerID": "14723", "Country": "United Kingdom"},
{"InvoiceNo": "536981", "StockCode": "21930", "Description": "JUMBO STORAGE BAG SKULLS", "Quantity": "2", "InvoiceDate": "03-12-2010 14:26", "UnitPrice": "1.95", "CustomerID": "14723", "Country": "United Kingdom"},
{"InvoiceNo": "536981", "StockCode": "21982", "Description": "PACK OF 12 SUKI TISSUES ", "Quantity": "1", "InvoiceDate": "03-12-2010 14:26", "UnitPrice": "0.29", "CustomerID": "14723", "Country": "United Kingdom"},
{"InvoiceNo": "536981", "StockCode": "22095", "Description": "LADS ONLY TISSUE BOX", "Quantity": "1", "InvoiceDate": "03-12-2010 14:26", "UnitPrice": "1.25", "CustomerID": "14723", "Country": "United Kingdom"},
{"InvoiceNo": "536981", "StockCode": "22130", "Description": "PARTY CONE CHRISTMAS DECORATION ", "Quantity": "6", "InvoiceDate": "03-12-2010 14:26", "UnitPrice": "0.85", "CustomerID": "14723", "Country": "United Kingdom"},
{"InvoiceNo": "536981", "StockCode": "22154", "Description": "ANGEL DECORATION 3 BUTTONS ", "Quantity": "3", "InvoiceDate": "03-12-2010 14:26", "UnitPrice": "0.42", "CustomerID": "14723", "Country": "United Kingdom"},
{"InvoiceNo": "536981", "StockCode": "22158", "Description": "3 HEARTS HANGING DECORATION RUSTIC", "Quantity": "1", "InvoiceDate": "03-12-2010 14:26", "UnitPrice": "2.95", "CustomerID": "14723", "Country": "United Kingdom"},
{"InvoiceNo": "536981", "StockCode": "22222", "Description": "CAKE PLATE LOVEBIRD WHITE", "Quantity": "1", "InvoiceDate": "03-12-2010 14:26", "UnitPrice": "4.95", "CustomerID": "14723", "Country": "United Kingdom"},
{"InvoiceNo": "536981", "StockCode": "22411", "Description": "JUMBO SHOPPER VINTAGE RED PAISLEY", "Quantity": "1", "InvoiceDate": "03-12-2010 14:26", "UnitPrice": "1.95", "CustomerID": "14723", "Country": "United Kingdom"},
{"InvoiceNo": "536981", "StockCode": "22411", "Description": "JUMBO SHOPPER VINTAGE RED PAISLEY", "Quantity": "2", "InvoiceDate": "03-12-2010 14:26", "UnitPrice": "1.95", "CustomerID": "14723", "Country": "United Kingdom"},
{"InvoiceNo": "536981", "StockCode": "22810", "Description": "SET OF 6 T-LIGHTS SNOWMEN", "Quantity": "2", "InvoiceDate": "03-12-2010 14:26", "UnitPrice": "2.95", "CustomerID": "14723", "Country": "United Kingdom"},
{"InvoiceNo": "536981", "StockCode": "48138", "Description": "DOORMAT UNION FLAG", "Quantity": "1", "InvoiceDate": "03-12-2010 14:26", "UnitPrice": "7.95", "CustomerID": "14723", "Country": "United Kingdom"},
{"InvoiceNo": "536981", "StockCode": "84029G", "Description": "KNITTED UNION FLAG HOT WATER BOTTLE", "Quantity": "1", "InvoiceDate": "03-12-2010 14:26", "UnitPrice": "3.75", "CustomerID": "14723", "Country": "United Kingdom"},
{"InvoiceNo": "536981", "StockCode": "85136A", "Description": "YELLOW SHARK HELICOPTER", "Quantity": "1", "InvoiceDate": "03-12-2010 14:26", "UnitPrice": "7.95", "CustomerID": "14723", "Country": "United Kingdom"},
{"InvoiceNo": "536981", "StockCode": "85136C", "Description": "RED SHARK HELICOPTER", "Quantity": "1", "InvoiceDate": "03-12-2010 14:26", "UnitPrice": "7.95", "CustomerID": "14723", "Country": "United Kingdom"},
{"InvoiceNo": "536981", "StockCode": "M", "Description": "Manual", "Quantity": "2", "InvoiceDate": "03-12-2010 14:26", "UnitPrice": "0.85", "CustomerID": "14723", "Country": "United Kingdom"},
{"InvoiceNo": "536991", "StockCode": "22335", "Description": "HEART DECORATION PAINTED ZINC ", "Quantity": "5", "InvoiceDate": "03-12-2010 15:16", "UnitPrice": "0.65", "CustomerID": "", "Country": "United Kingdom"},
{"InvoiceNo": "536991", "StockCode": "22337", "Description": "ANGEL DECORATION PAINTED ZINC ", "Quantity": "4", "InvoiceDate": "03-12-2010 15:16", "UnitPrice": "0.65", "CustomerID": "", "Country": "United Kingdom"},
{"InvoiceNo": "536991", "StockCode": "22338", "Description": "STAR DECORATION PAINTED ZINC ", "Quantity": "4", "InvoiceDate": "03-12-2010 15:16", "UnitPrice": "0.65", "CustomerID": "", "Country": "United Kingdom"},
{"InvoiceNo": "536991", "StockCode": "22339", "Description": "CHRISTMAS TREE PAINTED ZINC ", "Quantity": "3", "InvoiceDate": "03-12-2010 15:16", "UnitPrice": "0.65", "CustomerID": "", "Country": "United Kingdom"},
{"InvoiceNo": "536991", "StockCode": "22572", "Description": "ROCKING HORSE GREEN CHRISTMAS ", "Quantity": "4", "InvoiceDate": "03-12-2010 15:16", "UnitPrice": "0.85", "CustomerID": "", "Country": "United Kingdom"},
{"InvoiceNo": "536991", "StockCode": "22573", "Description": "STAR WOODEN CHRISTMAS DECORATION", "Quantity": "6", "InvoiceDate": "03-12-2010 15:16", "UnitPrice": "0.85", "CustomerID": "", "Country": "United Kingdom"},
{"InvoiceNo": "536991", "StockCode": "22791", "Description": "T-LIGHT GLASS FLUTED ANTIQUE", "Quantity": "2", "InvoiceDate": "03-12-2010 15:16", "UnitPrice": "1.25", "CustomerID": "", "Country": "United Kingdom"},
{"InvoiceNo": "536991", "StockCode": "84836", "Description": "ZINC METAL HEART DECORATION", "Quantity": "4", "InvoiceDate": "03-12-2010 15:16", "UnitPrice": "1.25", "CustomerID": "", "Country": "United Kingdom"},
{"InvoiceNo": "537001", "StockCode": "21653", "Description": "", "Quantity": "-6", "InvoiceDate": "03-12-2010 15:33", "UnitPrice": "0", "CustomerID": "", "Country": "United Kingdom"},
{"InvoiceNo": "537011", "StockCode": "22139", "Description": "", "Quantity": "-5", "InvoiceDate": "03-12-2010 15:38", "UnitPrice": "0", "CustomerID": "", "Country": "United Kingdom"},
{"InvoiceNo": "537021", "StockCode": "21011", "Description": "", "Quantity": "-20", "InvoiceDate": "03-12-2010 15:43", "UnitPrice": "0", "CustomerID": "", "Country": "United Kingdom"},
{"InvoiceNo": "537031", "StockCode": "22771", "Description": "CLEAR DRAWER KNOB ACRYLIC EDWARDIAN", "Quantity": "24", "InvoiceDate": "03-12-2010 16:45", "UnitPrice": "1.25", "CustomerID": "16455", "Country": "United Kingdom"},
{"InvoiceNo": "537031", "StockCode": "22772", "Description": "PINK DRAWER KNOB ACRYLIC EDWARDIAN", "Quantity": "12", "InvoiceDate": "03-12-2010 16:45", "UnitPrice": "1.25", "CustomerID": "16455", "Country": "United Kingdom"},
{"InvoiceNo": "537031", "StockCode": "22773", "Description": "GREEN DRAWER KNOB ACRYLIC EDWARDIAN", "Quantity": "12", "InvoiceDate": "03-12-2010 16:45", "UnitPrice": "1.25", "CustomerID": "16455", "Country": "United Kingdom"},
{"InvoiceNo": "537031", "StockCode": "22774", "Description": "RED DRAWER KNOB ACRYLIC EDWARDIAN", "Quantity": "24", "InvoiceDate": "03-12-2010 16:45", "UnitPrice": "1.25", "CustomerID": "16455", "Country": "United Kingdom"},
{"InvoiceNo": "537031", "StockCode": "22775", "Description": "PURPLE DRAWERKNOB ACRYLIC EDWARDIAN", "Quantity": "24", "InvoiceDate": "03-12-2010 16:45", "UnitPrice": "1.25", "CustomerID": "16455", "Country": "United Kingdom"},
{"InvoiceNo": "537031", "StockCode": "22805", "Description": "BLUE DRAWER KNOB ACRYLIC EDWARDIAN", "Quantity": "12", "InvoiceDate": "03-12-2010 16:45", "UnitPrice": "1.25", "CustomerID": "16455", "Country": "United Kingdom"}
]