[{"InvoiceNo": "536847", "StockCode": "20956", "Description": "PORCELAIN T-LIGHT HOLDERS ASSORTED", "Quantity": "12", "InvoiceDate": "03-12-2010 9:31", "UnitPrice": "1.25", "CustomerID": "17135", "Country": "United Kingdom"},
{"InvoiceNo": "536847", "StockCode": "21231", "Description": "SWEETHEART CERAMIC TRINKET BOX", "Quantity": "24", "InvoiceDate": "03-12-2010 9:31", "UnitPrice": "1.25", "CustomerID": "17135", "Country": "United Kingdom"},
{"InvoiceNo": "536847", "StockCode": "21232", "Description": "STRAWBERRY CERAMIC TRINKET BOX", "Quantity": "24", "InvoiceDate": "03-12-2010 9:31", "UnitPrice": "1.25", "CustomerID": "17135", "Country": "United Kingdom"},
{"InvoiceNo": "536847", "StockCode": "21807", "Description": "WHITE CHRISTMAS STAR DECORATION", "Quantity": "36", "InvoiceDate": "03-12-2010 9:31", "UnitPrice": "0.42", "CustomerID": "17135", "Country": "United Kingdom"},
{"InvoiceNo": "536847", "StockCode": "22065", "Description": "CHRISTMAS PUDDING TRINKET POT ", "Quantity": "24", "InvoiceDate": "03-12-2010 9:31", "UnitPrice": "1.45", "CustomerID": "17135", "Country": "United Kingdom"},
{"InvoiceNo": "536847", "StockCode": "22067", "Description": "CHOC TRUFFLE GOLD TRINKET POT ", "Quantity": "24", "InvoiceDate": "03-12-2010 9:31", "UnitPrice": "1.65", "CustomerID": "17135", "Country": "United Kingdom"},
{"InvoiceNo": "536847", "StockCode": "22155", "Description": "STAR DECORATION RUSTIC", "Quantity": "48", "InvoiceDate": "03-12-2010 9:31", "UnitPrice": "0.42", "CustomerID": "17135", "Country": "United Kingdom"},
{"InvoiceNo": "536847", "StockCode": "22161", "Description": "HEART DECORATION RUSTIC HANGING ", "Quantity": "24", "InvoiceDate": "03-12-2010 9:31", "UnitPrice": "0.65", "CustomerID": "17135", "Country": "United Kingdom"},
{"InvoiceNo": "536847", "StockCode": "84347", "Description": "ROTATING SILVER ANGELS T-LIGHT HLDR", "Quantity": "6", "InvoiceDate": "03-12-2010 9:31", "UnitPrice": "2.55", "CustomerID": "17135", "Country": "United Kingdom"},
{"InvoiceNo": "536857", "StockCode": "21730", "Description": "GLASS STAR FROSTED T-LIGHT HOLDER", "Quantity": "3", "InvoiceDate": "03-12-2010 10:33", "UnitPrice": "4.95", "CustomerID": "16883", "Country": "United Kingdom"},
{"InvoiceNo": "536857", "StockCode": "21870", "Description": "I CAN ONLY PLEASE ONE PERSON MUG", "Quantity": "6", "InvoiceDate": "03-12-2010 10:33", "UnitPrice": "1.25", "CustomerID": "16883", "Country": "United Kingdom"},
{"InvoiceNo": "536857", "StockCode": "22078", "Description": "RIBBON REEL LACE DESIGN ", "Quantity": "3", "InvoiceDate": "03-12-2010 10:33", "UnitPrice": "2.1", "CustomerID": "16883", "Country": "United Kingdom"},
{"InvoiceNo": "536857", "StockCode": "22507", "Description": "MEMO BOARD RETROSPOT  DESIGN", "Quantity": "1", "InvoiceDate": "03-12-2010 10:33", "UnitPrice": "4.95", "CustomerID": "16883", "Country": "United Kingdom"},
{"InvoiceNo": "536857", "StockCode": "22558", "Description": "CLOTHES PEGS RETROSPOT PACK 24 ", "Quantity": "2", "InvoiceDate": "03-12-2010 10:33", "UnitPrice": "1.49", "CustomerID": "16883", "Country": "United Kingdom"},
{"InvoiceNo": "536857", "StockCode": "22802", "Description": "FAUX FUR CHOCOLATE THROW", "Quantity": "1", "InvoiceDate": "03-12-2010 10:33", "UnitPrice": "19.95", "CustomerID": "16883", "Country": "United Kingdom"},
{"InvoiceNo": "536857", "StockCode": "22804", "Description": "CANDLEHOLDER PINK HANGING HEART", "Quantity": "2", "InvoiceDate": "03-12-2010 10:33", "UnitPrice": "2.95", "CustomerID": "16883", "Country": "United Kingdom"},
{"InvoiceNo": "536857", "StockCode": "22900", "Description": " SET 2 TEA TOWELS I LOVE LONDON ", "Quantity": "5", "InvoiceDate": "03-12-2010 10:33", "UnitPrice": "2.95", "CustomerID": "16883", "Country": "United Kingdom"},
{"InvoiceNo": "536857", "StockCode": "37449", "Description": "CERAMIC CAKE STAND + HANGING CAKES", "Quantity": "1", "InvoiceDate": "03-12-2010 10:33", "UnitPrice": "9.95", "CustomerID": "16883", "Country": "United Kingdom"},
{"InvoiceNo": "536857", "StockCode": "85049B", "Description": "LUSH GREENS RIBBONS", "Quantity": "4", "InvoiceDate": "03-12-2010 10:33", "UnitPrice": "1.25", "CustomerID": "16883", "Country": "United Kingdom"},
{"InvoiceNo": "536857", "StockCode": "85049C", "Description": "ROMANTIC PINKS RIBBONS ", "Quantity": "4", "InvoiceDate": "03-12-2010 10:33", "UnitPrice": "1.25", "CustomerID": "16883", "Country": "United Kingdom"},
{"InvoiceNo": "536857", "StockCode": "85049D", "Description": "BRIGHT BLUES RIBBONS ", "Quantity": "5", "InvoiceDate": "03-12-2010 10:33", "UnitPrice": "1.25", "CustomerID": "16883", "Country": "United Kingdom"},
{"InvoiceNo": "536857", "StockCode": "85049E", "Description": "SCANDINAVIAN REDS RIBBONS", "Quantity": "3", "InvoiceDate": "03-12-2010 10:33", "UnitPrice": "1.25", "CustomerID": "16883", "Country": "United Kingdom"},
{"InvoiceNo": "536857", "StockCode": "85049F", "Description": "BABY BOOM RIBBONS ", "Quantity": "5", "InvoiceDate": "03-12-2010 10:33", "UnitPrice": "1.25", "CustomerID": "16883", "Country": "United Kingdom"},
{"InvoiceNo": "536857", "StockCode": "85049G", "Description": "CHOCOLATE BOX RIBBONS ", "Quantity": "4", "InvoiceDate": "03-12-2010 10:33", "UnitPrice": "1.25", "CustomerID": "16883", "Country": "United Kingdom"},
{"InvoiceNo": "536857", "StockCode": "85049H", "Description": "URBAN BLACK RIBBONS ", "Quantity": "3", "InvoiceDate": "03-12-2010 10:33", "UnitPrice": "1.25", "CustomerID": "16883", "Country": "United Kingdom"},
{"InvoiceNo": "536857", "StockCode": "85123A", "Description": "WHITE HANGING HEART T-LIGHT HOLDER", "Quantity": "2", "InvoiceDate": "03-12-2010 10:33", "UnitPrice": "2.95", "CustomerID": "16883", "Country": "United Kingdom"},
{"InvoiceNo": "536947", "StockCode": "20665", "Description": "RED RETROSPOT PURSE ", "Quantity": "6", "InvoiceDate": "03-12-2010 12:29", "UnitPrice": "2.95", "CustomerID": "13013", "Country": "United Kingdom"},
{"InvoiceNo": "536947", "StockCode": "20983", "Description": "12 PENCILS TALL TUBE RED RETROSPOT", "Quantity": "12", "InvoiceDate": "03-12-2010 12:29", "UnitPrice": "0.85", "CustomerID": "13013", "Country": "United Kingdom"},
{"InvoiceNo": "536947", "StockCode": "21035", "Description": "SET/2 RED RETROSPOT TEA TOWELS ", "Quantity": "6", "InvoiceDate": "03-12-2010 12:29", "UnitPrice": "2.95", "CustomerID": "13013", "Country": "United Kingdom"},
{"InvoiceNo": "536947", "StockCode": "21080", "Description": "SET/20 RED RETROSPOT PAPER NAPKINS ", "Quantity": "12", "InvoiceDate": "03-12-2010 12:29", "UnitPrice": "0.85", "CustomerID": "13013", "Country": "United Kingdom"},
{"InvoiceNo": "536947", "StockCode": "21086", "Description": "SET/6 RED SPOTTY PAPER CUPS", "Quantity": "12", "InvoiceDate": "03-12-2010 12:29", "UnitPrice": "0.65", "CustomerID": "13013", "Country": "United Kingdom"},
{"InvoiceNo": "536947", "StockCode": "21094", "Description": "SET/6 RED SPOTTY PAPER PLATES", "Quantity": "12", "InvoiceDate": "03-12-2010 12:29", "UnitPrice": "0.85", "CustomerID": "13013", "Country": "United Kingdom"},
{"InvoiceNo": "536947", "StockCode": "21098", "Description": "CHRISTMAS TOILET ROLL", "Quantity": "12", "InvoiceDate": "03-12-2010 12:29", "UnitPrice": "1.25", "CustomerID": "13013", "Country": "United Kingdom"},
{"InvoiceNo": "536947", "StockCode": "21121", "Description": "SET/10 RED POLKADOT PARTY CANDLES", "Quantity": "24", "InvoiceDate": "03-12-2010 12:29", "UnitPrice": "1.25", "CustomerID": "13013", "Country": "United Kingdom"},
{"InvoiceNo": "536947", "StockCode": "21154", "Description": "RED RETROSPOT OVEN GLOVE ", "Quantity": "10", "InvoiceDate": "03-12-2010 12:29", "UnitPrice": "1.25", "CustomerID": "13013", "Country": "United Kingdom"},
{"InvoiceNo": "536947", "StockCode": "21155", "Description": "RED RETROSPOT PEG BAG", "Quantity": "6", "InvoiceDate": "03-12-2010 12:29", "UnitPrice": "2.1", "CustomerID": "13013", "Country": "United Kingdom"},
{"InvoiceNo": "536947", "StockCode": "21210", "Description": "SET OF 72 RETROSPOT PAPER  DOILIES", "Quantity": "12", "InvoiceDate": "03-12-2010 12:29", "UnitPrice": "1.45", "CustomerID": "13013", "Country": "United Kingdom"},
{"InvoiceNo": "536947", "StockCode": "21212", "Description": "PACK OF 72 RETROSPOT CAKE CASES", "Quantity": "24", "InvoiceDate": "03-12-2010 12:29", "UnitPrice": "0.55", "CustomerID": "13013", "Country": "United Kingdom"},
{"InvoiceNo": "536947", "StockCode": "21216", "Description": "SET 3 RETROSPOT TEA,COFFEE,SUGAR", "Quantity": "4", "InvoiceDate": "03-12-2010 12:29", "UnitPrice": "4.95", "CustomerID": "13013", "Country": "United Kingdom"},
{"InvoiceNo": "536947", "StockCode": "21217", "Description": "RED RETROSPOT ROUND CAKE TINS", "Quantity": "3", "InvoiceDate": "03-12-2010 12:29", "UnitPrice": "9.95", "CustomerID": "13013", "Country": "United Kingdom"},
{"InvoiceNo": "536947", "StockCode": "21527", "Description": "RED RETROSPOT TRADITIONAL TEAPOT ", "Quantity": "2", "InvoiceDate": "03-12-2010 12:29", "UnitPrice": "7.95", "CustomerID": "13013", "Country": "United Kingdom"},
{"InvoiceNo": "536947", "StockCode": "21531", "Description": "RED RETROSPOT SUGAR JAM BOWL", "Quantity": "6", "InvoiceDate": "03-12-2010 12:29", "UnitPrice": "2.55", "CustomerID": "13013", "Country": "United Kingdom"},
{"InvoiceNo": "536947", "StockCode": "21539", "Description": "RED RETROSPOT BUTTER DISH", "Quantity": "3", "InvoiceDate": "03-12-2010 12:29", "UnitPrice": "4.95", "CustomerID": "13013", "Country": "United Kingdom"},
{"InvoiceNo": "536947", "StockCode": "21592", "Description": "RETROSPOT CIGAR BOX MATCHES ", "Quantity": "24", "InvoiceDate": "03-12-2010 12:29", "UnitPrice": "1.25", "CustomerID": "13013", "Country": "United Kingdom"},
{"InvoiceNo": "536947", "StockCode": "21843", "Description": "RED RETROSPOT CAKE STAND", "Quantity": "4", "InvoiceDate": "03-12-2010 12:29", "UnitPrice": "10.95", "CustomerID": "13013", "Country": "United Kingdom"},
{"InvoiceNo": "536947", "StockCode": "21844", "Description": "RED RETROSPOT MUG", "Quantity": "6", "InvoiceDate": "03-12-2010 12:29", "UnitPrice": "2.95", "CustomerID": "13013", "Country": "United Kingdom"},
{"InvoiceNo": "536947", "StockCode": "22041", "Description": "RECORD FRAME 7\" SINGLE SIZE ", "Quantity": "12", "InvoiceDate": "03-12-2010 12:29", "UnitPrice": "2.55", "CustomerID": "13013", "Country": "United Kingdom"},
{"InvoiceNo": "536947", "StockCode": "22072", "Description": "RED RETROSPOT TEA CUP AND SAUCER ", "Quantity": "4", "InvoiceDate": "03-12-2010 12:29", "UnitPrice": "3.75", "CustomerID": "13013", "Country": "United Kingdom"},
{"InvoiceNo": "536947", "StockCode": "22333", "Description": "RETROSPOT PARTY BAG + STICKER SET", "Quantity": "8", "InvoiceDate": "03-12-2010 12:29", "UnitPrice": "1.65", "CustomerID": "13013", "Country": "United Kingdom"},
{"InvoiceNo": "536947", "StockCode": "22423", "Description": "REGENCY CAKESTAND 3 TIER", "Quantity": "3", "InvoiceDate": "03-12-2010 12:29", "UnitPrice": "12.75", "CustomerID": "13013", "Country": "United Kingdom"},
{"InvoiceNo": "536947", "StockCode": "22468", "Description": "BABUSHKA LIGHTS STRING OF 10", "Quantity": "4", "InvoiceDate": "03-12-2010 12:29", "UnitPrice": "6.75", "CustomerID": "13013", "Country": "United Kingdom"},
{"InvoiceNo": "536947", "StockCode": "22558", "Description": "CLOTHES PEGS RETROSPOT PACK 24 ", "Quantity": "12", "InvoiceDate": "03-12-2010 12:29", "UnitPrice": "1.49", "CustomerID": "13013", "Country": "United Kingdom"},
{"InvoiceNo": "536947", "StockCode": "22567", "Description": "20 DOLLY PEGS RETROSPOT", "Quantity": "12", "InvoiceDate": "03-12-2010 12:29", "UnitPrice": "1.25", "CustomerID": "13013", "Country": "United Kingdom"},
{"InvoiceNo": "536947", "StockCode": "22740", "Description": "POLKADOT PEN", "Quantity": "48", "InvoiceDate": "03-12-2010 12:29", "UnitPrice": "0.85", "CustomerID": "13013", "Country": "United Kingdom"},
{"InvoiceNo": "536947", "StockCode": "22754", "Description": "SMALL RED BABUSHKA NOTEBOOK ", "Quantity": "12", "InvoiceDate": "03-12-2010 12:29", "UnitPrice": "0.85", "CustomerID": "13013", "Country": "United Kingdom"},
{"InvoiceNo": "536947", "StockCode": "37343", "Description": "POLKADOT MUG PINK ", "Quantity": "6", "InvoiceDate": "03-12-2010 12:29", "UnitPrice": "1.65", "CustomerID": "13013", "Country": "United Kingdom"},
{"InvoiceNo": "536947", "StockCode": "84692", "Description": "BOX OF 24 COCKTAIL PARASOLS", "Quantity": "25", "InvoiceDate": "03-12-2010 12:29", "UnitPrice": "0.42", "CustomerID": "13013", "Country": "United Kingdom"},
{"InvoiceNo": "536947", "StockCode": "84991", "Description": "60 TEATIME FAIRY CAKE CASES", "Quantity": "24", "InvoiceDate": "03-12-2010 12:29", "UnitPrice": "0.55", "CustomerID": "13013", "Country": "United Kingdom"},
{"InvoiceNo": "536947", "StockCode": "35004C", "Description": "SET OF 3 COLOURED  FLYING DUCKS", "Quantity": "3", "InvoiceDate": "03-12-2010 12:29", "UnitPrice": "5.45", "CustomerID": "13013", "Country": "United Kingdom"},
{"InvoiceNo": "536947", "StockCode": "84030E", "Description": "ENGLISH ROSE HOT WATER BOTTLE", "Quantity": "4", "InvoiceDate": "03-12-2010 12:29", "UnitPrice": "4.25", "CustomerID": "13013", "Country": "United Kingdom"},
{"InvoiceNo": "536947", "StockCode": "84510A", "Description": "SET OF 4 ENGLISH ROSE COASTERS", "Quantity": "10", "InvoiceDate": "03-12-2010 12:29", "UnitPrice": "1.25", "CustomerID": "13013", "Country": "United Kingdom"},
{"InvoiceNo": "536947", "StockCode": "84520B", "Description": "PACK 20 ENGLISH ROSE PAPER NAPKINS", "Quantity": "12", "InvoiceDate": "03-12-2010 12:29", "UnitPrice": "0.85", "CustomerID": "13013", "Country": "United Kingdom"},
{"InvoiceNo": "536947", "StockCode": "84534B", "Description": "FAIRY CAKE NOTEBOOK A5 SIZE", "Quantity": "24", "InvoiceDate": "03-12-2010 12:29", "UnitPrice": "0.85", "CustomerID": "13013", "Country": "United Kingdom"},
{"InvoiceNo": "536947", "StockCode": "84536A", "Description": "ENGLISH ROSE NOTEBOOK A7 SIZE", "Quantity": "16", "InvoiceDate": "03-12-2010 12:29", "UnitPrice": "0.42", "CustomerID": "13013", "Country": "United Kingdom"},
{"InvoiceNo": "536957", "StockCode": "21523", "Description": "DOORMAT FANCY FONT HOME SWEET HOME", "Quantity": "6", "InvoiceDate": "03-12-2010 12:43", "UnitPrice": "7.95", "CustomerID": "17809", "Country": "United Kingdom"},
{"InvoiceNo": "536957", "StockCode": "22568", "Description": "FELTCRAFT CUSHION OWL", "Quantity": "12", "InvoiceDate": "03-12-2010 12:43", "UnitPrice": "3.75", "CustomerID": "17809", "Country": "United Kingdom"},
{"InvoiceNo": "536957", "StockCode": "22569", "Description": "FELTCRAFT CUSHION BUTTERFLY", "Quantity": "12", "InvoiceDate": "03-12-2010 12:43", "UnitPrice": "3.75", "CustomerID": "17809", "Country": "United Kingdom"},
{"InvoiceNo": "536957", "StockCode": "22585", "Description": "PACK OF 6 BIRDY GIFT TAGS", "Quantity": "24", "InvoiceDate": "03-12-2010 12:43", "UnitPrice": "1.25", "CustomerID": "17809", "Country": "United Kingdom"},
{"InvoiceNo": "536957", "StockCode": "22617", "Description": "BAKING SET SPACEBOY DESIGN", "Quantity": "12", "InvoiceDate": "03-12-2010 12:43", "UnitPrice": "4.95", "CustomerID": "17809", "Country": "United Kingdom"},
{"InvoiceNo": "536957", "StockCode": "22624", "Description": "IVORY KITCHEN SCALES", "Quantity": "24", "InvoiceDate": "03-12-2010 12:43", "UnitPrice": "7.65", "CustomerID": "17809", "Country": "United Kingdom"},
{"InvoiceNo": "536957", "StockCode": "22652", "Description": "TRAVEL SEWING KIT", "Quantity": "24", "InvoiceDate": "03-12-2010 12:43", "UnitPrice": "1.65", "CustomerID": "17809", "Country": "United Kingdom"},
{"InvoiceNo": "536957", "StockCode": "22749", "Description": "FELTCRAFT PRINCESS CHARLOTTE DOLL", "Quantity": "18", "InvoiceDate": "03-12-2010 12:43", "UnitPrice": "3.75", "CustomerID": "17809", "Country": "United Kingdom"},
{"InvoiceNo": "536957", "StockCode": "22909", "Description": "SET OF 20 VINTAGE CHRISTMAS NAPKINS", "Quantity": "24", "InvoiceDate": "03-12-2010 12:43", "UnitPrice": "0.85", "CustomerID": "17809", "Country": "United Kingdom"},
{"InvoiceNo": "536957", "StockCode": "22910", "Description": "PAPER CHAIN KIT VINTAGE CHRISTMAS", "Quantity": "24", "InvoiceDate": "03-12-2010 12:43", "UnitPrice": "2.95", "CustomerID": "17809", "Country": "United Kingdom"},
{"InvoiceNo": "536957", "StockCode": "22940", "Description": "FELTCRAFT CHRISTMAS FAIRY", "Quantity": "18", "InvoiceDate": "03-12-2010 12:43", "UnitPrice": "4.25", "CustomerID": "17809", "Country": "United Kingdom"},
{"InvoiceNo": "536957", "StockCode": "84032A", "Description": "CHARLIE+LOLA PINK HOT WATER BOTTLE", "Quantity": "18", "InvoiceDate": "03-12-2010 12:43", "UnitPrice": "2.95", "CustomerID": "17809", "Country": "United Kingdom"},
{"InvoiceNo": "536957", "StockCode": "84032B", "Description": "CHARLIE + LOLA RED HOT WATER BOTTLE", "Quantity": "18", "InvoiceDate": "03-12-2010 12:43", "UnitPrice": "2.95", "CustomerID": "17809", "Country": "United Kingdom"},
{"InvoiceNo": "536967", "StockCode": "85099B", "Description": "JUMBO BAG RED RETROSPOT", "Quantity": "30", "InvoiceDate": "03-12-2010 12:57", "UnitPrice": "1.95", "CustomerID": "12600", "Country": "Germany"},
{"InvoiceNo": "536967", "StockCode": "POST", "Description": "POSTAGE", "Quantity": "1", "InvoiceDate": "03-12-2010 12:57", "UnitPrice": "18", "CustomerID": "12600", "Country": "Germany"},
{"InvoiceNo": "536977", "StockCode": "21080", "Description": "SET/20 RED RETROSPOT PAPER NAPKINS ", "Quantity": "7", "InvoiceDate": "03-12-2010 14:18", "UnitPrice": "0.85", "CustomerID": "17954", "Country": "United Kingdom"},
{"InvoiceNo": "536977", "StockCode": "21086", "Description": "SET/6 RED SPOTTY PAPER CUPS", "Quantity": "10", "InvoiceDate": "03-12-2010 14:18", "UnitPrice": "0.65", "CustomerID": "17954", "Country": "United Kingdom"},
{"InvoiceNo": "536977", "StockCode": "21094", "Description": "SET/6 RED SPOTTY PAPER PLATES", "Quantity": "10", "InvoiceDate": "03-12-2010 14:18", "UnitPrice": "0.85", "CustomerID": "17954", "Country": "United Kingdom"},
{"InvoiceNo": "536977", "StockCode": "21481", "Description": "FAWN BLUE HOT WATER BOTTLE", "Quantity": "1", "InvoiceDate": "03-12-2010 14:18", "UnitPrice": "2.95", "CustomerID": "17954", "Country": "United Kingdom"},
{"InvoiceNo": "536977", "StockCode": "21974", "Description": "SET OF 36 PAISLEY FLOWER DOILIES", "Quantity": "2", "InvoiceDate": "03-12-2010 14:18", "UnitPrice": "1.45", "CustomerID": "17954", "Country": "United Kingdom"},
{"InvoiceNo": "536977", "StockCode": "22131", "Description": "FOOD CONTAINER SET 3 LOVE HEART ", "Quantity": "2", "InvoiceDate": "03-12-2010 14:18", "UnitPrice": "1.95", "CustomerID": "17954", "Country": "United Kingdom"},
{"InvoiceNo": "536977", "StockCode": "22137", "Description": "BATHROOM SET LOVE HEART DESIGN", "Quantity": "1", "InvoiceDate": "03-12-2010 14:18", "UnitPrice": "2.95", "CustomerID": "17954", "Country": "United Kingdom"},
{"InvoiceNo": "536977", "StockCode": "22558", "Description": "CLOTHES PEGS RETROSPOT PACK 24 ", "Quantity": "2", "InvoiceDate": "03-12-2010 14:18", "UnitPrice": "1.49", "CustomerID": "17954", "Country": "United Kingdom"},
{"InvoiceNo": "536977", "StockCode": "22696", "Description": "WICKER WREATH LARGE", "Quantity": "3", "InvoiceDate": "03-12-2010 14:18", "UnitPrice": "1.95", "CustomerID": "17954", "Country": "United Kingdom"},
{"InvoiceNo": "536977", "StockCode": "22837", "Description": "HOT WATER BOTTLE BABUSHKA ", "Quantity": "2", "InvoiceDate": "03-12-2010 14:18", "UnitPrice": "4.65", "CustomerID": "17954", "Country": "United Kingdom"},
{"InvoiceNo": "536977", "StockCode": "22910", "Description": "PAPER CHAIN KIT VINTAGE CHRISTMAS", "Quantity": "10", "InvoiceDate": "03-12-2010 14:18", "UnitPrice": "2.95", "CustomerID": "17954", "Country": "United Kingdom"},
{"InvoiceNo": "536977", "StockCode": "22952", "Description": "60 CAKE CASES VINTAGE CHRISTMAS", "Quantity": "7", "InvoiceDate": "03-12-2010 14:18", "UnitPrice": "0.55", "CustomerID": "17954", "Country": "United Kingdom"},
{"InvoiceNo": "536977", "StockCode": "22968", "Description": "ROSE COTTAGE KEEPSAKE BOX ", "Quantity": "2", "InvoiceDate": "03-12-2010 14:18", "UnitPrice": "9.95", "CustomerID": "17954", "Country": "United Kingdom"},
{"InvoiceNo": "536977", "StockCode": "84029E", "Description": "RED WOOLLY HOTTIE WHITE HEART.", "Quantity": "1", "InvoiceDate": "03-12-2010 14:18", "UnitPrice": "3.75", "CustomerID": "17954", "Country": "United Kingdom"},
{"InvoiceNo": "536987", "StockCode": "10120", "Description": "DOGGY RUBBER", "Quantity": "2", "InvoiceDate": "03-12-2010 14:54", "UnitPrice": "0.21", "CustomerID": "17198", "Country": "United Kingdom"},
{"InvoiceNo": "536987", "StockCode": "16237", "Description": "SLEEPING CAT ERASERS", "Quantity": "1", "InvoiceDate": "03-12-2010 14:54", "UnitPrice": "0.21", "CustomerID": "17198", "Country": "United Kingdom"},
{"InvoiceNo": "536987", "StockCode": "16238", "Description": "PARTY TIME PENCIL ERASERS", "Quantity": "1", "InvoiceDate": "03-12-2010 14:54", "UnitPrice": "0.21", "CustomerID": "17198", "Country": "United Kingdom"},
{"InvoiceNo": "536987", "StockCode": "20615", "Description": "BLUE POLKADOT PASSPORT COVER", "Quantity": "1", "InvoiceDate": "03-12-2010 14:54", "UnitPrice": "2.1", "CustomerID": "17198", "Country": "United Kingdom"},
{"InvoiceNo": "536987", "StockCode": "20652", "Description": "BLUE POLKADOT LUGGAGE TAG ", "Quantity": "2", "InvoiceDate": "03-12-2010 14:54", "UnitPrice": "1.25", "CustomerID": "17198", "Country": "United Kingdom"},
{"InvoiceNo": "536987", "StockCode": "20657", "Description": "TROPICAL LUGGAGE TAG", "Quantity": "1", "InvoiceDate": "03-12-2010 14:54", "UnitPrice": "1.25", "CustomerID": "17198", "Country": "United Kingdom"},
{"InvoiceNo": "536987", "StockCode": "20658", "Description": "RED RETROSPOT LUGGAGE TAG", "Quantity": "1", "InvoiceDate": "03-12-2010 14:54", "UnitPrice": "1.25", "CustomerID": "17198", "Country": "United Kingdom"},
{"InvoiceNo": "536987", "StockCode": "20661", "Description": "BLUE POLKADOT PURSE ", "Quantity": "1", "InvoiceDate": "03-12-2010 14:54", "UnitPrice": "2.95", "CustomerID": "17198", "Country": "United Kingdom"},
{"InvoiceNo": "536987", "StockCode": "20685", "Description": "DOORMAT RED RETROSPOT", "Quantity": "2", "InvoiceDate": "03-12-2010 14:54", "UnitPrice": "7.95", "CustomerID": "17198", "Country": "United Kingdom"},
{"InvoiceNo": "536987", "StockCode": "20773", "Description": "BLUE PAISLEY NOTEBOOK", "Quantity": "2", "InvoiceDate": "03-12-2010 14:54", "UnitPrice": "1.65", "CustomerID": "17198", "Country": "United Kingdom"},
{"InvoiceNo": "536987", "StockCode": "20773", "Description": "BLUE PAISLEY NOTEBOOK", "Quantity": "3", "InvoiceDate": "03-12-2010 14:54", "UnitPrice": "1.65", "CustomerID": "17198", "Country": "United Kingdom"},
{"InvoiceNo": "536987", "StockCode": "20774", "Description": "GREEN FERN NOTEBOOK", "Quantity": "1", "InvoiceDate": "03-12-2010 14:54", "UnitPrice": "1.65", "CustomerID": "17198", "Country": "United Kingdom"},
{"InvoiceNo": "536987", "StockCode": "20854", "Description": "BLUE PATCH PURSE PINK HEART", "Quantity": "1", "InvoiceDate": "03-12-2010 14:54", "UnitPrice": "1.65", "CustomerID": "17198", "Country": "United Kingdom"},
{"InvoiceNo": "536987", "StockCode": "20967", "Description": "GREY FLORAL FELTCRAFT SHOULDER BAG", "Quantity": "1", "InvoiceDate": "03-12-2010 14:54", "UnitPrice": "3.75", "CustomerID": "17198", "Country": "United Kingdom"},
{"InvoiceNo": "536987", "StockCode": "20982", "Description": "12 PENCILS TALL TUBE SKULLS", "Quantity": "1", "InvoiceDate": "03-12-2010 14:54", "UnitPrice": "0.85", "CustomerID": "17198", "Country": "United Kingdom"},
{"InvoiceNo": "536987", "StockCode": "21034", "Description": "REX CASH+CARRY JUMBO SHOPPER", "Quantity": "2", "InvoiceDate": "03-12-2010 14:54", "UnitPrice": "0.95", "CustomerID": "17198", "Country": "United Kingdom"},
{"InvoiceNo": "536987", "StockCode": "21623", "Description": "VINTAGE UNION JACK MEMOBOARD", "Quantity": "2", "InvoiceDate": "03-12-2010 14:54", "UnitPrice": "9.95", "CustomerID": "17198", "Country": "United Kingdom"},
{"InvoiceNo": "536987", "StockCode": "21642", "Description": "ASSORTED TUTTI FRUTTI PEN", "Quantity": "2", "InvoiceDate": "03-12-2010 14:54", "UnitPrice": "0.85", "CustomerID": "17198", "Country": "United Kingdom"},
{"InvoiceNo": "536987", "StockCode": "21818", "Description": "GLITTER CHRISTMAS HEART ", "Quantity": "36", "InvoiceDate": "03-12-2010 14:54", "UnitPrice": "0.85", "CustomerID": "17198", "Country": "United Kingdom"},
{"InvoiceNo": "536987", "StockCode": "21845", "Description": "DAIRY MAID STRIPE MUG", "Quantity": "6", "InvoiceDate": "03-12-2010 14:54", "UnitPrice": "2.95", "CustomerID": "17198", "Country": "United Kingdom"},
{"InvoiceNo": "536987", "StockCode": "21850", "Description": "BLUE  DIAMANTE PEN IN GIFT BOX", "Quantity": "2", "InvoiceDate": "03-12-2010 14:54", "UnitPrice": "4.95", "CustomerID": "17198", "Country": "United Kingdom"},
{"InvoiceNo": "536987", "StockCode": "21928", "Description": "JUMBO BAG SCANDINAVIAN PAISLEY", "Quantity": "1", "InvoiceDate": "03-12-2010 14:54", "UnitPrice": "1.95", "CustomerID": "17198", "Country": "United Kingdom"},
{"InvoiceNo": "536987", "StockCode": "22292", "Description": "HANGING CHICK  YELLOW DECORATION", "Quantity": "1", "InvoiceDate": "03-12-2010 14:54", "UnitPrice": "1.45", "CustomerID": "17198", "Country": "United Kingdom"},
{"InvoiceNo": "536987", "StockCode": "22304", "Description": "COFFEE MUG BLUE PAISLEY DESIGN", "Quantity": "1", "InvoiceDate": "03-12-2010 14:54", "UnitPrice": "2.55", "CustomerID": "17198", "Country": "United Kingdom"},
{"InvoiceNo": "536987", "StockCode": "22396", "Description": "MAGNETS PACK OF 4 RETRO PHOTO", "Quantity": "1", "InvoiceDate": "03-12-2010 14:54", "UnitPrice": "1.25", "CustomerID": "17198", "Country": "United Kingdom"},
{"InvoiceNo": "536987", "StockCode": "22398", "Description": "MAGNETS PACK OF 4 SWALLOWS", "Quantity": "1", "InvoiceDate": "03-12-2010 14:54", "UnitPrice": "1.25", "CustomerID": "17198", "Country": "United Kingdom"},
{"InvoiceNo": "536987", "StockCode": "22467", "Description": "GUMBALL COAT RACK", "Quantity": "2", "InvoiceDate": "03-12-2010 14:54", "UnitPrice": "2.55", "CustomerID": "17198", "Country": "United Kingdom"},
{"InvoiceNo": "536987", "StockCode": "22482", "Description": "BLUE TEA TOWEL CLASSIC DESIGN", "Quantity": "12", "InvoiceDate": "03-12-2010 14:54", "UnitPrice": "1.25", "CustomerID": "17198", "Country": "United Kingdom"},
{"InvoiceNo": "536987", "StockCode": "22578", "Description": "WOODEN STAR CHRISTMAS SCANDINAVIAN", "Quantity": "1", "InvoiceDate": "03-12-2010 14:54", "UnitPrice": "0.85", "CustomerID": "17198", "Country": "United Kingdom"},
{"InvoiceNo": "536987", "StockCode": "22651", "Description": "GENTLEMAN SHIRT REPAIR KIT ", "Quantity": "1", "InvoiceDate": "03-12-2010 14:54", "UnitPrice": "0.85", "CustomerID": "17198", "Country": "United Kingdom"},
{"InvoiceNo": "536987", "StockCode": "22733", "Description": "3D TRADITIONAL CHRISTMAS STICKERS", "Quantity": "1", "InvoiceDate": "03-12-2010 14:54", "UnitPrice": "1.25", "CustomerID": "17198", "Country": "United Kingdom"},
{"InvoiceNo": "536987", "StockCode": "22753", "Description": "SMALL YELLOW BABUSHKA NOTEBOOK ", "Quantity": "1", "InvoiceDate": "03-12-2010 14:54", "UnitPrice": "0.85", "CustomerID": "17198", "Country": "United Kingdom"},
{"InvoiceNo": "536987", "StockCode": "22754", "Description": "SMALL RED BABUSHKA NOTEBOOK ", "Quantity": "1", "InvoiceDate": "03-12-2010 14:54", "UnitPrice": "0.85", "CustomerID": "17198", "Country": "United Kingdom"},
{"InvoiceNo": "536987", "StockCode": "22781", "Description": "GUMBALL MAGAZINE RACK", "Quantity": "2", "InvoiceDate": "03-12-2010 14:54", "UnitPrice": "7.65", "CustomerID": "17198", "Country": "United Kingdom"},
{"InvoiceNo": "536987", "StockCode": "22813", "Description": "PACK 3 BOXES BIRD PANNETONE ", "Quantity": "4", "InvoiceDate": "03-12-2010 14:54", "UnitPrice": "1.95", "CustomerID": "17198", "Country": "United Kingdom"},
{"InvoiceNo": "536987", "StockCode": "22940", "Description": "FELTCRAFT CHRISTMAS FAIRY", "Quantity": "1", "InvoiceDate": "03-12-2010 14:54", "UnitPrice": "4.25", "CustomerID": "17198", "Country": "United Kingdom"},
{"InvoiceNo": "536987", "StockCode": "22961", "Description": "JAM MAKING SET PRINTED", "Quantity": "1", "InvoiceDate": "03-12-2010 14:54", "UnitPrice": "1.45", "CustomerID": "17198", "Country": "United Kingdom"},
{"InvoiceNo": "536987", "StockCode": "47422", "Description": "ASSORTED MONKEY SUCTION CUP HOOK", "Quantity": "1", "InvoiceDate": "03-12-2010 14:54", "UnitPrice": "0.42", "CustomerID": "17198", "Country": "United Kingdom"},
{"InvoiceNo": "536987", "StockCode": "48184", "Description": "DOORMAT ENGLISH ROSE ", "Quantity": "1", "InvoiceDate": "03-12-2010 14:54", "UnitPrice": "7.95", "CustomerID": "17198", "Country": "United Kingdom"},
{"InvoiceNo": "536987", "StockCode": "48194", "Description": "DOORMAT HEARTS", "Quantity": "1", "InvoiceDate": "03-12-2010 14:54", "UnitPrice": "7.95", "CustomerID": "17198", "Country": "United Kingdom"},
{"InvoiceNo": "536987", "StockCode": "72127", "Description": "COLUMBIAN CANDLE ROUND ", "Quantity": "1", "InvoiceDate": "03-12-2010 14:54", "UnitPrice": "1.25", "CustomerID": "17198", "Country": "United Kingdom"},
{"InvoiceNo": "536987", "StockCode": "72128", "Description": "COLUMBIAN CANDLE ROUND", "Quantity": "1", "InvoiceDate": "03-12-2010 14:54", "UnitPrice": "0.85", "CustomerID": "17198", "Country": "United Kingdom"},
{"InvoiceNo": "536987", "StockCode": "72130", "Description": "COLUMBIAN CANDLE ROUND", "Quantity": "1", "InvoiceDate": "03-12-2010 14:54", "UnitPrice": "0.65", "CustomerID": "17198", "Country": "United Kingdom"},
{"InvoiceNo": "536987", "StockCode": "85178", "Description": "VICTORIAN SEWING KIT", "Quantity": "1", "InvoiceDate": "03-12-2010 14:54", "UnitPrice": "1.25", "CustomerID": "17198", "Country": "United Kingdom"},
{"InvoiceNo": "536987", "StockCode": "90151", "Description": "SILVER/NATURAL SHELL NECKLACE", "Quantity": "1", "InvoiceDate": "03-12-2010 14:54", "UnitPrice": "8.5", "CustomerID": "17198", "Country": "United Kingdom"},
{"InvoiceNo": "536987", "StockCode": "47503H", "Description": "ASS FLORAL PRINT SPIRIT LEVEL ", "Quantity": "1", "InvoiceDate": "03-12-2010 14:54", "UnitPrice": "1.95", "CustomerID": "17198", "Country": "United Kingdom"},
{"InvoiceNo": "536987", "StockCode": "84877D", "Description": "BLUE ROUND COMPACT MIRROR", "Quantity": "1", "InvoiceDate": "03-12-2010 14:54", "UnitPrice": "3.75", "CustomerID": "17198", "Country": "United Kingdom"},
{"InvoiceNo": "536987", "StockCode": "85123A", "Description": "WHITE HANGING HEART T-LIGHT HOLDER", "Quantity": "6", "InvoiceDate": "03-12-2010 14:54", "UnitPrice": "2.95", "CustomerID": "17198", "Country": "United Kingdom"},
{"InvoiceNo": "536987", "StockCode": "90128B", "Description": "BLUE LEAVES AND BEADS PHONE CHARM", "Quantity": "1", "InvoiceDate": "03-12-2010 14:54", "UnitPrice": "1.25", "CustomerID": "17198", "Country": "United Kingdom"},
{"InvoiceNo": "536987", "StockCode": "90152B", "Description": "BLUE/GREEN SHELL NECKLACE W PENDANT", "Quantity": "1", "InvoiceDate": "03-12-2010 14:54", "UnitPrice": "5.95", "CustomerID": "17198", "Country": "United Kingdom"},
{"InvoiceNo": "536987", "StockCode": "90195B", "Description": "BLACK GEMSTONE BRACELET", "Quantity": "1", "InvoiceDate": "03-12-2010 14:54", "UnitPrice": "8.95", "CustomerID": "17198", "Country": "United Kingdom"},
{"InvoiceNo": "536987", "StockCode": "90196B", "Description": "BLACK GEMSTONE NECKLACE 45CM", "Quantity": "1", "InvoiceDate": "03-12-2010 14:54", "UnitPrice": "12.75", "CustomerID": "17198", "Country": "United Kingdom"},
{"InvoiceNo": "536987", "StockCode": "90198B", "Description": "VINTAGE ROSE BEAD BRACELET BLACK", "Quantity": "1", "InvoiceDate": "03-12-2010 14:54", "UnitPrice": "4.25", "CustomerID": "17198", "Country": "United Kingdom"},
{"InvoiceNo": "536997", "StockCode": "22028", "Description": "", "Quantity": "-20", "InvoiceDate": "03-12-2010 15:30", "UnitPrice": "0", "CustomerID": "", "Country": "United Kingdom"},
{"InvoiceNo": "537007", "StockCode": "21172", "Description": "", "Quantity": "-80", "InvoiceDate": "03-12-2010 15:36", "UnitPrice": "0", "CustomerID": "", "Country": "United Kingdom"},
{"InvoiceNo": "537017", "StockCode": "47556B", "Description": "", "Quantity": "-69", "InvoiceDate": "03-12-2010 15:41", "UnitPrice": "0", "CustomerID": "", "Country": "United Kingdom"},
{"InvoiceNo": "537027", "StockCode": "18098C", "Description": "", "Quantity": "-140", "InvoiceDate": "03-12-2010 16:36", "UnitPrice": "0", "CustomerID": "", "Country": "United Kingdom"}
]