[{"InvoiceNo": "536849", "StockCode": "22727", "Description": "ALARM CLOCK BAKELIKE RED ", "Quantity": "48", "InvoiceDate": "03-12-2010 9:45", "UnitPrice": "3.75", "CustomerID": "17396", "Country": "United Kingdom"},
{"InvoiceNo": "536849", "StockCode": "22728", "Description": "ALARM CLOCK BAKELIKE PINK", "Quantity": "39", "InvoiceDate": "03-12-2010 9:45", "UnitPrice": "3.75", "CustomerID": "17396", "Country": "United Kingdom"},
{"InvoiceNo": "536849", "StockCode": "22730", "Description": "ALARM CLOCK BAKELIKE IVORY", "Quantity": "19", "InvoiceDate": "03-12-2010 9:45", "UnitPrice": "3.75", "CustomerID": "17396", "Country": "United Kingdom"},
{"InvoiceNo": "536859", "StockCode": "21462", "Description": "NURSERY A,B,C PAINTED LETTERS", "Quantity": "2", "InvoiceDate": "03-12-2010 10:43", "UnitPrice": "6.75", "CustomerID": "12841", "Country": "United Kingdom"},
{"InvoiceNo": "536859", "StockCode": "21733", "Description": "RED HANGING HEART T-LIGHT HOLDER", "Quantity": "2", "InvoiceDate": "03-12-2010 10:43", "UnitPrice": "2.95", "CustomerID": "12841", "Country": "United Kingdom"},
{"InvoiceNo": "536859", "StockCode": "21878", "Description": "PACK OF 6 SANDCASTLE FLAGS ASSORTED", "Quantity": "3", "InvoiceDate": "03-12-2010 10:43", "UnitPrice": "0.85", "CustomerID": "12841", "Country": "United Kingdom"},
{"InvoiceNo": "536859", "StockCode": "22083", "Description": "PAPER CHAIN KIT RETROSPOT", "Quantity": "14", "InvoiceDate": "03-12-2010 10:43", "UnitPrice": "2.95", "CustomerID": "12841", "Country": "United Kingdom"},
{"InvoiceNo": "536859", "StockCode": "22084", "Description": "PAPER CHAIN KIT EMPIRE", "Quantity": "4", "InvoiceDate": "03-12-2010 10:43", "UnitPrice": "2.95", "CustomerID": "12841", "Country": "United Kingdom"},
{"InvoiceNo": "536859", "StockCode": "22086", "Description": "PAPER CHAIN KIT 50'S CHRISTMAS ", "Quantity": "2", "InvoiceDate": "03-12-2010 10:43", "UnitPrice": "2.95", "CustomerID": "12841", "Country": "United Kingdom"},
{"InvoiceNo": "536859", "StockCode": "22130", "Description": "PARTY CONE CHRISTMAS DECORATION ", "Quantity": "18", "InvoiceDate": "03-12-2010 10:43", "UnitPrice": "0.85", "CustomerID": "12841", "Country": "United Kingdom"},
{"InvoiceNo": "536859", "StockCode": "22468", "Description": "BABUSHKA LIGHTS STRING OF 10", "Quantity": "3", "InvoiceDate": "03-12-2010 10:43", "UnitPrice": "6.75", "CustomerID": "12841", "Country": "United Kingdom"},
{"InvoiceNo": "536859", "StockCode": "22573", "Description": "STAR WOODEN CHRISTMAS DECORATION", "Quantity": "10", "InvoiceDate": "03-12-2010 10:43", "UnitPrice": "0.85", "CustomerID": "12841", "Country": "United Kingdom"},
{"InvoiceNo": "536859", "StockCode": "22574", "Description": "HEART WOODEN CHRISTMAS DECORATION", "Quantity": "10", "InvoiceDate": "03-12-2010 10:43", "UnitPrice": "0.85", "CustomerID": "12841", "Country": "United Kingdom"},
{"InvoiceNo": "536859", "StockCode": "22582", "Description": "PACK OF 6 SWEETIE GIFT BOXES", "Quantity": "4", "InvoiceDate": "03-12-2010 10:43", "UnitPrice": "2.55", "CustomerID": "12841", "Country": "United Kingdom"},
{"InvoiceNo": "536859", "StockCode": "22584", "Description": "PACK OF 6 PANNETONE GIFT BOXES", "Quantity": "3", "InvoiceDate": "03-12-2010 10:43", "UnitPrice": "2.55", "CustomerID": "12841", "Country": "United Kingdom"},
{"InvoiceNo": "536859", "StockCode": "22585", "Description": "PACK OF 6 BIRDY GIFT TAGS", "Quantity": "10", "InvoiceDate": "03-12-2010 10:43", "UnitPrice": "1.25", "CustomerID": "12841", "Country": "United Kingdom"},
{"InvoiceNo": "536859", "StockCode": "22594", "Description": "CHRISTMAS GINGHAM TREE", "Quantity": "36", "InvoiceDate": "03-12-2010 10:43", "UnitPrice": "0.85", "CustomerID": "12841", "Country": "United Kingdom"},
{"InvoiceNo": "536859", "StockCode": "22595", "Description": "CHRISTMAS GINGHAM HEART", "Quantity": "36", "InvoiceDate": "03-12-2010 10:43", "UnitPrice": "0.85", "CustomerID": "12841", "Country": "United Kingdom"},
{"InvoiceNo": "536859", "StockCode": "22737", "Description": "RIBBON REEL CHRISTMAS PRESENT ", "Quantity": "10", "InvoiceDate": "03-12-2010 10:43", "UnitPrice": "1.65", "CustomerID": "12841", "Country": "United Kingdom"},
{"InvoiceNo": "536859", "StockCode": "22745", "Description": "POPPY'S PLAYHOUSE BEDROOM ", "Quantity": "1", "InvoiceDate": "03-12-2010 10:43", "UnitPrice": "2.1", "CustomerID": "12841", "Country": "United Kingdom"},
{"InvoiceNo": "536859", "StockCode": "22812", "Description": "PACK 3 BOXES CHRISTMAS PANNETONE", "Quantity": "4", "InvoiceDate": "03-12-2010 10:43", "UnitPrice": "1.95", "CustomerID": "12841", "Country": "United Kingdom"},
{"InvoiceNo": "536859", "StockCode": "22841", "Description": "ROUND CAKE TIN VINTAGE GREEN", "Quantity": "1", "InvoiceDate": "03-12-2010 10:43", "UnitPrice": "7.95", "CustomerID": "12841", "Country": "United Kingdom"},
{"InvoiceNo": "536859", "StockCode": "22943", "Description": "CHRISTMAS LIGHTS 10 VINTAGE BAUBLES", "Quantity": "2", "InvoiceDate": "03-12-2010 10:43", "UnitPrice": "4.95", "CustomerID": "12841", "Country": "United Kingdom"},
{"InvoiceNo": "536859", "StockCode": "79321", "Description": "CHILLI LIGHTS", "Quantity": "3", "InvoiceDate": "03-12-2010 10:43", "UnitPrice": "4.95", "CustomerID": "12841", "Country": "United Kingdom"},
{"InvoiceNo": "536859", "StockCode": "84692", "Description": "BOX OF 24 COCKTAIL PARASOLS", "Quantity": "5", "InvoiceDate": "03-12-2010 10:43", "UnitPrice": "0.42", "CustomerID": "12841", "Country": "United Kingdom"},
{"InvoiceNo": "536859", "StockCode": "85032D", "Description": "YULETIDE IMAGES GIFT WRAP SET", "Quantity": "1", "InvoiceDate": "03-12-2010 10:43", "UnitPrice": "2.1", "CustomerID": "12841", "Country": "United Kingdom"},
{"InvoiceNo": "536859", "StockCode": "85123A", "Description": "WHITE HANGING HEART T-LIGHT HOLDER", "Quantity": "2", "InvoiceDate": "03-12-2010 10:43", "UnitPrice": "2.95", "CustomerID": "12841", "Country": "United Kingdom"},
{"InvoiceNo": "536969", "StockCode": "71477", "Description": "COLOUR GLASS. STAR T-LIGHT HOLDER", "Quantity": "192", "InvoiceDate": "03-12-2010 13:10", "UnitPrice": "2.75", "CustomerID": "16013", "Country": "United Kingdom"},
{"InvoiceNo": "C536979", "StockCode": "22630", "Description": "DOLLY GIRL LUNCH BOX", "Quantity": "-1", "InvoiceDate": "03-12-2010 14:23", "UnitPrice": "1.95", "CustomerID": "17841", "Country": "United Kingdom"},
{"InvoiceNo": "C536979", "StockCode": "84685", "Description": "BEACH HUT KEY CABINET", "Quantity": "-1", "InvoiceDate": "03-12-2010 14:23", "UnitPrice": "3.75", "CustomerID": "17841", "Country": "United Kingdom"},
{"InvoiceNo": "536989", "StockCode": "21054", "Description": "NURSE'S BAG SOFT TOY", "Quantity": "1", "InvoiceDate": "03-12-2010 15:10", "UnitPrice": "8.95", "CustomerID": "17238", "Country": "United Kingdom"},
{"InvoiceNo": "536989", "StockCode": "21479", "Description": "WHITE SKULL HOT WATER BOTTLE ", "Quantity": "1", "InvoiceDate": "03-12-2010 15:10", "UnitPrice": "3.75", "CustomerID": "17238", "Country": "United Kingdom"},
{"InvoiceNo": "536989", "StockCode": "21485", "Description": "RETROSPOT HEART HOT WATER BOTTLE", "Quantity": "2", "InvoiceDate": "03-12-2010 15:10", "UnitPrice": "4.95", "CustomerID": "17238", "Country": "United Kingdom"},
{"InvoiceNo": "536989", "StockCode": "21539", "Description": "RED RETROSPOT BUTTER DISH", "Quantity": "1", "InvoiceDate": "03-12-2010 15:10", "UnitPrice": "4.95", "CustomerID": "17238", "Country": "United Kingdom"},
{"InvoiceNo": "536989", "StockCode": "21588", "Description": "RETROSPOT GIANT TUBE MATCHES", "Quantity": "1", "InvoiceDate": "03-12-2010 15:10", "UnitPrice": "2.55", "CustomerID": "17238", "Country": "United Kingdom"},
{"InvoiceNo": "536989", "StockCode": "21931", "Description": "JUMBO STORAGE BAG SUKI", "Quantity": "1", "InvoiceDate": "03-12-2010 15:10", "UnitPrice": "1.95", "CustomerID": "17238", "Country": "United Kingdom"},
{"InvoiceNo": "536989", "StockCode": "21991", "Description": "BOHEMIAN COLLAGE STATIONERY SET", "Quantity": "1", "InvoiceDate": "03-12-2010 15:10", "UnitPrice": "2.95", "CustomerID": "17238", "Country": "United Kingdom"},
{"InvoiceNo": "536989", "StockCode": "21992", "Description": "VINTAGE PAISLEY STATIONERY SET", "Quantity": "1", "InvoiceDate": "03-12-2010 15:10", "UnitPrice": "2.95", "CustomerID": "17238", "Country": "United Kingdom"},
{"InvoiceNo": "536989", "StockCode": "22141", "Description": "CHRISTMAS CRAFT TREE TOP ANGEL", "Quantity": "1", "InvoiceDate": "03-12-2010 15:10", "UnitPrice": "2.1", "CustomerID": "17238", "Country": "United Kingdom"},
{"InvoiceNo": "536989", "StockCode": "22149", "Description": "FELTCRAFT 6 FLOWER FRIENDS", "Quantity": "1", "InvoiceDate": "03-12-2010 15:10", "UnitPrice": "2.1", "CustomerID": "17238", "Country": "United Kingdom"},
{"InvoiceNo": "536989", "StockCode": "22150", "Description": "3 STRIPEY MICE FELTCRAFT", "Quantity": "1", "InvoiceDate": "03-12-2010 15:10", "UnitPrice": "1.95", "CustomerID": "17238", "Country": "United Kingdom"},
{"InvoiceNo": "536989", "StockCode": "22470", "Description": "HEART OF WICKER LARGE", "Quantity": "1", "InvoiceDate": "03-12-2010 15:10", "UnitPrice": "2.95", "CustomerID": "17238", "Country": "United Kingdom"},
{"InvoiceNo": "536989", "StockCode": "22505", "Description": "MEMO BOARD COTTAGE DESIGN", "Quantity": "1", "InvoiceDate": "03-12-2010 15:10", "UnitPrice": "4.95", "CustomerID": "17238", "Country": "United Kingdom"},
{"InvoiceNo": "536989", "StockCode": "22618", "Description": "COOKING SET RETROSPOT", "Quantity": "1", "InvoiceDate": "03-12-2010 15:10", "UnitPrice": "9.95", "CustomerID": "17238", "Country": "United Kingdom"},
{"InvoiceNo": "536989", "StockCode": "22750", "Description": "FELTCRAFT PRINCESS LOLA DOLL", "Quantity": "1", "InvoiceDate": "03-12-2010 15:10", "UnitPrice": "3.75", "CustomerID": "17238", "Country": "United Kingdom"},
{"InvoiceNo": "536989", "StockCode": "22837", "Description": "HOT WATER BOTTLE BABUSHKA ", "Quantity": "1", "InvoiceDate": "03-12-2010 15:10", "UnitPrice": "4.65", "CustomerID": "17238", "Country": "United Kingdom"},
{"InvoiceNo": "536989", "StockCode": "22940", "Description": "FELTCRAFT CHRISTMAS FAIRY", "Quantity": "2", "InvoiceDate": "03-12-2010 15:10", "UnitPrice": "4.25", "CustomerID": "17238", "Country": "United Kingdom"},
{"InvoiceNo": "536989", "StockCode": "15056BL", "Description": "EDWARDIAN PARASOL BLACK", "Quantity": "1", "InvoiceDate": "03-12-2010 15:10", "UnitPrice": "5.95", "CustomerID": "17238", "Country": "United Kingdom"},
{"InvoiceNo": "536989", "StockCode": "15056N", "Description": "EDWARDIAN PARASOL NATURAL", "Quantity": "1", "InvoiceDate": "03-12-2010 15:10", "UnitPrice": "5.95", "CustomerID": "17238", "Country": "United Kingdom"},
{"InvoiceNo": "536989", "StockCode": "72802B", "Description": "OCEAN SCENT CANDLE IN JEWELLED BOX", "Quantity": "2", "InvoiceDate": "03-12-2010 15:10", "UnitPrice": "4.25", "CustomerID": "17238", "Country": "United Kingdom"},
{"InvoiceNo": "536989", "StockCode": "72807B", "Description": "SET/3 OCEAN SCENT CANDLE JEWEL BOX", "Quantity": "2", "InvoiceDate": "03-12-2010 15:10", "UnitPrice": "4.25", "CustomerID": "17238", "Country": "United Kingdom"},
{"InvoiceNo": "536989", "StockCode": "85135B", "Description": "BLUE DRAGONFLY HELICOPTER", "Quantity": "1", "InvoiceDate": "03-12-2010 15:10", "UnitPrice": "7.95", "CustomerID": "17238", "Country": "United Kingdom"},
{"InvoiceNo": "536999", "StockCode": "21421", "Description": "", "Quantity": "110", "InvoiceDate": "03-12-2010 15:32", "UnitPrice": "0", "CustomerID": "", "Country": "United Kingdom"},
{"InvoiceNo": "537009", "StockCode": "84534B", "Description": "", "Quantity": "-80", "InvoiceDate": "03-12-2010 15:38", "UnitPrice": "0", "CustomerID": "", "Country": "United Kingdom"},
{"InvoiceNo": "537019", "StockCode": "37474", "Description": "", "Quantity": "-15", "InvoiceDate": "03-12-2010 15:43", "UnitPrice": "0", "CustomerID": "", "Country": "United Kingdom"},
{"InvoiceNo": "537029", "StockCode": "37476", "Description": "", "Quantity": "-6", "InvoiceDate": "03-12-2010 16:37", "UnitPrice": "0", "CustomerID": "", "Country": "United Kingdom"}
]