[{"InvoiceNo": "C536854", "StockCode": "21871", "Description": "SAVE THE PLANET MUG", "Quantity": "-1", "InvoiceDate": "03-12-2010 10:09", "UnitPrice": "1.25", "CustomerID": "15240", "Country": "United Kingdom"},
{"InvoiceNo": "C536854", "StockCode": "22158", "Description": "3 HEARTS HANGING DECORATION RUSTIC", "Quantity": "-1", "InvoiceDate": "03-12-2010 10:09", "UnitPrice": "2.95", "CustomerID": "15240", "Country": "United Kingdom"},
{"InvoiceNo": "C536854", "StockCode": "22944", "Description": "CHRISTMAS METAL POSTCARD WITH BELLS", "Quantity": "-1", "InvoiceDate": "03-12-2010 10:09", "UnitPrice": "1.25", "CustomerID": "15240", "Country": "United Kingdom"},
{"InvoiceNo": "536864", "StockCode": "20725", "Description": "LUNCH BAG RED RETROSPOT", "Quantity": "2", "InvoiceDate": "03-12-2010 11:27", "UnitPrice": "5.06", "CustomerID": "", "Country": "United Kingdom"},
{"InvoiceNo": "536864", "StockCode": "20886", "Description": "BOX OF 9 PEBBLE CANDLES", "Quantity": "1", "InvoiceDate": "03-12-2010 11:27", "UnitPrice": "4.21", "CustomerID": "", "Country": "United Kingdom"},
{"InvoiceNo": "536864", "StockCode": "20975", "Description": "12 PENCILS SMALL TUBE RED RETROSPOT", "Quantity": "1", "InvoiceDate": "03-12-2010 11:27", "UnitPrice": "1.28", "CustomerID": "", "Country": "United Kingdom"},
{"InvoiceNo": "536864", "StockCode": "21041", "Description": "RED RETROSPOT OVEN GLOVE DOUBLE", "Quantity": "1", "InvoiceDate": "03-12-2010 11:27", "UnitPrice": "5.91", "CustomerID": "", "Country": "United Kingdom"},
{"InvoiceNo": "536864", "StockCode": "21116", "Description": "OWL DOORSTOP", "Quantity": "1", "InvoiceDate": "03-12-2010 11:27", "UnitPrice": "8.47", "CustomerID": "", "Country": "United Kingdom"},
{"InvoiceNo": "536864", "StockCode": "21169", "Description": "YOU'RE CONFUSING ME METAL SIGN ", "Quantity": "2", "InvoiceDate": "03-12-2010 11:27", "UnitPrice": "4.21", "CustomerID": "", "Country": "United Kingdom"},
{"InvoiceNo": "536864", "StockCode": "21181", "Description": "PLEASE ONE PERSON METAL SIGN", "Quantity": "1", "InvoiceDate": "03-12-2010 11:27", "UnitPrice": "4.21", "CustomerID": "", "Country": "United Kingdom"},
{"InvoiceNo": "536864", "StockCode": "21192", "Description": "WHITE BELL HONEYCOMB PAPER ", "Quantity": "3", "InvoiceDate": "03-12-2010 11:27", "UnitPrice": "3.36", "CustomerID": "", "Country": "United Kingdom"},
{"InvoiceNo": "536864", "StockCode": "21216", "Description": "SET 3 RETROSPOT TEA,COFFEE,SUGAR", "Quantity": "1", "InvoiceDate": "03-12-2010 11:27", "UnitPrice": "11.02", "CustomerID": "", "Country": "United Kingdom"},
{"InvoiceNo": "536864", "StockCode": "21217", "Description": "RED RETROSPOT ROUND CAKE TINS", "Quantity": "1", "InvoiceDate": "03-12-2010 11:27", "UnitPrice": "21.23", "CustomerID": "", "Country": "United Kingdom"},
{"InvoiceNo": "536864", "StockCode": "21218", "Description": "RED SPOTTY BISCUIT TIN", "Quantity": "2", "InvoiceDate": "03-12-2010 11:27", "UnitPrice": "8.47", "CustomerID": "", "Country": "United Kingdom"},
{"InvoiceNo": "536864", "StockCode": "21257", "Description": "VICTORIAN SEWING BOX MEDIUM", "Quantity": "2", "InvoiceDate": "03-12-2010 11:27", "UnitPrice": "16.13", "CustomerID": "", "Country": "United Kingdom"},
{"InvoiceNo": "536864", "StockCode": "21258", "Description": "VICTORIAN SEWING BOX LARGE", "Quantity": "3", "InvoiceDate": "03-12-2010 11:27", "UnitPrice": "25.49", "CustomerID": "", "Country": "United Kingdom"},
{"InvoiceNo": "536864", "StockCode": "21481", "Description": "FAWN BLUE HOT WATER BOTTLE", "Quantity": "1", "InvoiceDate": "03-12-2010 11:27", "UnitPrice": "6.77", "CustomerID": "", "Country": "United Kingdom"},
{"InvoiceNo": "536864", "StockCode": "21488", "Description": "RED WHITE SCARF  HOT WATER BOTTLE", "Quantity": "1", "InvoiceDate": "03-12-2010 11:27", "UnitPrice": "8.47", "CustomerID": "", "Country": "United Kingdom"},
{"InvoiceNo": "536864", "StockCode": "21559", "Description": "STRAWBERRY LUNCH BOX WITH CUTLERY", "Quantity": "1", "InvoiceDate": "03-12-2010 11:27", "UnitPrice": "5.06", "CustomerID": "", "Country": "United Kingdom"},
{"InvoiceNo": "536864", "StockCode": "21700", "Description": "BIG DOUGHNUT FRIDGE MAGNETS", "Quantity": "1", "InvoiceDate": "03-12-2010 11:27", "UnitPrice": "8.47", "CustomerID": "", "Country": "United Kingdom"},
{"InvoiceNo": "536864", "StockCode": "21733", "Description": "RED HANGING HEART T-LIGHT HOLDER", "Quantity": "2", "InvoiceDate": "03-12-2010 11:27", "UnitPrice": "5.91", "CustomerID": "", "Country": "United Kingdom"},
{"InvoiceNo": "536864", "StockCode": "21791", "Description": "VINTAGE HEADS AND TAILS CARD GAME ", "Quantity": "3", "InvoiceDate": "03-12-2010 11:27", "UnitPrice": "2.51", "CustomerID": "", "Country": "United Kingdom"},
{"InvoiceNo": "536864", "StockCode": "21870", "Description": "I CAN ONLY PLEASE ONE PERSON MUG", "Quantity": "1", "InvoiceDate": "03-12-2010 11:27", "UnitPrice": "3.36", "CustomerID": "", "Country": "United Kingdom"},
{"InvoiceNo": "536864", "StockCode": "21874", "Description": "GIN AND TONIC MUG", "Quantity": "1", "InvoiceDate": "03-12-2010 11:27", "UnitPrice": "3.36", "CustomerID": "", "Country": "United Kingdom"},
{"InvoiceNo": "536864", "StockCode": "21935", "Description": "SUKI  SHOULDER BAG", "Quantity": "1", "InvoiceDate": "03-12-2010 11:27", "UnitPrice": "4.21", "CustomerID": "", "Country": "United Kingdom"},
{"InvoiceNo": "536864", "StockCode": "21945", "Description": "STRAWBERRIES  DESIGN FLANNEL ", "Quantity": "1", "InvoiceDate": "03-12-2010 11:27", "UnitPrice": "1.66", "CustomerID": "", "Country": "United Kingdom"},
{"InvoiceNo": "536864", "StockCode": "21948", "Description": "SET OF 6 CAKE CHOPSTICKS", "Quantity": "1", "InvoiceDate": "03-12-2010 11:27", "UnitPrice": "2.51", "CustomerID": "", "Country": "United Kingdom"},
{"InvoiceNo": "536864", "StockCode": "22094", "Description": "RED RETROSPOT TISSUE BOX", "Quantity": "1", "InvoiceDate": "03-12-2010 11:27", "UnitPrice": "2.51", "CustomerID": "", "Country": "United Kingdom"},
{"InvoiceNo": "536864", "StockCode": "22133", "Description": "PINK LOVE HEART SHAPE CUP", "Quantity": "1", "InvoiceDate": "03-12-2010 11:27", "UnitPrice": "1.66", "CustomerID": "", "Country": "United Kingdom"},
{"InvoiceNo": "536864", "StockCode": "22144", "Description": "CHRISTMAS CRAFT LITTLE FRIENDS", "Quantity": "1", "InvoiceDate": "03-12-2010 11:27", "UnitPrice": "4.21", "CustomerID": "", "Country": "United Kingdom"},
{"InvoiceNo": "536864", "StockCode": "22187", "Description": "GREEN CHRISTMAS TREE CARD HOLDER", "Quantity": "1", "InvoiceDate": "03-12-2010 11:27", "UnitPrice": "8.47", "CustomerID": "", "Country": "United Kingdom"},
{"InvoiceNo": "536864", "StockCode": "22456", "Description": "NATURAL SLATE CHALKBOARD LARGE ", "Quantity": "2", "InvoiceDate": "03-12-2010 11:27", "UnitPrice": "10.17", "CustomerID": "", "Country": "United Kingdom"},
{"InvoiceNo": "536864", "StockCode": "22502", "Description": "PICNIC BASKET WICKER SMALL", "Quantity": "2", "InvoiceDate": "03-12-2010 11:27", "UnitPrice": "8.47", "CustomerID": "", "Country": "United Kingdom"},
{"InvoiceNo": "536864", "StockCode": "22569", "Description": "FELTCRAFT CUSHION BUTTERFLY", "Quantity": "1", "InvoiceDate": "03-12-2010 11:27", "UnitPrice": "7.62", "CustomerID": "", "Country": "United Kingdom"},
{"InvoiceNo": "536864", "StockCode": "22625", "Description": "RED KITCHEN SCALES", "Quantity": "1", "InvoiceDate": "03-12-2010 11:27", "UnitPrice": "16.98", "CustomerID": "", "Country": "United Kingdom"},
{"InvoiceNo": "536864", "StockCode": "22665", "Description": "RECIPE BOX BLUE SKETCHBOOK DESIGN", "Quantity": "2", "InvoiceDate": "03-12-2010 11:27", "UnitPrice": "5.91", "CustomerID": "", "Country": "United Kingdom"},
{"InvoiceNo": "536864", "StockCode": "22838", "Description": "3 TIER CAKE TIN RED AND CREAM", "Quantity": "1", "InvoiceDate": "03-12-2010 11:27", "UnitPrice": "29.79", "CustomerID": "", "Country": "United Kingdom"},
{"InvoiceNo": "536864", "StockCode": "22891", "Description": "TEA FOR ONE POLKADOT", "Quantity": "1", "InvoiceDate": "03-12-2010 11:27", "UnitPrice": "8.47", "CustomerID": "", "Country": "United Kingdom"},
{"InvoiceNo": "536864", "StockCode": "22964", "Description": "3 PIECE SPACEBOY COOKIE CUTTER SET", "Quantity": "1", "InvoiceDate": "03-12-2010 11:27", "UnitPrice": "4.21", "CustomerID": "", "Country": "United Kingdom"},
{"InvoiceNo": "536864", "StockCode": "47566", "Description": "PARTY BUNTING", "Quantity": "1", "InvoiceDate": "03-12-2010 11:27", "UnitPrice": "9.32", "CustomerID": "", "Country": "United Kingdom"},
{"InvoiceNo": "536864", "StockCode": "48111", "Description": "DOORMAT 3 SMILEY CATS", "Quantity": "1", "InvoiceDate": "03-12-2010 11:27", "UnitPrice": "14.43", "CustomerID": "", "Country": "United Kingdom"},
{"InvoiceNo": "536864", "StockCode": "82484", "Description": "WOOD BLACK BOARD ANT WHITE FINISH", "Quantity": "1", "InvoiceDate": "03-12-2010 11:27", "UnitPrice": "13.57", "CustomerID": "", "Country": "United Kingdom"},
{"InvoiceNo": "536864", "StockCode": "82583", "Description": "HOT BATHS METAL SIGN", "Quantity": "2", "InvoiceDate": "03-12-2010 11:27", "UnitPrice": "4.21", "CustomerID": "", "Country": "United Kingdom"},
{"InvoiceNo": "536864", "StockCode": "82599", "Description": "FANNY'S REST STOPMETAL SIGN", "Quantity": "1", "InvoiceDate": "03-12-2010 11:27", "UnitPrice": "4.21", "CustomerID": "", "Country": "United Kingdom"},
{"InvoiceNo": "536864", "StockCode": "72349b", "Description": "SET/6 PURPLE BUTTERFLY T-LIGHTS", "Quantity": "1", "InvoiceDate": "03-12-2010 11:27", "UnitPrice": "4.21", "CustomerID": "", "Country": "United Kingdom"},
{"InvoiceNo": "536864", "StockCode": "84029G", "Description": "KNITTED UNION FLAG HOT WATER BOTTLE", "Quantity": "5", "InvoiceDate": "03-12-2010 11:27", "UnitPrice": "8.47", "CustomerID": "", "Country": "United Kingdom"},
{"InvoiceNo": "536864", "StockCode": "84032A", "Description": "CHARLIE+LOLA PINK HOT WATER BOTTLE", "Quantity": "1", "InvoiceDate": "03-12-2010 11:27", "UnitPrice": "5.91", "CustomerID": "", "Country": "United Kingdom"},
{"InvoiceNo": "536864", "StockCode": "84970s", "Description": "HANGING HEART ZINC T-LIGHT HOLDER", "Quantity": "1", "InvoiceDate": "03-12-2010 11:27", "UnitPrice": "2.13", "CustomerID": "", "Country": "United Kingdom"},
{"InvoiceNo": "536864", "StockCode": "85099B", "Description": "JUMBO BAG RED RETROSPOT", "Quantity": "1", "InvoiceDate": "03-12-2010 11:27", "UnitPrice": "4.21", "CustomerID": "", "Country": "United Kingdom"},
{"InvoiceNo": "536864", "StockCode": "DOT", "Description": "DOTCOM POSTAGE", "Quantity": "1", "InvoiceDate": "03-12-2010 11:27", "UnitPrice": "121.06", "CustomerID": "", "Country": "United Kingdom"},
{"InvoiceNo": "536874", "StockCode": "20751", "Description": "FUNKY WASHING UP GLOVES ASSORTED", "Quantity": "1", "InvoiceDate": "03-12-2010 11:35", "UnitPrice": "2.1", "CustomerID": "16891", "Country": "United Kingdom"},
{"InvoiceNo": "536874", "StockCode": "20754", "Description": "RETROSPOT RED WASHING UP GLOVES", "Quantity": "1", "InvoiceDate": "03-12-2010 11:35", "UnitPrice": "2.1", "CustomerID": "16891", "Country": "United Kingdom"},
{"InvoiceNo": "536874", "StockCode": "20998", "Description": "ROSE DU SUD OVEN GLOVE", "Quantity": "2", "InvoiceDate": "03-12-2010 11:35", "UnitPrice": "2.95", "CustomerID": "16891", "Country": "United Kingdom"},
{"InvoiceNo": "536874", "StockCode": "21034", "Description": "REX CASH+CARRY JUMBO SHOPPER", "Quantity": "1", "InvoiceDate": "03-12-2010 11:35", "UnitPrice": "0.95", "CustomerID": "16891", "Country": "United Kingdom"},
{"InvoiceNo": "536874", "StockCode": "21078", "Description": "SET/20 STRAWBERRY PAPER NAPKINS ", "Quantity": "1", "InvoiceDate": "03-12-2010 11:35", "UnitPrice": "0.85", "CustomerID": "16891", "Country": "United Kingdom"},
{"InvoiceNo": "536874", "StockCode": "21080", "Description": "SET/20 RED RETROSPOT PAPER NAPKINS ", "Quantity": "1", "InvoiceDate": "03-12-2010 11:35", "UnitPrice": "0.85", "CustomerID": "16891", "Country": "United Kingdom"},
{"InvoiceNo": "536874", "StockCode": "21098", "Description": "CHRISTMAS TOILET ROLL", "Quantity": "1", "InvoiceDate": "03-12-2010 11:35", "UnitPrice": "1.25", "CustomerID": "16891", "Country": "United Kingdom"},
{"InvoiceNo": "536874", "StockCode": "21135", "Description": "VICTORIAN  METAL POSTCARD SPRING", "Quantity": "5", "InvoiceDate": "03-12-2010 11:35", "UnitPrice": "1.69", "CustomerID": "16891", "Country": "United Kingdom"},
{"InvoiceNo": "536874", "StockCode": "21143", "Description": "ANTIQUE GLASS HEART DECORATION ", "Quantity": "1", "InvoiceDate": "03-12-2010 11:35", "UnitPrice": "1.95", "CustomerID": "16891", "Country": "United Kingdom"},
{"InvoiceNo": "536874", "StockCode": "21206", "Description": "STRAWBERRY HONEYCOMB  GARLAND ", "Quantity": "1", "InvoiceDate": "03-12-2010 11:35", "UnitPrice": "1.65", "CustomerID": "16891", "Country": "United Kingdom"},
{"InvoiceNo": "536874", "StockCode": "21210", "Description": "SET OF 72 RETROSPOT PAPER  DOILIES", "Quantity": "1", "InvoiceDate": "03-12-2010 11:35", "UnitPrice": "1.45", "CustomerID": "16891", "Country": "United Kingdom"},
{"InvoiceNo": "536874", "StockCode": "21407", "Description": "BROWN CHECK CAT DOORSTOP ", "Quantity": "1", "InvoiceDate": "03-12-2010 11:35", "UnitPrice": "4.25", "CustomerID": "16891", "Country": "United Kingdom"},
{"InvoiceNo": "536874", "StockCode": "21428", "Description": "SET3 BOOK BOX GREEN GINGHAM FLOWER ", "Quantity": "1", "InvoiceDate": "03-12-2010 11:35", "UnitPrice": "4.25", "CustomerID": "16891", "Country": "United Kingdom"},
{"InvoiceNo": "536874", "StockCode": "21462", "Description": "NURSERY A,B,C PAINTED LETTERS", "Quantity": "1", "InvoiceDate": "03-12-2010 11:35", "UnitPrice": "6.75", "CustomerID": "16891", "Country": "United Kingdom"},
{"InvoiceNo": "536874", "StockCode": "21715", "Description": "GIRLS VINTAGE TIN SEASIDE BUCKET", "Quantity": "2", "InvoiceDate": "03-12-2010 11:35", "UnitPrice": "2.55", "CustomerID": "16891", "Country": "United Kingdom"},
{"InvoiceNo": "536874", "StockCode": "21907", "Description": "I'M ON HOLIDAY METAL SIGN", "Quantity": "1", "InvoiceDate": "03-12-2010 11:35", "UnitPrice": "2.1", "CustomerID": "16891", "Country": "United Kingdom"},
{"InvoiceNo": "536874", "StockCode": "21913", "Description": "VINTAGE SEASIDE JIGSAW PUZZLES", "Quantity": "1", "InvoiceDate": "03-12-2010 11:35", "UnitPrice": "3.75", "CustomerID": "16891", "Country": "United Kingdom"},
{"InvoiceNo": "536874", "StockCode": "22076", "Description": "6 RIBBONS EMPIRE  ", "Quantity": "1", "InvoiceDate": "03-12-2010 11:35", "UnitPrice": "1.65", "CustomerID": "16891", "Country": "United Kingdom"},
{"InvoiceNo": "536874", "StockCode": "22083", "Description": "PAPER CHAIN KIT RETROSPOT", "Quantity": "1", "InvoiceDate": "03-12-2010 11:35", "UnitPrice": "2.95", "CustomerID": "16891", "Country": "United Kingdom"},
{"InvoiceNo": "536874", "StockCode": "22089", "Description": "PAPER BUNTING VINTAGE PAISLEY", "Quantity": "1", "InvoiceDate": "03-12-2010 11:35", "UnitPrice": "2.95", "CustomerID": "16891", "Country": "United Kingdom"},
{"InvoiceNo": "536874", "StockCode": "22130", "Description": "PARTY CONE CHRISTMAS DECORATION ", "Quantity": "6", "InvoiceDate": "03-12-2010 11:35", "UnitPrice": "0.85", "CustomerID": "16891", "Country": "United Kingdom"},
{"InvoiceNo": "536874", "StockCode": "22144", "Description": "CHRISTMAS CRAFT LITTLE FRIENDS", "Quantity": "1", "InvoiceDate": "03-12-2010 11:35", "UnitPrice": "2.1", "CustomerID": "16891", "Country": "United Kingdom"},
{"InvoiceNo": "536874", "StockCode": "22153", "Description": "ANGEL DECORATION STARS ON DRESS", "Quantity": "1", "InvoiceDate": "03-12-2010 11:35", "UnitPrice": "0.42", "CustomerID": "16891", "Country": "United Kingdom"},
{"InvoiceNo": "536874", "StockCode": "22154", "Description": "ANGEL DECORATION 3 BUTTONS ", "Quantity": "1", "InvoiceDate": "03-12-2010 11:35", "UnitPrice": "0.42", "CustomerID": "16891", "Country": "United Kingdom"},
{"InvoiceNo": "536874", "StockCode": "22187", "Description": "GREEN CHRISTMAS TREE CARD HOLDER", "Quantity": "1", "InvoiceDate": "03-12-2010 11:35", "UnitPrice": "4.25", "CustomerID": "16891", "Country": "United Kingdom"},
{"InvoiceNo": "536874", "StockCode": "22222", "Description": "CAKE PLATE LOVEBIRD WHITE", "Quantity": "1", "InvoiceDate": "03-12-2010 11:35", "UnitPrice": "4.95", "CustomerID": "16891", "Country": "United Kingdom"},
{"InvoiceNo": "536874", "StockCode": "22374", "Description": "AIRLINE BAG VINTAGE JET SET RED", "Quantity": "1", "InvoiceDate": "03-12-2010 11:35", "UnitPrice": "4.25", "CustomerID": "16891", "Country": "United Kingdom"},
{"InvoiceNo": "536874", "StockCode": "22405", "Description": "MONEY BOX POCKET MONEY DESIGN", "Quantity": "1", "InvoiceDate": "03-12-2010 11:35", "UnitPrice": "1.25", "CustomerID": "16891", "Country": "United Kingdom"},
{"InvoiceNo": "536874", "StockCode": "22406", "Description": "MONEY BOX KINGS CHOICE DESIGN", "Quantity": "1", "InvoiceDate": "03-12-2010 11:35", "UnitPrice": "1.25", "CustomerID": "16891", "Country": "United Kingdom"},
{"InvoiceNo": "536874", "StockCode": "22449", "Description": "SILK PURSE BABUSHKA PINK", "Quantity": "1", "InvoiceDate": "03-12-2010 11:35", "UnitPrice": "3.35", "CustomerID": "16891", "Country": "United Kingdom"},
{"InvoiceNo": "536874", "StockCode": "22450", "Description": "SILK PURSE BABUSHKA BLUE", "Quantity": "1", "InvoiceDate": "03-12-2010 11:35", "UnitPrice": "3.35", "CustomerID": "16891", "Country": "United Kingdom"},
{"InvoiceNo": "536874", "StockCode": "22451", "Description": "SILK PURSE BABUSHKA RED", "Quantity": "1", "InvoiceDate": "03-12-2010 11:35", "UnitPrice": "3.35", "CustomerID": "16891", "Country": "United Kingdom"},
{"InvoiceNo": "536874", "StockCode": "22550", "Description": "HOLIDAY FUN LUDO", "Quantity": "1", "InvoiceDate": "03-12-2010 11:35", "UnitPrice": "3.75", "CustomerID": "16891", "Country": "United Kingdom"},
{"InvoiceNo": "536874", "StockCode": "22632", "Description": "HAND WARMER RED RETROSPOT", "Quantity": "1", "InvoiceDate": "03-12-2010 11:35", "UnitPrice": "2.1", "CustomerID": "16891", "Country": "United Kingdom"},
{"InvoiceNo": "536874", "StockCode": "22633", "Description": "HAND WARMER UNION JACK", "Quantity": "1", "InvoiceDate": "03-12-2010 11:35", "UnitPrice": "2.1", "CustomerID": "16891", "Country": "United Kingdom"},
{"InvoiceNo": "536874", "StockCode": "22669", "Description": "RED BABY BUNTING ", "Quantity": "4", "InvoiceDate": "03-12-2010 11:35", "UnitPrice": "2.95", "CustomerID": "16891", "Country": "United Kingdom"},
{"InvoiceNo": "536874", "StockCode": "22702", "Description": "BLACK AND WHITE CAT BOWL", "Quantity": "1", "InvoiceDate": "03-12-2010 11:35", "UnitPrice": "2.1", "CustomerID": "16891", "Country": "United Kingdom"},
{"InvoiceNo": "536874", "StockCode": "22798", "Description": "ANTIQUE GLASS DRESSING TABLE POT", "Quantity": "1", "InvoiceDate": "03-12-2010 11:35", "UnitPrice": "2.95", "CustomerID": "16891", "Country": "United Kingdom"},
{"InvoiceNo": "536874", "StockCode": "22810", "Description": "SET OF 6 T-LIGHTS SNOWMEN", "Quantity": "1", "InvoiceDate": "03-12-2010 11:35", "UnitPrice": "2.95", "CustomerID": "16891", "Country": "United Kingdom"},
{"InvoiceNo": "536874", "StockCode": "22851", "Description": "SET 20 NAPKINS FAIRY CAKES DESIGN ", "Quantity": "1", "InvoiceDate": "03-12-2010 11:35", "UnitPrice": "0.85", "CustomerID": "16891", "Country": "United Kingdom"},
{"InvoiceNo": "536874", "StockCode": "22866", "Description": "HAND WARMER SCOTTY DOG DESIGN", "Quantity": "1", "InvoiceDate": "03-12-2010 11:35", "UnitPrice": "2.1", "CustomerID": "16891", "Country": "United Kingdom"},
{"InvoiceNo": "536874", "StockCode": "22866", "Description": "HAND WARMER SCOTTY DOG DESIGN", "Quantity": "1", "InvoiceDate": "03-12-2010 11:35", "UnitPrice": "2.1", "CustomerID": "16891", "Country": "United Kingdom"},
{"InvoiceNo": "536874", "StockCode": "22866", "Description": "HAND WARMER SCOTTY DOG DESIGN", "Quantity": "1", "InvoiceDate": "03-12-2010 11:35", "UnitPrice": "2.1", "CustomerID": "16891", "Country": "United Kingdom"},
{"InvoiceNo": "536874", "StockCode": "22910", "Description": "PAPER CHAIN KIT VINTAGE CHRISTMAS", "Quantity": "1", "InvoiceDate": "03-12-2010 11:35", "UnitPrice": "2.95", "CustomerID": "16891", "Country": "United Kingdom"},
{"InvoiceNo": "536874", "StockCode": "22910", "Description": "PAPER CHAIN KIT VINTAGE CHRISTMAS", "Quantity": "1", "InvoiceDate": "03-12-2010 11:35", "UnitPrice": "2.95", "CustomerID": "16891", "Country": "United Kingdom"},
{"InvoiceNo": "536874", "StockCode": "22912", "Description": "YELLOW COAT RACK PARIS FASHION", "Quantity": "1", "InvoiceDate": "03-12-2010 11:35", "UnitPrice": "4.95", "CustomerID": "16891", "Country": "United Kingdom"},
{"InvoiceNo": "536874", "StockCode": "22913", "Description": "RED COAT RACK PARIS FASHION", "Quantity": "1", "InvoiceDate": "03-12-2010 11:35", "UnitPrice": "4.95", "CustomerID": "16891", "Country": "United Kingdom"},
{"InvoiceNo": "536874", "StockCode": "22914", "Description": "BLUE COAT RACK PARIS FASHION", "Quantity": "1", "InvoiceDate": "03-12-2010 11:35", "UnitPrice": "4.95", "CustomerID": "16891", "Country": "United Kingdom"},
{"InvoiceNo": "536874", "StockCode": "22914", "Description": "BLUE COAT RACK PARIS FASHION", "Quantity": "1", "InvoiceDate": "03-12-2010 11:35", "UnitPrice": "4.95", "CustomerID": "16891", "Country": "United Kingdom"},
{"InvoiceNo": "536874", "StockCode": "22940", "Description": "FELTCRAFT CHRISTMAS FAIRY", "Quantity": "1", "InvoiceDate": "03-12-2010 11:35", "UnitPrice": "4.25", "CustomerID": "16891", "Country": "United Kingdom"},
{"InvoiceNo": "536874", "StockCode": "22941", "Description": "CHRISTMAS LIGHTS 10 REINDEER", "Quantity": "1", "InvoiceDate": "03-12-2010 11:35", "UnitPrice": "8.5", "CustomerID": "16891", "Country": "United Kingdom"},
{"InvoiceNo": "536874", "StockCode": "22945", "Description": "CHRISTMAS METAL TAGS ASSORTED ", "Quantity": "6", "InvoiceDate": "03-12-2010 11:35", "UnitPrice": "0.85", "CustomerID": "16891", "Country": "United Kingdom"},
{"InvoiceNo": "536874", "StockCode": "22960", "Description": "JAM MAKING SET WITH JARS", "Quantity": "1", "InvoiceDate": "03-12-2010 11:35", "UnitPrice": "4.25", "CustomerID": "16891", "Country": "United Kingdom"},
{"InvoiceNo": "536874", "StockCode": "22961", "Description": "JAM MAKING SET PRINTED", "Quantity": "1", "InvoiceDate": "03-12-2010 11:35", "UnitPrice": "1.45", "CustomerID": "16891", "Country": "United Kingdom"},
{"InvoiceNo": "536874", "StockCode": "22961", "Description": "JAM MAKING SET PRINTED", "Quantity": "1", "InvoiceDate": "03-12-2010 11:35", "UnitPrice": "1.45", "CustomerID": "16891", "Country": "United Kingdom"},
{"InvoiceNo": "536874", "StockCode": "22968", "Description": "ROSE COTTAGE KEEPSAKE BOX ", "Quantity": "1", "InvoiceDate": "03-12-2010 11:35", "UnitPrice": "9.95", "CustomerID": "16891", "Country": "United Kingdom"},
{"InvoiceNo": "536874", "StockCode": "79067", "Description": "CORONA MEXICAN TRAY", "Quantity": "1", "InvoiceDate": "03-12-2010 11:35", "UnitPrice": "3.75", "CustomerID": "16891", "Country": "United Kingdom"},
{"InvoiceNo": "536874", "StockCode": "82483", "Description": "WOOD 2 DRAWER CABINET WHITE FINISH", "Quantity": "2", "InvoiceDate": "03-12-2010 11:35", "UnitPrice": "5.95", "CustomerID": "16891", "Country": "United Kingdom"},
{"InvoiceNo": "536874", "StockCode": "84987", "Description": "SET OF 36 TEATIME PAPER DOILIES", "Quantity": "1", "InvoiceDate": "03-12-2010 11:35", "UnitPrice": "1.45", "CustomerID": "16891", "Country": "United Kingdom"},
{"InvoiceNo": "536874", "StockCode": "84987", "Description": "SET OF 36 TEATIME PAPER DOILIES", "Quantity": "1", "InvoiceDate": "03-12-2010 11:35", "UnitPrice": "1.45", "CustomerID": "16891", "Country": "United Kingdom"},
{"InvoiceNo": "536874", "StockCode": "84991", "Description": "60 TEATIME FAIRY CAKE CASES", "Quantity": "1", "InvoiceDate": "03-12-2010 11:35", "UnitPrice": "0.55", "CustomerID": "16891", "Country": "United Kingdom"},
{"InvoiceNo": "536874", "StockCode": "35001G", "Description": "HAND OPEN SHAPE GOLD", "Quantity": "1", "InvoiceDate": "03-12-2010 11:35", "UnitPrice": "4.25", "CustomerID": "16891", "Country": "United Kingdom"},
{"InvoiceNo": "536874", "StockCode": "84520B", "Description": "PACK 20 ENGLISH ROSE PAPER NAPKINS", "Quantity": "1", "InvoiceDate": "03-12-2010 11:35", "UnitPrice": "0.85", "CustomerID": "16891", "Country": "United Kingdom"},
{"InvoiceNo": "536874", "StockCode": "84625A", "Description": "PINK NEW BAROQUECANDLESTICK CANDLE", "Quantity": "2", "InvoiceDate": "03-12-2010 11:35", "UnitPrice": "2.95", "CustomerID": "16891", "Country": "United Kingdom"},
{"InvoiceNo": "536874", "StockCode": "84925D", "Description": "LA PALMIERA WALL THERMOMETER", "Quantity": "1", "InvoiceDate": "03-12-2010 11:35", "UnitPrice": "2.55", "CustomerID": "16891", "Country": "United Kingdom"},
{"InvoiceNo": "536874", "StockCode": "84993A", "Description": "75 GREEN PETIT FOUR CASES", "Quantity": "1", "InvoiceDate": "03-12-2010 11:35", "UnitPrice": "0.42", "CustomerID": "16891", "Country": "United Kingdom"},
{"InvoiceNo": "536874", "StockCode": "85049A", "Description": "TRADITIONAL CHRISTMAS RIBBONS", "Quantity": "1", "InvoiceDate": "03-12-2010 11:35", "UnitPrice": "1.25", "CustomerID": "16891", "Country": "United Kingdom"},
{"InvoiceNo": "536874", "StockCode": "85049F", "Description": "BABY BOOM RIBBONS ", "Quantity": "1", "InvoiceDate": "03-12-2010 11:35", "UnitPrice": "1.25", "CustomerID": "16891", "Country": "United Kingdom"},
{"InvoiceNo": "536874", "StockCode": "85099B", "Description": "JUMBO BAG RED RETROSPOT", "Quantity": "3", "InvoiceDate": "03-12-2010 11:35", "UnitPrice": "1.95", "CustomerID": "16891", "Country": "United Kingdom"},
{"InvoiceNo": "536884", "StockCode": "21523", "Description": "DOORMAT FANCY FONT HOME SWEET HOME", "Quantity": "2", "InvoiceDate": "03-12-2010 11:42", "UnitPrice": "7.95", "CustomerID": "14589", "Country": "United Kingdom"},
{"InvoiceNo": "536884", "StockCode": "48138", "Description": "DOORMAT UNION FLAG", "Quantity": "2", "InvoiceDate": "03-12-2010 11:42", "UnitPrice": "7.95", "CustomerID": "14589", "Country": "United Kingdom"},
{"InvoiceNo": "536884", "StockCode": "48185", "Description": "DOORMAT FAIRY CAKE", "Quantity": "1", "InvoiceDate": "03-12-2010 11:42", "UnitPrice": "7.95", "CustomerID": "14589", "Country": "United Kingdom"},
{"InvoiceNo": "536944", "StockCode": "20725", "Description": "LUNCH BAG RED RETROSPOT", "Quantity": "70", "InvoiceDate": "03-12-2010 12:20", "UnitPrice": "1.65", "CustomerID": "12557", "Country": "Spain"},
{"InvoiceNo": "536944", "StockCode": "20727", "Description": "LUNCH BAG  BLACK SKULL.", "Quantity": "60", "InvoiceDate": "03-12-2010 12:20", "UnitPrice": "1.65", "CustomerID": "12557", "Country": "Spain"},
{"InvoiceNo": "536944", "StockCode": "20728", "Description": "LUNCH BAG CARS BLUE", "Quantity": "100", "InvoiceDate": "03-12-2010 12:20", "UnitPrice": "1.45", "CustomerID": "12557", "Country": "Spain"},
{"InvoiceNo": "536944", "StockCode": "22383", "Description": "LUNCH BAG SUKI  DESIGN ", "Quantity": "70", "InvoiceDate": "03-12-2010 12:20", "UnitPrice": "1.65", "CustomerID": "12557", "Country": "Spain"},
{"InvoiceNo": "536944", "StockCode": "22384", "Description": "LUNCH BAG PINK POLKADOT", "Quantity": "100", "InvoiceDate": "03-12-2010 12:20", "UnitPrice": "1.45", "CustomerID": "12557", "Country": "Spain"},
{"InvoiceNo": "536954", "StockCode": "22943", "Description": "CHRISTMAS LIGHTS 10 VINTAGE BAUBLES", "Quantity": "100", "InvoiceDate": "03-12-2010 12:41", "UnitPrice": "4.25", "CustomerID": "17809", "Country": "United Kingdom"},
{"InvoiceNo": "536974", "StockCode": "20679", "Description": "EDWARDIAN PARASOL RED", "Quantity": "6", "InvoiceDate": "03-12-2010 13:59", "UnitPrice": "5.95", "CustomerID": "12682", "Country": "France"},
{"InvoiceNo": "536974", "StockCode": "20725", "Description": "LUNCH BAG RED RETROSPOT", "Quantity": "10", "InvoiceDate": "03-12-2010 13:59", "UnitPrice": "1.65", "CustomerID": "12682", "Country": "France"},
{"InvoiceNo": "536974", "StockCode": "20726", "Description": "LUNCH BAG WOODLAND", "Quantity": "10", "InvoiceDate": "03-12-2010 13:59", "UnitPrice": "1.65", "CustomerID": "12682", "Country": "France"},
{"InvoiceNo": "536974", "StockCode": "20749", "Description": "ASSORTED COLOUR MINI CASES", "Quantity": "2", "InvoiceDate": "03-12-2010 13:59", "UnitPrice": "7.95", "CustomerID": "12682", "Country": "France"},
{"InvoiceNo": "536974", "StockCode": "20750", "Description": "RED RETROSPOT MINI CASES", "Quantity": "2", "InvoiceDate": "03-12-2010 13:59", "UnitPrice": "7.95", "CustomerID": "12682", "Country": "France"},
{"InvoiceNo": "536974", "StockCode": "21700", "Description": "BIG DOUGHNUT FRIDGE MAGNETS", "Quantity": "12", "InvoiceDate": "03-12-2010 13:59", "UnitPrice": "0.85", "CustomerID": "12682", "Country": "France"},
{"InvoiceNo": "536974", "StockCode": "21915", "Description": "RED  HARMONICA IN BOX ", "Quantity": "12", "InvoiceDate": "03-12-2010 13:59", "UnitPrice": "1.25", "CustomerID": "12682", "Country": "France"},
{"InvoiceNo": "536974", "StockCode": "22027", "Description": "TEA PARTY BIRTHDAY CARD", "Quantity": "12", "InvoiceDate": "03-12-2010 13:59", "UnitPrice": "0.42", "CustomerID": "12682", "Country": "France"},
{"InvoiceNo": "536974", "StockCode": "22080", "Description": "RIBBON REEL POLKADOTS ", "Quantity": "10", "InvoiceDate": "03-12-2010 13:59", "UnitPrice": "1.65", "CustomerID": "12682", "Country": "France"},
{"InvoiceNo": "536974", "StockCode": "22352", "Description": "LUNCH BOX WITH CUTLERY RETROSPOT ", "Quantity": "12", "InvoiceDate": "03-12-2010 13:59", "UnitPrice": "2.55", "CustomerID": "12682", "Country": "France"},
{"InvoiceNo": "536974", "StockCode": "22659", "Description": "LUNCH BOX I LOVE LONDON", "Quantity": "12", "InvoiceDate": "03-12-2010 13:59", "UnitPrice": "1.95", "CustomerID": "12682", "Country": "France"},
{"InvoiceNo": "536974", "StockCode": "22748", "Description": "POPPY'S PLAYHOUSE KITCHEN", "Quantity": "6", "InvoiceDate": "03-12-2010 13:59", "UnitPrice": "2.1", "CustomerID": "12682", "Country": "France"},
{"InvoiceNo": "536974", "StockCode": "22892", "Description": "SET OF SALT AND PEPPER TOADSTOOLS", "Quantity": "12", "InvoiceDate": "03-12-2010 13:59", "UnitPrice": "1.25", "CustomerID": "12682", "Country": "France"},
{"InvoiceNo": "536974", "StockCode": "15056BL", "Description": "EDWARDIAN PARASOL BLACK", "Quantity": "9", "InvoiceDate": "03-12-2010 13:59", "UnitPrice": "5.95", "CustomerID": "12682", "Country": "France"},
{"InvoiceNo": "536974", "StockCode": "15056P", "Description": "EDWARDIAN PARASOL PINK", "Quantity": "3", "InvoiceDate": "03-12-2010 13:59", "UnitPrice": "5.95", "CustomerID": "12682", "Country": "France"},
{"InvoiceNo": "536974", "StockCode": "POST", "Description": "POSTAGE", "Quantity": "2", "InvoiceDate": "03-12-2010 13:59", "UnitPrice": "18", "CustomerID": "12682", "Country": "France"},
{"InvoiceNo": "536984", "StockCode": "20668", "Description": "DISCO BALL CHRISTMAS DECORATION", "Quantity": "24", "InvoiceDate": "03-12-2010 14:35", "UnitPrice": "0.12", "CustomerID": "17841", "Country": "United Kingdom"},
{"InvoiceNo": "536984", "StockCode": "20719", "Description": "WOODLAND CHARLOTTE BAG", "Quantity": "5", "InvoiceDate": "03-12-2010 14:35", "UnitPrice": "0.85", "CustomerID": "17841", "Country": "United Kingdom"},
{"InvoiceNo": "536984", "StockCode": "20910", "Description": "VINTAGE PHOTO ALBUM PARIS DAYS", "Quantity": "2", "InvoiceDate": "03-12-2010 14:35", "UnitPrice": "6.35", "CustomerID": "17841", "Country": "United Kingdom"},
{"InvoiceNo": "536984", "StockCode": "20961", "Description": "STRAWBERRY BATH SPONGE ", "Quantity": "1", "InvoiceDate": "03-12-2010 14:35", "UnitPrice": "1.25", "CustomerID": "17841", "Country": "United Kingdom"},
{"InvoiceNo": "536984", "StockCode": "20963", "Description": "APPLE BATH SPONGE", "Quantity": "1", "InvoiceDate": "03-12-2010 14:35", "UnitPrice": "1.25", "CustomerID": "17841", "Country": "United Kingdom"},
{"InvoiceNo": "536984", "StockCode": "20966", "Description": "SANDWICH BATH SPONGE", "Quantity": "4", "InvoiceDate": "03-12-2010 14:35", "UnitPrice": "1.25", "CustomerID": "17841", "Country": "United Kingdom"},
{"InvoiceNo": "536984", "StockCode": "21042", "Description": "RED RETROSPOT APRON ", "Quantity": "1", "InvoiceDate": "03-12-2010 14:35", "UnitPrice": "5.95", "CustomerID": "17841", "Country": "United Kingdom"},
{"InvoiceNo": "536984", "StockCode": "21446", "Description": "12 RED ROSE PEG PLACE SETTINGS", "Quantity": "1", "InvoiceDate": "03-12-2010 14:35", "UnitPrice": "1.25", "CustomerID": "17841", "Country": "United Kingdom"},
{"InvoiceNo": "536984", "StockCode": "21498", "Description": "RED RETROSPOT WRAP ", "Quantity": "25", "InvoiceDate": "03-12-2010 14:35", "UnitPrice": "0.42", "CustomerID": "17841", "Country": "United Kingdom"},
{"InvoiceNo": "536984", "StockCode": "21558", "Description": "SKULL LUNCH BOX WITH CUTLERY ", "Quantity": "2", "InvoiceDate": "03-12-2010 14:35", "UnitPrice": "2.55", "CustomerID": "17841", "Country": "United Kingdom"},
{"InvoiceNo": "536984", "StockCode": "21673", "Description": "WHITE SPOT BLUE CERAMIC DRAWER KNOB", "Quantity": "6", "InvoiceDate": "03-12-2010 14:35", "UnitPrice": "1.25", "CustomerID": "17841", "Country": "United Kingdom"},
{"InvoiceNo": "536984", "StockCode": "21784", "Description": "SHOE SHINE BOX ", "Quantity": "1", "InvoiceDate": "03-12-2010 14:35", "UnitPrice": "9.95", "CustomerID": "17841", "Country": "United Kingdom"},
{"InvoiceNo": "536984", "StockCode": "21916", "Description": "SET 12 RETRO WHITE CHALK STICKS", "Quantity": "1", "InvoiceDate": "03-12-2010 14:35", "UnitPrice": "0.42", "CustomerID": "17841", "Country": "United Kingdom"},
{"InvoiceNo": "536984", "StockCode": "21917", "Description": "SET 12 KIDS  WHITE CHALK STICKS", "Quantity": "1", "InvoiceDate": "03-12-2010 14:35", "UnitPrice": "0.42", "CustomerID": "17841", "Country": "United Kingdom"},
{"InvoiceNo": "536984", "StockCode": "21918", "Description": "SET 12 KIDS COLOUR  CHALK STICKS", "Quantity": "1", "InvoiceDate": "03-12-2010 14:35", "UnitPrice": "0.42", "CustomerID": "17841", "Country": "United Kingdom"},
{"InvoiceNo": "536984", "StockCode": "22041", "Description": "RECORD FRAME 7\" SINGLE SIZE ", "Quantity": "6", "InvoiceDate": "03-12-2010 14:35", "UnitPrice": "2.55", "CustomerID": "17841", "Country": "United Kingdom"},
{"InvoiceNo": "536984", "StockCode": "22110", "Description": "BIRD HOUSE HOT WATER BOTTLE", "Quantity": "1", "InvoiceDate": "03-12-2010 14:35", "UnitPrice": "2.55", "CustomerID": "17841", "Country": "United Kingdom"},
{"InvoiceNo": "536984", "StockCode": "22654", "Description": "DELUXE SEWING KIT ", "Quantity": "9", "InvoiceDate": "03-12-2010 14:35", "UnitPrice": "5.95", "CustomerID": "17841", "Country": "United Kingdom"},
{"InvoiceNo": "536984", "StockCode": "22728", "Description": "ALARM CLOCK BAKELIKE PINK", "Quantity": "1", "InvoiceDate": "03-12-2010 14:35", "UnitPrice": "3.75", "CustomerID": "17841", "Country": "United Kingdom"},
{"InvoiceNo": "536984", "StockCode": "22839", "Description": "3 TIER CAKE TIN GREEN AND CREAM", "Quantity": "1", "InvoiceDate": "03-12-2010 14:35", "UnitPrice": "14.95", "CustomerID": "17841", "Country": "United Kingdom"},
{"InvoiceNo": "536984", "StockCode": "22866", "Description": "HAND WARMER SCOTTY DOG DESIGN", "Quantity": "4", "InvoiceDate": "03-12-2010 14:35", "UnitPrice": "2.1", "CustomerID": "17841", "Country": "United Kingdom"},
{"InvoiceNo": "536984", "StockCode": "22910", "Description": "PAPER CHAIN KIT VINTAGE CHRISTMAS", "Quantity": "2", "InvoiceDate": "03-12-2010 14:35", "UnitPrice": "2.95", "CustomerID": "17841", "Country": "United Kingdom"},
{"InvoiceNo": "536984", "StockCode": "79321", "Description": "CHILLI LIGHTS", "Quantity": "24", "InvoiceDate": "03-12-2010 14:35", "UnitPrice": "4.25", "CustomerID": "17841", "Country": "United Kingdom"},
{"InvoiceNo": "536984", "StockCode": "84352", "Description": "SILVER CHRISTMAS TREE BAUBLE STAND ", "Quantity": "1", "InvoiceDate": "03-12-2010 14:35", "UnitPrice": "16.95", "CustomerID": "17841", "Country": "United Kingdom"},
{"InvoiceNo": "536984", "StockCode": "82616B", "Description": "FRAPPUCINO SCARF KNITTING KIT", "Quantity": "1", "InvoiceDate": "03-12-2010 14:35", "UnitPrice": "2.95", "CustomerID": "17841", "Country": "United Kingdom"},
{"InvoiceNo": "536984", "StockCode": "82616C", "Description": "MIDNIGHT GLAMOUR SCARF KNITTING KIT", "Quantity": "1", "InvoiceDate": "03-12-2010 14:35", "UnitPrice": "2.95", "CustomerID": "17841", "Country": "United Kingdom"},
{"InvoiceNo": "536984", "StockCode": "84030E", "Description": "ENGLISH ROSE HOT WATER BOTTLE", "Quantity": "1", "InvoiceDate": "03-12-2010 14:35", "UnitPrice": "4.25", "CustomerID": "17841", "Country": "United Kingdom"},
{"InvoiceNo": "536984", "StockCode": "84507C", "Description": "BLUE CIRCLES DESIGN MONKEY DOLL", "Quantity": "1", "InvoiceDate": "03-12-2010 14:35", "UnitPrice": "2.55", "CustomerID": "17841", "Country": "United Kingdom"},
{"InvoiceNo": "536984", "StockCode": "85232B", "Description": "SET OF 3 BABUSHKA STACKING TINS", "Quantity": "7", "InvoiceDate": "03-12-2010 14:35", "UnitPrice": "4.95", "CustomerID": "17841", "Country": "United Kingdom"},
{"InvoiceNo": "536994", "StockCode": "21781", "Description": "MA CAMPAGNE CUTLERY BOX", "Quantity": "1", "InvoiceDate": "03-12-2010 15:25", "UnitPrice": "14.95", "CustomerID": "14898", "Country": "United Kingdom"},
{"InvoiceNo": "536994", "StockCode": "22072", "Description": "RED RETROSPOT TEA CUP AND SAUCER ", "Quantity": "8", "InvoiceDate": "03-12-2010 15:25", "UnitPrice": "3.75", "CustomerID": "14898", "Country": "United Kingdom"},
{"InvoiceNo": "536994", "StockCode": "84880", "Description": "WHITE WIRE EGG HOLDER", "Quantity": "9", "InvoiceDate": "03-12-2010 15:25", "UnitPrice": "5.95", "CustomerID": "14898", "Country": "United Kingdom"},
{"InvoiceNo": "537004", "StockCode": "21814", "Description": "", "Quantity": "-30", "InvoiceDate": "03-12-2010 15:34", "UnitPrice": "0", "CustomerID": "", "Country": "United Kingdom"},
{"InvoiceNo": "537014", "StockCode": "21040", "Description": "", "Quantity": "-20", "InvoiceDate": "03-12-2010 15:40", "UnitPrice": "0", "CustomerID": "", "Country": "United Kingdom"},
{"InvoiceNo": "C537024", "StockCode": "20893", "Description": "HANGING BAUBLE T-LIGHT HOLDER SMALL", "Quantity": "-36", "InvoiceDate": "03-12-2010 16:21", "UnitPrice": "2.1", "CustomerID": "13941", "Country": "United Kingdom"},
{"InvoiceNo": "537034", "StockCode": "20676", "Description": "RED RETROSPOT BOWL", "Quantity": "8", "InvoiceDate": "03-12-2010 17:20", "UnitPrice": "1.25", "CustomerID": "13081", "Country": "United Kingdom"},
{"InvoiceNo": "537034", "StockCode": "20829", "Description": "GLITTER HANGING BUTTERFLY STRING", "Quantity": "8", "InvoiceDate": "03-12-2010 17:20", "UnitPrice": "2.1", "CustomerID": "13081", "Country": "United Kingdom"},
{"InvoiceNo": "537034", "StockCode": "20963", "Description": "APPLE BATH SPONGE", "Quantity": "20", "InvoiceDate": "03-12-2010 17:20", "UnitPrice": "1.25", "CustomerID": "13081", "Country": "United Kingdom"},
{"InvoiceNo": "537034", "StockCode": "20971", "Description": "PINK BLUE FELT CRAFT TRINKET BOX", "Quantity": "12", "InvoiceDate": "03-12-2010 17:20", "UnitPrice": "1.25", "CustomerID": "13081", "Country": "United Kingdom"},
{"InvoiceNo": "537034", "StockCode": "20972", "Description": "PINK CREAM FELT CRAFT TRINKET BOX ", "Quantity": "12", "InvoiceDate": "03-12-2010 17:20", "UnitPrice": "1.25", "CustomerID": "13081", "Country": "United Kingdom"},
{"InvoiceNo": "537034", "StockCode": "21086", "Description": "SET/6 RED SPOTTY PAPER CUPS", "Quantity": "12", "InvoiceDate": "03-12-2010 17:20", "UnitPrice": "0.65", "CustomerID": "13081", "Country": "United Kingdom"},
{"InvoiceNo": "537034", "StockCode": "21094", "Description": "SET/6 RED SPOTTY PAPER PLATES", "Quantity": "36", "InvoiceDate": "03-12-2010 17:20", "UnitPrice": "0.85", "CustomerID": "13081", "Country": "United Kingdom"},
{"InvoiceNo": "537034", "StockCode": "21125", "Description": "SET 6 FOOTBALL CELEBRATION CANDLES", "Quantity": "12", "InvoiceDate": "03-12-2010 17:20", "UnitPrice": "1.25", "CustomerID": "13081", "Country": "United Kingdom"},
{"InvoiceNo": "537034", "StockCode": "21164", "Description": "HOME SWEET HOME METAL SIGN ", "Quantity": "12", "InvoiceDate": "03-12-2010 17:20", "UnitPrice": "2.95", "CustomerID": "13081", "Country": "United Kingdom"},
{"InvoiceNo": "537034", "StockCode": "21211", "Description": "SET OF 72 SKULL PAPER  DOILIES", "Quantity": "12", "InvoiceDate": "03-12-2010 17:20", "UnitPrice": "1.45", "CustomerID": "13081", "Country": "United Kingdom"},
{"InvoiceNo": "537034", "StockCode": "21224", "Description": "SET/4 SKULL BADGES", "Quantity": "10", "InvoiceDate": "03-12-2010 17:20", "UnitPrice": "1.25", "CustomerID": "13081", "Country": "United Kingdom"},
{"InvoiceNo": "537034", "StockCode": "21232", "Description": "STRAWBERRY CERAMIC TRINKET BOX", "Quantity": "12", "InvoiceDate": "03-12-2010 17:20", "UnitPrice": "1.25", "CustomerID": "13081", "Country": "United Kingdom"},
{"InvoiceNo": "537034", "StockCode": "21243", "Description": "PINK  POLKADOT PLATE ", "Quantity": "8", "InvoiceDate": "03-12-2010 17:20", "UnitPrice": "1.69", "CustomerID": "13081", "Country": "United Kingdom"},
{"InvoiceNo": "537034", "StockCode": "21429", "Description": "RED GINGHAM ROSE JEWELLERY BOX", "Quantity": "8", "InvoiceDate": "03-12-2010 17:20", "UnitPrice": "1.65", "CustomerID": "13081", "Country": "United Kingdom"},
{"InvoiceNo": "537034", "StockCode": "21481", "Description": "FAWN BLUE HOT WATER BOTTLE", "Quantity": "12", "InvoiceDate": "03-12-2010 17:20", "UnitPrice": "2.95", "CustomerID": "13081", "Country": "United Kingdom"},
{"InvoiceNo": "537034", "StockCode": "21504", "Description": "SKULLS GREETING CARD", "Quantity": "24", "InvoiceDate": "03-12-2010 17:20", "UnitPrice": "0.42", "CustomerID": "13081", "Country": "United Kingdom"},
{"InvoiceNo": "537034", "StockCode": "21559", "Description": "STRAWBERRY LUNCH BOX WITH CUTLERY", "Quantity": "6", "InvoiceDate": "03-12-2010 17:20", "UnitPrice": "2.55", "CustomerID": "13081", "Country": "United Kingdom"},
{"InvoiceNo": "537034", "StockCode": "21677", "Description": "HEARTS  STICKERS", "Quantity": "12", "InvoiceDate": "03-12-2010 17:20", "UnitPrice": "0.85", "CustomerID": "13081", "Country": "United Kingdom"},
{"InvoiceNo": "537034", "StockCode": "21721", "Description": "CANDY SHOP  STICKER SHEET", "Quantity": "24", "InvoiceDate": "03-12-2010 17:20", "UnitPrice": "0.85", "CustomerID": "13081", "Country": "United Kingdom"},
{"InvoiceNo": "537034", "StockCode": "21724", "Description": "PANDA AND BUNNIES STICKER SHEET", "Quantity": "12", "InvoiceDate": "03-12-2010 17:20", "UnitPrice": "0.85", "CustomerID": "13081", "Country": "United Kingdom"},
{"InvoiceNo": "537034", "StockCode": "21726", "Description": "MULTI HEARTS  STICKERS", "Quantity": "12", "InvoiceDate": "03-12-2010 17:20", "UnitPrice": "0.85", "CustomerID": "13081", "Country": "United Kingdom"},
{"InvoiceNo": "537034", "StockCode": "21731", "Description": "RED TOADSTOOL LED NIGHT LIGHT", "Quantity": "24", "InvoiceDate": "03-12-2010 17:20", "UnitPrice": "1.65", "CustomerID": "13081", "Country": "United Kingdom"},
{"InvoiceNo": "537034", "StockCode": "21843", "Description": "RED RETROSPOT CAKE STAND", "Quantity": "2", "InvoiceDate": "03-12-2010 17:20", "UnitPrice": "10.95", "CustomerID": "13081", "Country": "United Kingdom"},
{"InvoiceNo": "537034", "StockCode": "21877", "Description": "HOME SWEET HOME MUG", "Quantity": "12", "InvoiceDate": "03-12-2010 17:20", "UnitPrice": "1.25", "CustomerID": "13081", "Country": "United Kingdom"},
{"InvoiceNo": "537034", "StockCode": "21947", "Description": "SET OF 6 HEART CHOPSTICKS", "Quantity": "12", "InvoiceDate": "03-12-2010 17:20", "UnitPrice": "1.25", "CustomerID": "13081", "Country": "United Kingdom"},
{"InvoiceNo": "537034", "StockCode": "22024", "Description": "RAINY LADIES BIRTHDAY CARD", "Quantity": "12", "InvoiceDate": "03-12-2010 17:20", "UnitPrice": "0.42", "CustomerID": "13081", "Country": "United Kingdom"},
{"InvoiceNo": "537034", "StockCode": "22029", "Description": "SPACEBOY BIRTHDAY CARD", "Quantity": "24", "InvoiceDate": "03-12-2010 17:20", "UnitPrice": "0.42", "CustomerID": "13081", "Country": "United Kingdom"},
{"InvoiceNo": "537034", "StockCode": "22090", "Description": "PAPER BUNTING RETROSPOT", "Quantity": "24", "InvoiceDate": "03-12-2010 17:20", "UnitPrice": "2.95", "CustomerID": "13081", "Country": "United Kingdom"},
{"InvoiceNo": "537034", "StockCode": "22111", "Description": "SCOTTIE DOG HOT WATER BOTTLE", "Quantity": "12", "InvoiceDate": "03-12-2010 17:20", "UnitPrice": "4.95", "CustomerID": "13081", "Country": "United Kingdom"},
{"InvoiceNo": "537034", "StockCode": "22131", "Description": "FOOD CONTAINER SET 3 LOVE HEART ", "Quantity": "12", "InvoiceDate": "03-12-2010 17:20", "UnitPrice": "1.95", "CustomerID": "13081", "Country": "United Kingdom"},
{"InvoiceNo": "537034", "StockCode": "22133", "Description": "PINK LOVE HEART SHAPE CUP", "Quantity": "12", "InvoiceDate": "03-12-2010 17:20", "UnitPrice": "0.85", "CustomerID": "13081", "Country": "United Kingdom"},
{"InvoiceNo": "537034", "StockCode": "22142", "Description": "CHRISTMAS CRAFT WHITE FAIRY ", "Quantity": "12", "InvoiceDate": "03-12-2010 17:20", "UnitPrice": "1.45", "CustomerID": "13081", "Country": "United Kingdom"},
{"InvoiceNo": "537034", "StockCode": "22197", "Description": "SMALL POPCORN HOLDER", "Quantity": "24", "InvoiceDate": "03-12-2010 17:20", "UnitPrice": "0.85", "CustomerID": "13081", "Country": "United Kingdom"},
{"InvoiceNo": "537034", "StockCode": "22198", "Description": "LARGE POPCORN HOLDER ", "Quantity": "12", "InvoiceDate": "03-12-2010 17:20", "UnitPrice": "1.65", "CustomerID": "13081", "Country": "United Kingdom"},
{"InvoiceNo": "537034", "StockCode": "22200", "Description": "FRYING PAN PINK POLKADOT", "Quantity": "4", "InvoiceDate": "03-12-2010 17:20", "UnitPrice": "4.25", "CustomerID": "13081", "Country": "United Kingdom"},
{"InvoiceNo": "537034", "StockCode": "22314", "Description": "OFFICE MUG WARMER CHOC+BLUE", "Quantity": "6", "InvoiceDate": "03-12-2010 17:20", "UnitPrice": "2.95", "CustomerID": "13081", "Country": "United Kingdom"},
{"InvoiceNo": "537034", "StockCode": "22327", "Description": "ROUND SNACK BOXES SET OF 4 SKULLS", "Quantity": "6", "InvoiceDate": "03-12-2010 17:20", "UnitPrice": "2.95", "CustomerID": "13081", "Country": "United Kingdom"},
{"InvoiceNo": "537034", "StockCode": "22348", "Description": "TEA BAG PLATE RED RETROSPOT", "Quantity": "12", "InvoiceDate": "03-12-2010 17:20", "UnitPrice": "0.85", "CustomerID": "13081", "Country": "United Kingdom"},
{"InvoiceNo": "537034", "StockCode": "22418", "Description": "10 COLOUR SPACEBOY PEN", "Quantity": "24", "InvoiceDate": "03-12-2010 17:20", "UnitPrice": "0.85", "CustomerID": "13081", "Country": "United Kingdom"},
{"InvoiceNo": "537034", "StockCode": "22431", "Description": "WATERING CAN BLUE ELEPHANT", "Quantity": "24", "InvoiceDate": "03-12-2010 17:20", "UnitPrice": "1.95", "CustomerID": "13081", "Country": "United Kingdom"},
{"InvoiceNo": "537034", "StockCode": "22432", "Description": "WATERING CAN PINK BUNNY", "Quantity": "6", "InvoiceDate": "03-12-2010 17:20", "UnitPrice": "1.95", "CustomerID": "13081", "Country": "United Kingdom"},
{"InvoiceNo": "537034", "StockCode": "22433", "Description": "WATERING CAN GREEN DINOSAUR", "Quantity": "12", "InvoiceDate": "03-12-2010 17:20", "UnitPrice": "1.95", "CustomerID": "13081", "Country": "United Kingdom"},
{"InvoiceNo": "537034", "StockCode": "22434", "Description": "BALLOON PUMP WITH 10 BALLOONS", "Quantity": "8", "InvoiceDate": "03-12-2010 17:20", "UnitPrice": "1.95", "CustomerID": "13081", "Country": "United Kingdom"},
{"InvoiceNo": "537034", "StockCode": "22466", "Description": "FAIRY TALE COTTAGE NIGHTLIGHT", "Quantity": "12", "InvoiceDate": "03-12-2010 17:20", "UnitPrice": "1.95", "CustomerID": "13081", "Country": "United Kingdom"},
{"InvoiceNo": "537034", "StockCode": "22553", "Description": "PLASTERS IN TIN SKULLS", "Quantity": "24", "InvoiceDate": "03-12-2010 17:20", "UnitPrice": "1.65", "CustomerID": "13081", "Country": "United Kingdom"},
{"InvoiceNo": "537034", "StockCode": "22568", "Description": "FELTCRAFT CUSHION OWL", "Quantity": "8", "InvoiceDate": "03-12-2010 17:20", "UnitPrice": "3.75", "CustomerID": "13081", "Country": "United Kingdom"},
{"InvoiceNo": "537034", "StockCode": "22569", "Description": "FELTCRAFT CUSHION BUTTERFLY", "Quantity": "12", "InvoiceDate": "03-12-2010 17:20", "UnitPrice": "3.75", "CustomerID": "13081", "Country": "United Kingdom"},
{"InvoiceNo": "537034", "StockCode": "22570", "Description": "FELTCRAFT CUSHION RABBIT", "Quantity": "8", "InvoiceDate": "03-12-2010 17:20", "UnitPrice": "3.75", "CustomerID": "13081", "Country": "United Kingdom"},
{"InvoiceNo": "537034", "StockCode": "22616", "Description": "PACK OF 12 LONDON TISSUES ", "Quantity": "48", "InvoiceDate": "03-12-2010 17:20", "UnitPrice": "0.29", "CustomerID": "13081", "Country": "United Kingdom"},
{"InvoiceNo": "537034", "StockCode": "22629", "Description": "SPACEBOY LUNCH BOX ", "Quantity": "12", "InvoiceDate": "03-12-2010 17:20", "UnitPrice": "1.95", "CustomerID": "13081", "Country": "United Kingdom"},
{"InvoiceNo": "537034", "StockCode": "22633", "Description": "HAND WARMER UNION JACK", "Quantity": "96", "InvoiceDate": "03-12-2010 17:20", "UnitPrice": "1.85", "CustomerID": "13081", "Country": "United Kingdom"},
{"InvoiceNo": "537034", "StockCode": "22662", "Description": "LUNCH BAG DOLLY GIRL DESIGN", "Quantity": "20", "InvoiceDate": "03-12-2010 17:20", "UnitPrice": "1.65", "CustomerID": "13081", "Country": "United Kingdom"},
{"InvoiceNo": "537034", "StockCode": "22732", "Description": "3D VINTAGE CHRISTMAS STICKERS ", "Quantity": "18", "InvoiceDate": "03-12-2010 17:20", "UnitPrice": "1.25", "CustomerID": "13081", "Country": "United Kingdom"},
{"InvoiceNo": "537034", "StockCode": "22738", "Description": "RIBBON REEL SNOWY VILLAGE", "Quantity": "10", "InvoiceDate": "03-12-2010 17:20", "UnitPrice": "1.65", "CustomerID": "13081", "Country": "United Kingdom"},
{"InvoiceNo": "537034", "StockCode": "22745", "Description": "POPPY'S PLAYHOUSE BEDROOM ", "Quantity": "6", "InvoiceDate": "03-12-2010 17:20", "UnitPrice": "2.1", "CustomerID": "13081", "Country": "United Kingdom"},
{"InvoiceNo": "537034", "StockCode": "22746", "Description": "POPPY'S PLAYHOUSE LIVINGROOM ", "Quantity": "6", "InvoiceDate": "03-12-2010 17:20", "UnitPrice": "2.1", "CustomerID": "13081", "Country": "United Kingdom"},
{"InvoiceNo": "537034", "StockCode": "22747", "Description": "POPPY'S PLAYHOUSE BATHROOM", "Quantity": "6", "InvoiceDate": "03-12-2010 17:20", "UnitPrice": "2.1", "CustomerID": "13081", "Country": "United Kingdom"},
{"InvoiceNo": "537034", "StockCode": "22748", "Description": "POPPY'S PLAYHOUSE KITCHEN", "Quantity": "6", "InvoiceDate": "03-12-2010 17:20", "UnitPrice": "2.1", "CustomerID": "13081", "Country": "United Kingdom"},
{"InvoiceNo": "537034", "StockCode": "22780", "Description": "LIGHT GARLAND BUTTERFILES PINK", "Quantity": "8", "InvoiceDate": "03-12-2010 17:20", "UnitPrice": "4.25", "CustomerID": "13081", "Country": "United Kingdom"},
{"InvoiceNo": "537034", "StockCode": "22837", "Description": "HOT WATER BOTTLE BABUSHKA ", "Quantity": "12", "InvoiceDate": "03-12-2010 17:20", "UnitPrice": "4.65", "CustomerID": "13081", "Country": "United Kingdom"},
{"InvoiceNo": "537034", "StockCode": "22865", "Description": "HAND WARMER OWL DESIGN", "Quantity": "96", "InvoiceDate": "03-12-2010 17:20", "UnitPrice": "1.85", "CustomerID": "13081", "Country": "United Kingdom"},
{"InvoiceNo": "537034", "StockCode": "22866", "Description": "HAND WARMER SCOTTY DOG DESIGN", "Quantity": "96", "InvoiceDate": "03-12-2010 17:20", "UnitPrice": "1.85", "CustomerID": "13081", "Country": "United Kingdom"},
{"InvoiceNo": "537034", "StockCode": "22867", "Description": "HAND WARMER BIRD DESIGN", "Quantity": "96", "InvoiceDate": "03-12-2010 17:20", "UnitPrice": "1.85", "CustomerID": "13081", "Country": "United Kingdom"},
{"InvoiceNo": "537034", "StockCode": "22910", "Description": "PAPER CHAIN KIT VINTAGE CHRISTMAS", "Quantity": "40", "InvoiceDate": "03-12-2010 17:20", "UnitPrice": "2.55", "CustomerID": "13081", "Country": "United Kingdom"},
{"InvoiceNo": "537034", "StockCode": "22940", "Description": "FELTCRAFT CHRISTMAS FAIRY", "Quantity": "12", "InvoiceDate": "03-12-2010 17:20", "UnitPrice": "4.25", "CustomerID": "13081", "Country": "United Kingdom"},
{"InvoiceNo": "537034", "StockCode": "84006", "Description": "MAGIC TREE -PAPER FLOWERS", "Quantity": "36", "InvoiceDate": "03-12-2010 17:20", "UnitPrice": "0.85", "CustomerID": "13081", "Country": "United Kingdom"},
{"InvoiceNo": "537034", "StockCode": "84375", "Description": "SET OF 20 KIDS COOKIE CUTTERS", "Quantity": "12", "InvoiceDate": "03-12-2010 17:20", "UnitPrice": "2.1", "CustomerID": "13081", "Country": "United Kingdom"},
{"InvoiceNo": "537034", "StockCode": "84988", "Description": "SET OF 72 PINK HEART PAPER DOILIES", "Quantity": "12", "InvoiceDate": "03-12-2010 17:20", "UnitPrice": "1.45", "CustomerID": "13081", "Country": "United Kingdom"},
{"InvoiceNo": "537034", "StockCode": "15060B", "Description": "FAIRY CAKE DESIGN UMBRELLA", "Quantity": "4", "InvoiceDate": "03-12-2010 17:20", "UnitPrice": "3.75", "CustomerID": "13081", "Country": "United Kingdom"},
{"InvoiceNo": "537034", "StockCode": "84029E", "Description": "RED WOOLLY HOTTIE WHITE HEART.", "Quantity": "12", "InvoiceDate": "03-12-2010 17:20", "UnitPrice": "3.75", "CustomerID": "13081", "Country": "United Kingdom"},
{"InvoiceNo": "537034", "StockCode": "84030E", "Description": "ENGLISH ROSE HOT WATER BOTTLE", "Quantity": "12", "InvoiceDate": "03-12-2010 17:20", "UnitPrice": "4.25", "CustomerID": "13081", "Country": "United Kingdom"},
{"InvoiceNo": "537034", "StockCode": "84247G", "Description": "DECOUPAGE,GREETING CARD,", "Quantity": "12", "InvoiceDate": "03-12-2010 17:20", "UnitPrice": "0.42", "CustomerID": "13081", "Country": "United Kingdom"},
{"InvoiceNo": "537034", "StockCode": "84997D", "Description": "PINK 3 PIECE POLKADOT CUTLERY SET", "Quantity": "6", "InvoiceDate": "03-12-2010 17:20", "UnitPrice": "3.75", "CustomerID": "13081", "Country": "United Kingdom"}
]