[{"InvoiceNo": "C536850", "StockCode": "22186", "Description": "RED STAR CARD HOLDER", "Quantity": "-48", "InvoiceDate": "03-12-2010 9:47", "UnitPrice": "2.55", "CustomerID": "14213", "Country": "United Kingdom"},
{"InvoiceNo": "C536850", "StockCode": "22580", "Description": "ADVENT CALENDAR GINGHAM SACK", "Quantity": "-48", "InvoiceDate": "03-12-2010 9:47", "UnitPrice": "4.95", "CustomerID": "14213", "Country": "United Kingdom"},
{"InvoiceNo": "C536850", "StockCode": "22591", "Description": "CARDHOLDER GINGHAM CHRISTMAS TREE", "Quantity": "-50", "InvoiceDate": "03-12-2010 9:47", "UnitPrice": "2.55", "CustomerID": "14213", "Country": "United Kingdom"},
{"InvoiceNo": "C536850", "StockCode": "22689", "Description": "DOORMAT MERRY CHRISTMAS RED ", "Quantity": "-50", "InvoiceDate": "03-12-2010 9:47", "UnitPrice": "6.75", "CustomerID": "14213", "Country": "United Kingdom"},
{"InvoiceNo": "C536850", "StockCode": "22942", "Description": "CHRISTMAS LIGHTS 10 SANTAS ", "Quantity": "-48", "InvoiceDate": "03-12-2010 9:47", "UnitPrice": "7.65", "CustomerID": "14213", "Country": "United Kingdom"},
{"InvoiceNo": "536860", "StockCode": "21484", "Description": "CHICK GREY HOT WATER BOTTLE", "Quantity": "2", "InvoiceDate": "03-12-2010 10:43", "UnitPrice": "3.45", "CustomerID": "16905", "Country": "United Kingdom"},
{"InvoiceNo": "536860", "StockCode": "21485", "Description": "RETROSPOT HEART HOT WATER BOTTLE", "Quantity": "3", "InvoiceDate": "03-12-2010 10:43", "UnitPrice": "4.95", "CustomerID": "16905", "Country": "United Kingdom"},
{"InvoiceNo": "536860", "StockCode": "22111", "Description": "SCOTTIE DOG HOT WATER BOTTLE", "Quantity": "3", "InvoiceDate": "03-12-2010 10:43", "UnitPrice": "4.95", "CustomerID": "16905", "Country": "United Kingdom"},
{"InvoiceNo": "536860", "StockCode": "22155", "Description": "STAR DECORATION RUSTIC", "Quantity": "10", "InvoiceDate": "03-12-2010 10:43", "UnitPrice": "0.42", "CustomerID": "16905", "Country": "United Kingdom"},
{"InvoiceNo": "536860", "StockCode": "22158", "Description": "3 HEARTS HANGING DECORATION RUSTIC", "Quantity": "13", "InvoiceDate": "03-12-2010 10:43", "UnitPrice": "2.95", "CustomerID": "16905", "Country": "United Kingdom"},
{"InvoiceNo": "536860", "StockCode": "22575", "Description": "METAL MERRY CHRISTMAS WREATH", "Quantity": "3", "InvoiceDate": "03-12-2010 10:43", "UnitPrice": "1.95", "CustomerID": "16905", "Country": "United Kingdom"},
{"InvoiceNo": "536860", "StockCode": "22626", "Description": "BLACK KITCHEN SCALES", "Quantity": "1", "InvoiceDate": "03-12-2010 10:43", "UnitPrice": "8.5", "CustomerID": "16905", "Country": "United Kingdom"},
{"InvoiceNo": "536860", "StockCode": "22627", "Description": "MINT KITCHEN SCALES", "Quantity": "1", "InvoiceDate": "03-12-2010 10:43", "UnitPrice": "8.5", "CustomerID": "16905", "Country": "United Kingdom"},
{"InvoiceNo": "536860", "StockCode": "84347", "Description": "ROTATING SILVER ANGELS T-LIGHT HLDR", "Quantity": "48", "InvoiceDate": "03-12-2010 10:43", "UnitPrice": "2.55", "CustomerID": "16905", "Country": "United Kingdom"},
{"InvoiceNo": "536860", "StockCode": "85131A", "Description": "BEADED PEARL HEART WHITE ON STICK", "Quantity": "24", "InvoiceDate": "03-12-2010 10:43", "UnitPrice": "1.25", "CustomerID": "16905", "Country": "United Kingdom"},
{"InvoiceNo": "536890", "StockCode": "17084R", "Description": "ASSORTED INCENSE PACK", "Quantity": "1440", "InvoiceDate": "03-12-2010 11:48", "UnitPrice": "0.16", "CustomerID": "14156", "Country": "EIRE"},
{"InvoiceNo": "536890", "StockCode": "17090A", "Description": "LAVENDER INCENSE 40 CONES IN TIN", "Quantity": "36", "InvoiceDate": "03-12-2010 11:48", "UnitPrice": "0.85", "CustomerID": "14156", "Country": "EIRE"},
{"InvoiceNo": "536890", "StockCode": "17091J", "Description": "VANILLA INCENSE IN TIN", "Quantity": "72", "InvoiceDate": "03-12-2010 11:48", "UnitPrice": "0.85", "CustomerID": "14156", "Country": "EIRE"},
{"InvoiceNo": "536920", "StockCode": "16235", "Description": "RECYCLED PENCIL WITH RABBIT ERASER", "Quantity": "10", "InvoiceDate": "03-12-2010 12:01", "UnitPrice": "0.21", "CustomerID": "", "Country": "United Kingdom"},
{"InvoiceNo": "536920", "StockCode": "21027", "Description": "NINJA RABBIT PINK", "Quantity": "1", "InvoiceDate": "03-12-2010 12:01", "UnitPrice": "1.25", "CustomerID": "", "Country": "United Kingdom"},
{"InvoiceNo": "536920", "StockCode": "21095", "Description": "SET/6 POSIES PAPER PLATES", "Quantity": "8", "InvoiceDate": "03-12-2010 12:01", "UnitPrice": "0.85", "CustomerID": "", "Country": "United Kingdom"},
{"InvoiceNo": "536920", "StockCode": "21161", "Description": "KEEP OUT BOYS DOOR HANGER ", "Quantity": "1", "InvoiceDate": "03-12-2010 12:01", "UnitPrice": "1.45", "CustomerID": "", "Country": "United Kingdom"},
{"InvoiceNo": "536920", "StockCode": "21239", "Description": "PINK  POLKADOT CUP", "Quantity": "14", "InvoiceDate": "03-12-2010 12:01", "UnitPrice": "0.85", "CustomerID": "", "Country": "United Kingdom"},
{"InvoiceNo": "536920", "StockCode": "22907", "Description": "PACK OF 20 NAPKINS PANTRY DESIGN", "Quantity": "3", "InvoiceDate": "03-12-2010 12:01", "UnitPrice": "0.85", "CustomerID": "", "Country": "United Kingdom"},
{"InvoiceNo": "536920", "StockCode": "84539", "Description": "KNITTED RABBIT DOLL ", "Quantity": "10", "InvoiceDate": "03-12-2010 12:01", "UnitPrice": "1.65", "CustomerID": "", "Country": "United Kingdom"},
{"InvoiceNo": "536920", "StockCode": "90096", "Description": "NECKLACE+BRACELET SET BLUE BLOSSOM", "Quantity": "6", "InvoiceDate": "03-12-2010 12:01", "UnitPrice": "2.55", "CustomerID": "", "Country": "United Kingdom"},
{"InvoiceNo": "536920", "StockCode": "90099", "Description": "NECKLACE+BRACELET SET BLUE HIBISCUS", "Quantity": "4", "InvoiceDate": "03-12-2010 12:01", "UnitPrice": "2.55", "CustomerID": "", "Country": "United Kingdom"},
{"InvoiceNo": "536920", "StockCode": "85049G", "Description": "CHOCOLATE BOX RIBBONS ", "Quantity": "1", "InvoiceDate": "03-12-2010 12:01", "UnitPrice": "1.25", "CustomerID": "", "Country": "United Kingdom"},
{"InvoiceNo": "536960", "StockCode": "20975", "Description": "12 PENCILS SMALL TUBE RED RETROSPOT", "Quantity": "24", "InvoiceDate": "03-12-2010 12:48", "UnitPrice": "0.65", "CustomerID": "16477", "Country": "United Kingdom"},
{"InvoiceNo": "536960", "StockCode": "21704", "Description": "BAG 250g SWIRLY MARBLES", "Quantity": "12", "InvoiceDate": "03-12-2010 12:48", "UnitPrice": "0.85", "CustomerID": "16477", "Country": "United Kingdom"},
{"InvoiceNo": "536960", "StockCode": "21889", "Description": "WOODEN BOX OF DOMINOES", "Quantity": "12", "InvoiceDate": "03-12-2010 12:48", "UnitPrice": "1.25", "CustomerID": "16477", "Country": "United Kingdom"},
{"InvoiceNo": "536960", "StockCode": "21890", "Description": "S/6 WOODEN SKITTLES IN COTTON BAG", "Quantity": "6", "InvoiceDate": "03-12-2010 12:48", "UnitPrice": "2.95", "CustomerID": "16477", "Country": "United Kingdom"},
{"InvoiceNo": "536960", "StockCode": "21914", "Description": "BLUE HARMONICA IN BOX ", "Quantity": "12", "InvoiceDate": "03-12-2010 12:48", "UnitPrice": "1.25", "CustomerID": "16477", "Country": "United Kingdom"},
{"InvoiceNo": "536960", "StockCode": "21945", "Description": "STRAWBERRIES  DESIGN FLANNEL ", "Quantity": "12", "InvoiceDate": "03-12-2010 12:48", "UnitPrice": "0.85", "CustomerID": "16477", "Country": "United Kingdom"},
{"InvoiceNo": "536960", "StockCode": "22086", "Description": "PAPER CHAIN KIT 50'S CHRISTMAS ", "Quantity": "6", "InvoiceDate": "03-12-2010 12:48", "UnitPrice": "2.95", "CustomerID": "16477", "Country": "United Kingdom"},
{"InvoiceNo": "536960", "StockCode": "22112", "Description": "CHOCOLATE HOT WATER BOTTLE", "Quantity": "6", "InvoiceDate": "03-12-2010 12:48", "UnitPrice": "4.95", "CustomerID": "16477", "Country": "United Kingdom"},
{"InvoiceNo": "536960", "StockCode": "22114", "Description": "HOT WATER BOTTLE TEA AND SYMPATHY", "Quantity": "4", "InvoiceDate": "03-12-2010 12:48", "UnitPrice": "3.95", "CustomerID": "16477", "Country": "United Kingdom"},
{"InvoiceNo": "536960", "StockCode": "22141", "Description": "CHRISTMAS CRAFT TREE TOP ANGEL", "Quantity": "6", "InvoiceDate": "03-12-2010 12:48", "UnitPrice": "2.1", "CustomerID": "16477", "Country": "United Kingdom"},
{"InvoiceNo": "536960", "StockCode": "22142", "Description": "CHRISTMAS CRAFT WHITE FAIRY ", "Quantity": "12", "InvoiceDate": "03-12-2010 12:48", "UnitPrice": "1.45", "CustomerID": "16477", "Country": "United Kingdom"},
{"InvoiceNo": "536960", "StockCode": "22144", "Description": "CHRISTMAS CRAFT LITTLE FRIENDS", "Quantity": "6", "InvoiceDate": "03-12-2010 12:48", "UnitPrice": "2.1", "CustomerID": "16477", "Country": "United Kingdom"},
{"InvoiceNo": "536960", "StockCode": "22505", "Description": "MEMO BOARD COTTAGE DESIGN", "Quantity": "4", "InvoiceDate": "03-12-2010 12:48", "UnitPrice": "4.95", "CustomerID": "16477", "Country": "United Kingdom"},
{"InvoiceNo": "536960", "StockCode": "47590A", "Description": "BLUE HAPPY BIRTHDAY BUNTING", "Quantity": "3", "InvoiceDate": "03-12-2010 12:48", "UnitPrice": "5.45", "CustomerID": "16477", "Country": "United Kingdom"},
{"InvoiceNo": "536970", "StockCode": "22423", "Description": "REGENCY CAKESTAND 3 TIER", "Quantity": "120", "InvoiceDate": "03-12-2010 13:12", "UnitPrice": "10.95", "CustomerID": "17949", "Country": "United Kingdom"},
{"InvoiceNo": "536980", "StockCode": "22306", "Description": "SILVER MUG BONE CHINA TREE OF LIFE", "Quantity": "24", "InvoiceDate": "03-12-2010 14:26", "UnitPrice": "1.95", "CustomerID": "17819", "Country": "United Kingdom"},
{"InvoiceNo": "536980", "StockCode": "22423", "Description": "REGENCY CAKESTAND 3 TIER", "Quantity": "16", "InvoiceDate": "03-12-2010 14:26", "UnitPrice": "10.95", "CustomerID": "17819", "Country": "United Kingdom"},
{"InvoiceNo": "536980", "StockCode": "22632", "Description": "HAND WARMER RED RETROSPOT", "Quantity": "10", "InvoiceDate": "03-12-2010 14:26", "UnitPrice": "2.1", "CustomerID": "17819", "Country": "United Kingdom"},
{"InvoiceNo": "536980", "StockCode": "22697", "Description": "GREEN REGENCY TEACUP AND SAUCER", "Quantity": "48", "InvoiceDate": "03-12-2010 14:26", "UnitPrice": "2.55", "CustomerID": "17819", "Country": "United Kingdom"},
{"InvoiceNo": "536980", "StockCode": "22699", "Description": "ROSES REGENCY TEACUP AND SAUCER ", "Quantity": "48", "InvoiceDate": "03-12-2010 14:26", "UnitPrice": "2.55", "CustomerID": "17819", "Country": "United Kingdom"},
{"InvoiceNo": "536980", "StockCode": "22865", "Description": "HAND WARMER OWL DESIGN", "Quantity": "20", "InvoiceDate": "03-12-2010 14:26", "UnitPrice": "2.1", "CustomerID": "17819", "Country": "United Kingdom"},
{"InvoiceNo": "536980", "StockCode": "22866", "Description": "HAND WARMER SCOTTY DOG DESIGN", "Quantity": "20", "InvoiceDate": "03-12-2010 14:26", "UnitPrice": "2.1", "CustomerID": "17819", "Country": "United Kingdom"},
{"InvoiceNo": "536980", "StockCode": "22909", "Description": "SET OF 20 VINTAGE CHRISTMAS NAPKINS", "Quantity": "2", "InvoiceDate": "03-12-2010 14:26", "UnitPrice": "0.85", "CustomerID": "17819", "Country": "United Kingdom"},
{"InvoiceNo": "536980", "StockCode": "22910", "Description": "PAPER CHAIN KIT VINTAGE CHRISTMAS", "Quantity": "1", "InvoiceDate": "03-12-2010 14:26", "UnitPrice": "2.95", "CustomerID": "17819", "Country": "United Kingdom"},
{"InvoiceNo": "536980", "StockCode": "22952", "Description": "60 CAKE CASES VINTAGE CHRISTMAS", "Quantity": "2", "InvoiceDate": "03-12-2010 14:26", "UnitPrice": "0.55", "CustomerID": "17819", "Country": "United Kingdom"},
{"InvoiceNo": "536980", "StockCode": "85230B", "Description": "CINNAMON SCENTED VOTIVE CANDLE", "Quantity": "24", "InvoiceDate": "03-12-2010 14:26", "UnitPrice": "0.29", "CustomerID": "17819", "Country": "United Kingdom"},
{"InvoiceNo": "536980", "StockCode": "85230F", "Description": "JASMINE VOTIVE CANDLE", "Quantity": "24", "InvoiceDate": "03-12-2010 14:26", "UnitPrice": "0.29", "CustomerID": "17819", "Country": "United Kingdom"},
{"InvoiceNo": "536990", "StockCode": "20658", "Description": "RED RETROSPOT LUGGAGE TAG", "Quantity": "12", "InvoiceDate": "03-12-2010 15:14", "UnitPrice": "1.25", "CustomerID": "12793", "Country": "Portugal"},
{"InvoiceNo": "536990", "StockCode": "20669", "Description": "RED HEART LUGGAGE TAG", "Quantity": "12", "InvoiceDate": "03-12-2010 15:14", "UnitPrice": "1.25", "CustomerID": "12793", "Country": "Portugal"},
{"InvoiceNo": "536990", "StockCode": "20726", "Description": "LUNCH BAG WOODLAND", "Quantity": "10", "InvoiceDate": "03-12-2010 15:14", "UnitPrice": "1.65", "CustomerID": "12793", "Country": "Portugal"},
{"InvoiceNo": "536990", "StockCode": "20728", "Description": "LUNCH BAG CARS BLUE", "Quantity": "14", "InvoiceDate": "03-12-2010 15:14", "UnitPrice": "1.65", "CustomerID": "12793", "Country": "Portugal"},
{"InvoiceNo": "536990", "StockCode": "21992", "Description": "VINTAGE PAISLEY STATIONERY SET", "Quantity": "6", "InvoiceDate": "03-12-2010 15:14", "UnitPrice": "2.95", "CustomerID": "12793", "Country": "Portugal"},
{"InvoiceNo": "536990", "StockCode": "22383", "Description": "LUNCH BAG SUKI  DESIGN ", "Quantity": "10", "InvoiceDate": "03-12-2010 15:14", "UnitPrice": "1.65", "CustomerID": "12793", "Country": "Portugal"},
{"InvoiceNo": "536990", "StockCode": "POST", "Description": "POSTAGE", "Quantity": "1", "InvoiceDate": "03-12-2010 15:14", "UnitPrice": "28", "CustomerID": "12793", "Country": "Portugal"},
{"InvoiceNo": "537000", "StockCode": "21414", "Description": "", "Quantity": "-22", "InvoiceDate": "03-12-2010 15:32", "UnitPrice": "0", "CustomerID": "", "Country": "United Kingdom"},
{"InvoiceNo": "537010", "StockCode": "22162", "Description": "", "Quantity": "-40", "InvoiceDate": "03-12-2010 15:38", "UnitPrice": "0", "CustomerID": "", "Country": "United Kingdom"},
{"InvoiceNo": "537020", "StockCode": "21807", "Description": "", "Quantity": "-30", "InvoiceDate": "03-12-2010 15:43", "UnitPrice": "0", "CustomerID": "", "Country": "United Kingdom"},
{"InvoiceNo": "537030", "StockCode": "20969", "Description": "RED FLORAL FELTCRAFT SHOULDER BAG", "Quantity": "8", "InvoiceDate": "03-12-2010 16:44", "UnitPrice": "3.75", "CustomerID": "16455", "Country": "United Kingdom"},
{"InvoiceNo": "537030", "StockCode": "20970", "Description": "PINK FLORAL FELTCRAFT SHOULDER BAG", "Quantity": "8", "InvoiceDate": "03-12-2010 16:44", "UnitPrice": "3.75", "CustomerID": "16455", "Country": "United Kingdom"},
{"InvoiceNo": "537030", "StockCode": "20971", "Description": "PINK BLUE FELT CRAFT TRINKET BOX", "Quantity": "12", "InvoiceDate": "03-12-2010 16:44", "UnitPrice": "1.25", "CustomerID": "16455", "Country": "United Kingdom"},
{"InvoiceNo": "537030", "StockCode": "20972", "Description": "PINK CREAM FELT CRAFT TRINKET BOX ", "Quantity": "12", "InvoiceDate": "03-12-2010 16:44", "UnitPrice": "1.25", "CustomerID": "16455", "Country": "United Kingdom"},
{"InvoiceNo": "537030", "StockCode": "22147", "Description": "FELTCRAFT BUTTERFLY HEARTS", "Quantity": "12", "InvoiceDate": "03-12-2010 16:44", "UnitPrice": "1.45", "CustomerID": "16455", "Country": "United Kingdom"},
{"InvoiceNo": "537030", "StockCode": "22149", "Description": "FELTCRAFT 6 FLOWER FRIENDS", "Quantity": "12", "InvoiceDate": "03-12-2010 16:44", "UnitPrice": "2.1", "CustomerID": "16455", "Country": "United Kingdom"},
{"InvoiceNo": "537030", "StockCode": "22150", "Description": "3 STRIPEY MICE FELTCRAFT", "Quantity": "12", "InvoiceDate": "03-12-2010 16:44", "UnitPrice": "1.95", "CustomerID": "16455", "Country": "United Kingdom"},
{"InvoiceNo": "537030", "StockCode": "22438", "Description": "BALLOON ART MAKE YOUR OWN FLOWERS", "Quantity": "10", "InvoiceDate": "03-12-2010 16:44", "UnitPrice": "1.95", "CustomerID": "16455", "Country": "United Kingdom"},
{"InvoiceNo": "537030", "StockCode": "22565", "Description": "FELTCRAFT HAIRBANDS PINK AND WHITE ", "Quantity": "12", "InvoiceDate": "03-12-2010 16:44", "UnitPrice": "0.85", "CustomerID": "16455", "Country": "United Kingdom"},
{"InvoiceNo": "537030", "StockCode": "22566", "Description": "FELTCRAFT HAIRBAND PINK AND PURPLE", "Quantity": "12", "InvoiceDate": "03-12-2010 16:44", "UnitPrice": "0.85", "CustomerID": "16455", "Country": "United Kingdom"},
{"InvoiceNo": "537030", "StockCode": "22570", "Description": "FELTCRAFT CUSHION RABBIT", "Quantity": "8", "InvoiceDate": "03-12-2010 16:44", "UnitPrice": "3.75", "CustomerID": "16455", "Country": "United Kingdom"},
{"InvoiceNo": "537030", "StockCode": "22586", "Description": "FELTCRAFT HAIRBAND PINK AND BLUE", "Quantity": "12", "InvoiceDate": "03-12-2010 16:44", "UnitPrice": "0.85", "CustomerID": "16455", "Country": "United Kingdom"},
{"InvoiceNo": "537030", "StockCode": "22587", "Description": "FELTCRAFT HAIRBAND RED AND BLUE", "Quantity": "12", "InvoiceDate": "03-12-2010 16:44", "UnitPrice": "0.85", "CustomerID": "16455", "Country": "United Kingdom"}
]