[{"InvoiceNo": "536852", "StockCode": "21786", "Description": "POLKADOT RAIN HAT ", "Quantity": "24", "InvoiceDate": "03-12-2010 9:51", "UnitPrice": "0.42", "CustomerID": "12686", "Country": "France"},
{"InvoiceNo": "536852", "StockCode": "21791", "Description": "VINTAGE HEADS AND TAILS CARD GAME ", "Quantity": "12", "InvoiceDate": "03-12-2010 9:51", "UnitPrice": "1.25", "CustomerID": "12686", "Country": "France"},
{"InvoiceNo": "536852", "StockCode": "22539", "Description": "MINI JIGSAW DOLLY GIRL", "Quantity": "24", "InvoiceDate": "03-12-2010 9:51", "UnitPrice": "0.42", "CustomerID": "12686", "Country": "France"},
{"InvoiceNo": "536852", "StockCode": "22544", "Description": "MINI JIGSAW SPACEBOY", "Quantity": "24", "InvoiceDate": "03-12-2010 9:51", "UnitPrice": "0.42", "CustomerID": "12686", "Country": "France"},
{"InvoiceNo": "536852", "StockCode": "22549", "Description": "PICTURE DOMINOES", "Quantity": "12", "InvoiceDate": "03-12-2010 9:51", "UnitPrice": "1.45", "CustomerID": "12686", "Country": "France"},
{"InvoiceNo": "536852", "StockCode": "22661", "Description": "CHARLOTTE BAG DOLLY GIRL DESIGN", "Quantity": "10", "InvoiceDate": "03-12-2010 9:51", "UnitPrice": "0.85", "CustomerID": "12686", "Country": "France"},
{"InvoiceNo": "536852", "StockCode": "POST", "Description": "POSTAGE", "Quantity": "1", "InvoiceDate": "03-12-2010 9:51", "UnitPrice": "18", "CustomerID": "12686", "Country": "France"},
{"InvoiceNo": "536862", "StockCode": "20658", "Description": "RED RETROSPOT LUGGAGE TAG", "Quantity": "3", "InvoiceDate": "03-12-2010 11:13", "UnitPrice": "2.51", "CustomerID": "", "Country": "United Kingdom"},
{"InvoiceNo": "536862", "StockCode": "20725", "Description": "LUNCH BAG RED RETROSPOT", "Quantity": "3", "InvoiceDate": "03-12-2010 11:13", "UnitPrice": "5.06", "CustomerID": "", "Country": "United Kingdom"},
{"InvoiceNo": "536862", "StockCode": "20941", "Description": "FROG CANDLE", "Quantity": "1", "InvoiceDate": "03-12-2010 11:13", "UnitPrice": "2.51", "CustomerID": "", "Country": "United Kingdom"},
{"InvoiceNo": "536862", "StockCode": "21066", "Description": "VINTAGE RED MUG", "Quantity": "1", "InvoiceDate": "03-12-2010 11:13", "UnitPrice": "2.51", "CustomerID": "", "Country": "United Kingdom"},
{"InvoiceNo": "536862", "StockCode": "21071", "Description": "VINTAGE BILLBOARD DRINK ME MUG", "Quantity": "1", "InvoiceDate": "03-12-2010 11:13", "UnitPrice": "2.51", "CustomerID": "", "Country": "United Kingdom"},
{"InvoiceNo": "536862", "StockCode": "21086", "Description": "SET/6 RED SPOTTY PAPER CUPS", "Quantity": "2", "InvoiceDate": "03-12-2010 11:13", "UnitPrice": "1.66", "CustomerID": "", "Country": "United Kingdom"},
{"InvoiceNo": "536862", "StockCode": "21116", "Description": "OWL DOORSTOP", "Quantity": "2", "InvoiceDate": "03-12-2010 11:13", "UnitPrice": "8.47", "CustomerID": "", "Country": "United Kingdom"},
{"InvoiceNo": "536862", "StockCode": "21156", "Description": "RETROSPOT CHILDRENS APRON", "Quantity": "6", "InvoiceDate": "03-12-2010 11:13", "UnitPrice": "4.21", "CustomerID": "", "Country": "United Kingdom"},
{"InvoiceNo": "536862", "StockCode": "21166", "Description": "COOK WITH WINE METAL SIGN ", "Quantity": "1", "InvoiceDate": "03-12-2010 11:13", "UnitPrice": "4.21", "CustomerID": "", "Country": "United Kingdom"},
{"InvoiceNo": "536862", "StockCode": "21174", "Description": "POTTERING IN THE SHED METAL SIGN", "Quantity": "1", "InvoiceDate": "03-12-2010 11:13", "UnitPrice": "4.21", "CustomerID": "", "Country": "United Kingdom"},
{"InvoiceNo": "536862", "StockCode": "21181", "Description": "PLEASE ONE PERSON METAL SIGN", "Quantity": "5", "InvoiceDate": "03-12-2010 11:13", "UnitPrice": "4.21", "CustomerID": "", "Country": "United Kingdom"},
{"InvoiceNo": "536862", "StockCode": "21205", "Description": "MULTICOLOUR 3D BALLS GARLAND", "Quantity": "2", "InvoiceDate": "03-12-2010 11:13", "UnitPrice": "5.06", "CustomerID": "", "Country": "United Kingdom"},
{"InvoiceNo": "536862", "StockCode": "21218", "Description": "RED SPOTTY BISCUIT TIN", "Quantity": "2", "InvoiceDate": "03-12-2010 11:13", "UnitPrice": "8.47", "CustomerID": "", "Country": "United Kingdom"},
{"InvoiceNo": "536862", "StockCode": "21257", "Description": "VICTORIAN SEWING BOX MEDIUM", "Quantity": "2", "InvoiceDate": "03-12-2010 11:13", "UnitPrice": "16.13", "CustomerID": "", "Country": "United Kingdom"},
{"InvoiceNo": "536862", "StockCode": "21259", "Description": "VICTORIAN SEWING BOX SMALL ", "Quantity": "2", "InvoiceDate": "03-12-2010 11:13", "UnitPrice": "12.72", "CustomerID": "", "Country": "United Kingdom"},
{"InvoiceNo": "536862", "StockCode": "21361", "Description": "LOVE LARGE WOOD LETTERS ", "Quantity": "1", "InvoiceDate": "03-12-2010 11:13", "UnitPrice": "25.49", "CustomerID": "", "Country": "United Kingdom"},
{"InvoiceNo": "536862", "StockCode": "21557", "Description": "SET OF 6 FUNKY BEAKERS", "Quantity": "1", "InvoiceDate": "03-12-2010 11:13", "UnitPrice": "5.74", "CustomerID": "", "Country": "United Kingdom"},
{"InvoiceNo": "536862", "StockCode": "21658", "Description": "GLASS  BEURRE DISH", "Quantity": "2", "InvoiceDate": "03-12-2010 11:13", "UnitPrice": "8.47", "CustomerID": "", "Country": "United Kingdom"},
{"InvoiceNo": "536862", "StockCode": "21710", "Description": "FOLDING UMBRELLA PINKWHITE POLKADOT", "Quantity": "1", "InvoiceDate": "03-12-2010 11:13", "UnitPrice": "10.17", "CustomerID": "", "Country": "United Kingdom"},
{"InvoiceNo": "536862", "StockCode": "21874", "Description": "GIN AND TONIC MUG", "Quantity": "1", "InvoiceDate": "03-12-2010 11:13", "UnitPrice": "3.36", "CustomerID": "", "Country": "United Kingdom"},
{"InvoiceNo": "536862", "StockCode": "21876", "Description": "POTTERING MUG", "Quantity": "1", "InvoiceDate": "03-12-2010 11:13", "UnitPrice": "3.36", "CustomerID": "", "Country": "United Kingdom"},
{"InvoiceNo": "536862", "StockCode": "21890", "Description": "S/6 WOODEN SKITTLES IN COTTON BAG", "Quantity": "1", "InvoiceDate": "03-12-2010 11:13", "UnitPrice": "5.91", "CustomerID": "", "Country": "United Kingdom"},
{"InvoiceNo": "536862", "StockCode": "21908", "Description": "CHOCOLATE THIS WAY METAL SIGN", "Quantity": "1", "InvoiceDate": "03-12-2010 11:13", "UnitPrice": "4.21", "CustomerID": "", "Country": "United Kingdom"},
{"InvoiceNo": "536862", "StockCode": "22023", "Description": "EMPIRE BIRTHDAY CARD", "Quantity": "1", "InvoiceDate": "03-12-2010 11:13", "UnitPrice": "0.85", "CustomerID": "", "Country": "United Kingdom"},
{"InvoiceNo": "536862", "StockCode": "22109", "Description": "FULL ENGLISH BREAKFAST PLATE", "Quantity": "1", "InvoiceDate": "03-12-2010 11:13", "UnitPrice": "7.62", "CustomerID": "", "Country": "United Kingdom"},
{"InvoiceNo": "536862", "StockCode": "22136", "Description": "LOVE HEART SOCK HANGER", "Quantity": "1", "InvoiceDate": "03-12-2010 11:13", "UnitPrice": "3.36", "CustomerID": "", "Country": "United Kingdom"},
{"InvoiceNo": "536862", "StockCode": "22141", "Description": "CHRISTMAS CRAFT TREE TOP ANGEL", "Quantity": "1", "InvoiceDate": "03-12-2010 11:13", "UnitPrice": "4.21", "CustomerID": "", "Country": "United Kingdom"},
{"InvoiceNo": "536862", "StockCode": "22144", "Description": "CHRISTMAS CRAFT LITTLE FRIENDS", "Quantity": "7", "InvoiceDate": "03-12-2010 11:13", "UnitPrice": "4.21", "CustomerID": "", "Country": "United Kingdom"},
{"InvoiceNo": "536862", "StockCode": "22167", "Description": " OVAL WALL MIRROR DIAMANTE ", "Quantity": "1", "InvoiceDate": "03-12-2010 11:13", "UnitPrice": "20.38", "CustomerID": "", "Country": "United Kingdom"},
{"InvoiceNo": "536862", "StockCode": "22171", "Description": "3 HOOK PHOTO SHELF ANTIQUE WHITE", "Quantity": "1", "InvoiceDate": "03-12-2010 11:13", "UnitPrice": "16.98", "CustomerID": "", "Country": "United Kingdom"},
{"InvoiceNo": "536862", "StockCode": "22173", "Description": "METAL 4 HOOK HANGER FRENCH CHATEAU", "Quantity": "1", "InvoiceDate": "03-12-2010 11:13", "UnitPrice": "5.91", "CustomerID": "", "Country": "United Kingdom"},
{"InvoiceNo": "536862", "StockCode": "22178", "Description": "VICTORIAN GLASS HANGING T-LIGHT", "Quantity": "3", "InvoiceDate": "03-12-2010 11:13", "UnitPrice": "2.51", "CustomerID": "", "Country": "United Kingdom"},
{"InvoiceNo": "536862", "StockCode": "22179", "Description": "SET 10 LIGHTS NIGHT OWL", "Quantity": "2", "InvoiceDate": "03-12-2010 11:13", "UnitPrice": "13.57", "CustomerID": "", "Country": "United Kingdom"},
{"InvoiceNo": "536862", "StockCode": "22186", "Description": "RED STAR CARD HOLDER", "Quantity": "1", "InvoiceDate": "03-12-2010 11:13", "UnitPrice": "5.91", "CustomerID": "", "Country": "United Kingdom"},
{"InvoiceNo": "536862", "StockCode": "22188", "Description": "BLACK HEART CARD HOLDER", "Quantity": "1", "InvoiceDate": "03-12-2010 11:13", "UnitPrice": "8.47", "CustomerID": "", "Country": "United Kingdom"},
{"InvoiceNo": "536862", "StockCode": "22197", "Description": "SMALL POPCORN HOLDER", "Quantity": "8", "InvoiceDate": "03-12-2010 11:13", "UnitPrice": "1.66", "CustomerID": "", "Country": "United Kingdom"},
{"InvoiceNo": "536862", "StockCode": "22200", "Description": "FRYING PAN PINK POLKADOT", "Quantity": "1", "InvoiceDate": "03-12-2010 11:13", "UnitPrice": "8.47", "CustomerID": "", "Country": "United Kingdom"},
{"InvoiceNo": "536862", "StockCode": "22202", "Description": "MILK PAN PINK POLKADOT", "Quantity": "1", "InvoiceDate": "03-12-2010 11:13", "UnitPrice": "7.62", "CustomerID": "", "Country": "United Kingdom"},
{"InvoiceNo": "536862", "StockCode": "22308", "Description": "TEA COSY BLUE STRIPE", "Quantity": "1", "InvoiceDate": "03-12-2010 11:13", "UnitPrice": "5.06", "CustomerID": "", "Country": "United Kingdom"},
{"InvoiceNo": "536862", "StockCode": "22358", "Description": "KINGS CHOICE TEA CADDY ", "Quantity": "3", "InvoiceDate": "03-12-2010 11:13", "UnitPrice": "5.91", "CustomerID": "", "Country": "United Kingdom"},
{"InvoiceNo": "536862", "StockCode": "22386", "Description": "JUMBO BAG PINK POLKADOT", "Quantity": "1", "InvoiceDate": "03-12-2010 11:13", "UnitPrice": "5.06", "CustomerID": "", "Country": "United Kingdom"},
{"InvoiceNo": "536862", "StockCode": "22412", "Description": "METAL SIGN NEIGHBOURHOOD WITCH ", "Quantity": "1", "InvoiceDate": "03-12-2010 11:13", "UnitPrice": "4.21", "CustomerID": "", "Country": "United Kingdom"},
{"InvoiceNo": "536862", "StockCode": "22423", "Description": "REGENCY CAKESTAND 3 TIER", "Quantity": "6", "InvoiceDate": "03-12-2010 11:13", "UnitPrice": "25.49", "CustomerID": "", "Country": "United Kingdom"},
{"InvoiceNo": "536862", "StockCode": "22429", "Description": "ENAMEL MEASURING JUG CREAM", "Quantity": "1", "InvoiceDate": "03-12-2010 11:13", "UnitPrice": "8.47", "CustomerID": "", "Country": "United Kingdom"},
{"InvoiceNo": "536862", "StockCode": "22457", "Description": "NATURAL SLATE HEART CHALKBOARD ", "Quantity": "1", "InvoiceDate": "03-12-2010 11:13", "UnitPrice": "5.91", "CustomerID": "", "Country": "United Kingdom"},
{"InvoiceNo": "536862", "StockCode": "22467", "Description": "GUMBALL COAT RACK", "Quantity": "1", "InvoiceDate": "03-12-2010 11:13", "UnitPrice": "5.06", "CustomerID": "", "Country": "United Kingdom"},
{"InvoiceNo": "536862", "StockCode": "22469", "Description": "HEART OF WICKER SMALL", "Quantity": "1", "InvoiceDate": "03-12-2010 11:13", "UnitPrice": "4.21", "CustomerID": "", "Country": "United Kingdom"},
{"InvoiceNo": "536862", "StockCode": "22502", "Description": "PICNIC BASKET WICKER SMALL", "Quantity": "2", "InvoiceDate": "03-12-2010 11:13", "UnitPrice": "8.47", "CustomerID": "", "Country": "United Kingdom"},
{"InvoiceNo": "536862", "StockCode": "22525", "Description": "CHILDRENS GARDEN GLOVES PINK", "Quantity": "1", "InvoiceDate": "03-12-2010 11:13", "UnitPrice": "3.36", "CustomerID": "", "Country": "United Kingdom"},
{"InvoiceNo": "536862", "StockCode": "22625", "Description": "RED KITCHEN SCALES", "Quantity": "1", "InvoiceDate": "03-12-2010 11:13", "UnitPrice": "16.98", "CustomerID": "", "Country": "United Kingdom"},
{"InvoiceNo": "536862", "StockCode": "22627", "Description": "MINT KITCHEN SCALES", "Quantity": "2", "InvoiceDate": "03-12-2010 11:13", "UnitPrice": "16.98", "CustomerID": "", "Country": "United Kingdom"},
{"InvoiceNo": "536862", "StockCode": "22632", "Description": "HAND WARMER RED RETROSPOT", "Quantity": "1", "InvoiceDate": "03-12-2010 11:13", "UnitPrice": "4.21", "CustomerID": "", "Country": "United Kingdom"},
{"InvoiceNo": "536862", "StockCode": "22659", "Description": "LUNCH BOX I LOVE LONDON", "Quantity": "1", "InvoiceDate": "03-12-2010 11:13", "UnitPrice": "2.51", "CustomerID": "", "Country": "United Kingdom"},
{"InvoiceNo": "536862", "StockCode": "22665", "Description": "RECIPE BOX BLUE SKETCHBOOK DESIGN", "Quantity": "4", "InvoiceDate": "03-12-2010 11:13", "UnitPrice": "5.91", "CustomerID": "", "Country": "United Kingdom"},
{"InvoiceNo": "536862", "StockCode": "22668", "Description": "PINK BABY BUNTING", "Quantity": "1", "InvoiceDate": "03-12-2010 11:13", "UnitPrice": "5.91", "CustomerID": "", "Country": "United Kingdom"},
{"InvoiceNo": "536862", "StockCode": "22669", "Description": "RED BABY BUNTING ", "Quantity": "1", "InvoiceDate": "03-12-2010 11:13", "UnitPrice": "5.91", "CustomerID": "", "Country": "United Kingdom"},
{"InvoiceNo": "536862", "StockCode": "22697", "Description": "GREEN REGENCY TEACUP AND SAUCER", "Quantity": "2", "InvoiceDate": "03-12-2010 11:13", "UnitPrice": "5.91", "CustomerID": "", "Country": "United Kingdom"},
{"InvoiceNo": "536862", "StockCode": "22766", "Description": "PHOTO FRAME CORNICE", "Quantity": "1", "InvoiceDate": "03-12-2010 11:13", "UnitPrice": "5.91", "CustomerID": "", "Country": "United Kingdom"},
{"InvoiceNo": "536862", "StockCode": "22772", "Description": "PINK DRAWER KNOB ACRYLIC EDWARDIAN", "Quantity": "6", "InvoiceDate": "03-12-2010 11:13", "UnitPrice": "2.51", "CustomerID": "", "Country": "United Kingdom"},
{"InvoiceNo": "536862", "StockCode": "22776", "Description": "SWEETHEART CAKESTAND 3 TIER", "Quantity": "1", "InvoiceDate": "03-12-2010 11:13", "UnitPrice": "20.38", "CustomerID": "", "Country": "United Kingdom"},
{"InvoiceNo": "536862", "StockCode": "22786", "Description": "CUSHION COVER PINK UNION JACK", "Quantity": "1", "InvoiceDate": "03-12-2010 11:13", "UnitPrice": "16.13", "CustomerID": "", "Country": "United Kingdom"},
{"InvoiceNo": "536862", "StockCode": "22795", "Description": "SWEETHEART RECIPE BOOK STAND", "Quantity": "1", "InvoiceDate": "03-12-2010 11:13", "UnitPrice": "13.57", "CustomerID": "", "Country": "United Kingdom"},
{"InvoiceNo": "536862", "StockCode": "22839", "Description": "3 TIER CAKE TIN GREEN AND CREAM", "Quantity": "1", "InvoiceDate": "03-12-2010 11:13", "UnitPrice": "29.79", "CustomerID": "", "Country": "United Kingdom"},
{"InvoiceNo": "536862", "StockCode": "22947", "Description": "WOODEN ADVENT CALENDAR RED", "Quantity": "1", "InvoiceDate": "03-12-2010 11:13", "UnitPrice": "34", "CustomerID": "", "Country": "United Kingdom"},
{"InvoiceNo": "536862", "StockCode": "22988", "Description": "SOLDIERS EGG CUP ", "Quantity": "2", "InvoiceDate": "03-12-2010 11:13", "UnitPrice": "2.51", "CustomerID": "", "Country": "United Kingdom"},
{"InvoiceNo": "536862", "StockCode": "37370", "Description": "RETRO COFFEE MUGS ASSORTED", "Quantity": "2", "InvoiceDate": "03-12-2010 11:13", "UnitPrice": "16.13", "CustomerID": "", "Country": "United Kingdom"},
{"InvoiceNo": "536862", "StockCode": "79067", "Description": "CORONA MEXICAN TRAY", "Quantity": "2", "InvoiceDate": "03-12-2010 11:13", "UnitPrice": "7.62", "CustomerID": "", "Country": "United Kingdom"},
{"InvoiceNo": "536862", "StockCode": "82580", "Description": "BATHROOM METAL SIGN", "Quantity": "1", "InvoiceDate": "03-12-2010 11:13", "UnitPrice": "1.28", "CustomerID": "", "Country": "United Kingdom"},
{"InvoiceNo": "536862", "StockCode": "84754", "Description": "S/15 SILVER GLASS BAUBLES IN BAG", "Quantity": "1", "InvoiceDate": "03-12-2010 11:13", "UnitPrice": "2.51", "CustomerID": "", "Country": "United Kingdom"},
{"InvoiceNo": "536862", "StockCode": "84946", "Description": "ANTIQUE SILVER TEA GLASS ETCHED", "Quantity": "4", "InvoiceDate": "03-12-2010 11:13", "UnitPrice": "2.51", "CustomerID": "", "Country": "United Kingdom"},
{"InvoiceNo": "536862", "StockCode": "85038", "Description": "6 CHOCOLATE LOVE HEART T-LIGHTS", "Quantity": "1", "InvoiceDate": "03-12-2010 11:13", "UnitPrice": "4.21", "CustomerID": "", "Country": "United Kingdom"},
{"InvoiceNo": "536862", "StockCode": "15056bl", "Description": "EDWARDIAN PARASOL BLACK", "Quantity": "1", "InvoiceDate": "03-12-2010 11:13", "UnitPrice": "12.72", "CustomerID": "", "Country": "United Kingdom"},
{"InvoiceNo": "536862", "StockCode": "15056p", "Description": "EDWARDIAN PARASOL PINK", "Quantity": "2", "InvoiceDate": "03-12-2010 11:13", "UnitPrice": "12.72", "CustomerID": "", "Country": "United Kingdom"},
{"InvoiceNo": "536862", "StockCode": "47566b", "Description": "TEA TIME PARTY BUNTING", "Quantity": "2", "InvoiceDate": "03-12-2010 11:13", "UnitPrice": "8.47", "CustomerID": "", "Country": "United Kingdom"},
{"InvoiceNo": "536862", "StockCode": "72349b", "Description": "SET/6 PURPLE BUTTERFLY T-LIGHTS", "Quantity": "1", "InvoiceDate": "03-12-2010 11:13", "UnitPrice": "4.21", "CustomerID": "", "Country": "United Kingdom"},
{"InvoiceNo": "536862", "StockCode": "84872a", "Description": "TEATIME FUNKY FLOWER BACKPACK FOR 2", "Quantity": "2", "InvoiceDate": "03-12-2010 11:13", "UnitPrice": "11.02", "CustomerID": "", "Country": "United Kingdom"},
{"InvoiceNo": "536862", "StockCode": "84970l", "Description": "SINGLE HEART ZINC T-LIGHT HOLDER", "Quantity": "2", "InvoiceDate": "03-12-2010 11:13", "UnitPrice": "2.13", "CustomerID": "", "Country": "United Kingdom"},
{"InvoiceNo": "536862", "StockCode": "84970s", "Description": "HANGING HEART ZINC T-LIGHT HOLDER", "Quantity": "5", "InvoiceDate": "03-12-2010 11:13", "UnitPrice": "2.13", "CustomerID": "", "Country": "United Kingdom"},
{"InvoiceNo": "536862", "StockCode": "85039a", "Description": "SET/4 RED MINI ROSE CANDLE IN BOWL", "Quantity": "1", "InvoiceDate": "03-12-2010 11:13", "UnitPrice": "3.36", "CustomerID": "", "Country": "United Kingdom"},
{"InvoiceNo": "536862", "StockCode": "85099B", "Description": "JUMBO BAG RED RETROSPOT", "Quantity": "2", "InvoiceDate": "03-12-2010 11:13", "UnitPrice": "4.21", "CustomerID": "", "Country": "United Kingdom"},
{"InvoiceNo": "536862", "StockCode": "DOT", "Description": "DOTCOM POSTAGE", "Quantity": "1", "InvoiceDate": "03-12-2010 11:13", "UnitPrice": "254.43", "CustomerID": "", "Country": "United Kingdom"},
{"InvoiceNo": "536942", "StockCode": "22139", "Description": "amazon", "Quantity": "15", "InvoiceDate": "03-12-2010 12:08", "UnitPrice": "0", "CustomerID": "", "Country": "United Kingdom"},
{"InvoiceNo": "536972", "StockCode": "22065", "Description": "CHRISTMAS PUDDING TRINKET POT ", "Quantity": "6", "InvoiceDate": "03-12-2010 13:42", "UnitPrice": "1.45", "CustomerID": "16926", "Country": "United Kingdom"},
{"InvoiceNo": "536972", "StockCode": "22365", "Description": "DOORMAT RESPECTABLE HOUSE", "Quantity": "2", "InvoiceDate": "03-12-2010 13:42", "UnitPrice": "7.95", "CustomerID": "16926", "Country": "United Kingdom"},
{"InvoiceNo": "536972", "StockCode": "22414", "Description": "DOORMAT NEIGHBOURHOOD WITCH ", "Quantity": "2", "InvoiceDate": "03-12-2010 13:42", "UnitPrice": "7.95", "CustomerID": "16926", "Country": "United Kingdom"},
{"InvoiceNo": "536972", "StockCode": "22473", "Description": "TV DINNER TRAY VINTAGE PAISLEY", "Quantity": "1", "InvoiceDate": "03-12-2010 13:42", "UnitPrice": "4.95", "CustomerID": "16926", "Country": "United Kingdom"},
{"InvoiceNo": "536972", "StockCode": "22474", "Description": "SPACEBOY TV DINNER TRAY", "Quantity": "1", "InvoiceDate": "03-12-2010 13:42", "UnitPrice": "4.95", "CustomerID": "16926", "Country": "United Kingdom"},
{"InvoiceNo": "536972", "StockCode": "22624", "Description": "IVORY KITCHEN SCALES", "Quantity": "4", "InvoiceDate": "03-12-2010 13:42", "UnitPrice": "8.5", "CustomerID": "16926", "Country": "United Kingdom"},
{"InvoiceNo": "536972", "StockCode": "22625", "Description": "RED KITCHEN SCALES", "Quantity": "4", "InvoiceDate": "03-12-2010 13:42", "UnitPrice": "8.5", "CustomerID": "16926", "Country": "United Kingdom"},
{"InvoiceNo": "536972", "StockCode": "22626", "Description": "BLACK KITCHEN SCALES", "Quantity": "1", "InvoiceDate": "03-12-2010 13:42", "UnitPrice": "8.5", "CustomerID": "16926", "Country": "United Kingdom"},
{"InvoiceNo": "536972", "StockCode": "22627", "Description": "MINT KITCHEN SCALES", "Quantity": "3", "InvoiceDate": "03-12-2010 13:42", "UnitPrice": "8.5", "CustomerID": "16926", "Country": "United Kingdom"},
{"InvoiceNo": "536972", "StockCode": "22688", "Description": "DOORMAT PEACE ON EARTH BLUE", "Quantity": "2", "InvoiceDate": "03-12-2010 13:42", "UnitPrice": "7.95", "CustomerID": "16926", "Country": "United Kingdom"},
{"InvoiceNo": "536972", "StockCode": "22781", "Description": "GUMBALL MAGAZINE RACK", "Quantity": "2", "InvoiceDate": "03-12-2010 13:42", "UnitPrice": "7.65", "CustomerID": "16926", "Country": "United Kingdom"},
{"InvoiceNo": "536972", "StockCode": "22784", "Description": "LANTERN CREAM GAZEBO ", "Quantity": "3", "InvoiceDate": "03-12-2010 13:42", "UnitPrice": "4.95", "CustomerID": "16926", "Country": "United Kingdom"},
{"InvoiceNo": "536972", "StockCode": "48111", "Description": "DOORMAT 3 SMILEY CATS", "Quantity": "2", "InvoiceDate": "03-12-2010 13:42", "UnitPrice": "7.95", "CustomerID": "16926", "Country": "United Kingdom"},
{"InvoiceNo": "536972", "StockCode": "48138", "Description": "DOORMAT UNION FLAG", "Quantity": "2", "InvoiceDate": "03-12-2010 13:42", "UnitPrice": "7.95", "CustomerID": "16926", "Country": "United Kingdom"},
{"InvoiceNo": "536982", "StockCode": "20676", "Description": "RED RETROSPOT BOWL", "Quantity": "1", "InvoiceDate": "03-12-2010 14:27", "UnitPrice": "3.36", "CustomerID": "", "Country": "United Kingdom"},
{"InvoiceNo": "536982", "StockCode": "20711", "Description": "JUMBO BAG TOYS ", "Quantity": "19", "InvoiceDate": "03-12-2010 14:27", "UnitPrice": "4.21", "CustomerID": "", "Country": "United Kingdom"},
{"InvoiceNo": "536982", "StockCode": "20712", "Description": "JUMBO BAG WOODLAND ANIMALS", "Quantity": "10", "InvoiceDate": "03-12-2010 14:27", "UnitPrice": "5.06", "CustomerID": "", "Country": "United Kingdom"},
{"InvoiceNo": "536982", "StockCode": "20717", "Description": "STRAWBERRY SHOPPER BAG", "Quantity": "3", "InvoiceDate": "03-12-2010 14:27", "UnitPrice": "3.36", "CustomerID": "", "Country": "United Kingdom"},
{"InvoiceNo": "536982", "StockCode": "20718", "Description": "RED RETROSPOT SHOPPER BAG", "Quantity": "21", "InvoiceDate": "03-12-2010 14:27", "UnitPrice": "3.36", "CustomerID": "", "Country": "United Kingdom"},
{"InvoiceNo": "536982", "StockCode": "20719", "Description": "WOODLAND CHARLOTTE BAG", "Quantity": "70", "InvoiceDate": "03-12-2010 14:27", "UnitPrice": "2.51", "CustomerID": "", "Country": "United Kingdom"},
{"InvoiceNo": "536982", "StockCode": "20723", "Description": "STRAWBERRY CHARLOTTE BAG", "Quantity": "2", "InvoiceDate": "03-12-2010 14:27", "UnitPrice": "2.51", "CustomerID": "", "Country": "United Kingdom"},
{"InvoiceNo": "536982", "StockCode": "20724", "Description": "RED RETROSPOT CHARLOTTE BAG", "Quantity": "9", "InvoiceDate": "03-12-2010 14:27", "UnitPrice": "2.51", "CustomerID": "", "Country": "United Kingdom"},
{"InvoiceNo": "536982", "StockCode": "20726", "Description": "LUNCH BAG WOODLAND", "Quantity": "8", "InvoiceDate": "03-12-2010 14:27", "UnitPrice": "5.06", "CustomerID": "", "Country": "United Kingdom"},
{"InvoiceNo": "536982", "StockCode": "20727", "Description": "LUNCH BAG  BLACK SKULL.", "Quantity": "4", "InvoiceDate": "03-12-2010 14:27", "UnitPrice": "5.06", "CustomerID": "", "Country": "United Kingdom"},
{"InvoiceNo": "536982", "StockCode": "20728", "Description": "LUNCH BAG CARS BLUE", "Quantity": "6", "InvoiceDate": "03-12-2010 14:27", "UnitPrice": "5.06", "CustomerID": "", "Country": "United Kingdom"},
{"InvoiceNo": "536982", "StockCode": "20734", "Description": "SILVER MINI TAPE MEASURE ", "Quantity": "2", "InvoiceDate": "03-12-2010 14:27", "UnitPrice": "2.51", "CustomerID": "", "Country": "United Kingdom"},
{"InvoiceNo": "536982", "StockCode": "20735", "Description": "BLACK MINI TAPE MEASURE ", "Quantity": "5", "InvoiceDate": "03-12-2010 14:27", "UnitPrice": "2.51", "CustomerID": "", "Country": "United Kingdom"},
{"InvoiceNo": "536982", "StockCode": "20960", "Description": "WATERMELON BATH SPONGE", "Quantity": "4", "InvoiceDate": "03-12-2010 14:27", "UnitPrice": "2.51", "CustomerID": "", "Country": "United Kingdom"},
{"InvoiceNo": "536982", "StockCode": "20961", "Description": "STRAWBERRY BATH SPONGE ", "Quantity": "1", "InvoiceDate": "03-12-2010 14:27", "UnitPrice": "2.51", "CustomerID": "", "Country": "United Kingdom"},
{"InvoiceNo": "536982", "StockCode": "20963", "Description": "APPLE BATH SPONGE", "Quantity": "4", "InvoiceDate": "03-12-2010 14:27", "UnitPrice": "2.51", "CustomerID": "", "Country": "United Kingdom"},
{"InvoiceNo": "536982", "StockCode": "20966", "Description": "SANDWICH BATH SPONGE", "Quantity": "6", "InvoiceDate": "03-12-2010 14:27", "UnitPrice": "2.51", "CustomerID": "", "Country": "United Kingdom"},
{"InvoiceNo": "536982", "StockCode": "21078", "Description": "SET/20 STRAWBERRY PAPER NAPKINS ", "Quantity": "2", "InvoiceDate": "03-12-2010 14:27", "UnitPrice": "2.51", "CustomerID": "", "Country": "United Kingdom"},
{"InvoiceNo": "536982", "StockCode": "21080", "Description": "SET/20 RED RETROSPOT PAPER NAPKINS ", "Quantity": "12", "InvoiceDate": "03-12-2010 14:27", "UnitPrice": "2.51", "CustomerID": "", "Country": "United Kingdom"},
{"InvoiceNo": "536982", "StockCode": "21098", "Description": "CHRISTMAS TOILET ROLL", "Quantity": "31", "InvoiceDate": "03-12-2010 14:27", "UnitPrice": "3.36", "CustomerID": "", "Country": "United Kingdom"},
{"InvoiceNo": "536982", "StockCode": "21210", "Description": "SET OF 72 RETROSPOT PAPER  DOILIES", "Quantity": "4", "InvoiceDate": "03-12-2010 14:27", "UnitPrice": "3.83", "CustomerID": "", "Country": "United Kingdom"},
{"InvoiceNo": "536982", "StockCode": "21212", "Description": "PACK OF 72 RETROSPOT CAKE CASES", "Quantity": "82", "InvoiceDate": "03-12-2010 14:27", "UnitPrice": "2.13", "CustomerID": "", "Country": "United Kingdom"},
{"InvoiceNo": "536982", "StockCode": "21213", "Description": "PACK OF 72 SKULL CAKE CASES", "Quantity": "30", "InvoiceDate": "03-12-2010 14:27", "UnitPrice": "2.13", "CustomerID": "", "Country": "United Kingdom"},
{"InvoiceNo": "536982", "StockCode": "21215", "Description": "IVORY PAPER CUP CAKE CASES ", "Quantity": "1", "InvoiceDate": "03-12-2010 14:27", "UnitPrice": "2.13", "CustomerID": "", "Country": "United Kingdom"},
{"InvoiceNo": "536982", "StockCode": "21232", "Description": "STRAWBERRY CERAMIC TRINKET BOX", "Quantity": "50", "InvoiceDate": "03-12-2010 14:27", "UnitPrice": "3.36", "CustomerID": "", "Country": "United Kingdom"},
{"InvoiceNo": "536982", "StockCode": "21238", "Description": "RED RETROSPOT CUP", "Quantity": "1", "InvoiceDate": "03-12-2010 14:27", "UnitPrice": "2.51", "CustomerID": "", "Country": "United Kingdom"},
{"InvoiceNo": "536982", "StockCode": "21239", "Description": "PINK  POLKADOT CUP", "Quantity": "4", "InvoiceDate": "03-12-2010 14:27", "UnitPrice": "2.51", "CustomerID": "", "Country": "United Kingdom"},
{"InvoiceNo": "536982", "StockCode": "21240", "Description": "BLUE POLKADOT CUP", "Quantity": "5", "InvoiceDate": "03-12-2010 14:27", "UnitPrice": "2.51", "CustomerID": "", "Country": "United Kingdom"},
{"InvoiceNo": "536982", "StockCode": "21242", "Description": "RED RETROSPOT PLATE ", "Quantity": "1", "InvoiceDate": "03-12-2010 14:27", "UnitPrice": "4.21", "CustomerID": "", "Country": "United Kingdom"},
{"InvoiceNo": "536982", "StockCode": "21327", "Description": "SKULLS WRITING SET ", "Quantity": "8", "InvoiceDate": "03-12-2010 14:27", "UnitPrice": "3.36", "CustomerID": "", "Country": "United Kingdom"},
{"InvoiceNo": "536982", "StockCode": "21328", "Description": "BALLOONS  WRITING SET ", "Quantity": "7", "InvoiceDate": "03-12-2010 14:27", "UnitPrice": "3.36", "CustomerID": "", "Country": "United Kingdom"},
{"InvoiceNo": "536982", "StockCode": "21329", "Description": "DINOSAURS  WRITING SET ", "Quantity": "3", "InvoiceDate": "03-12-2010 14:27", "UnitPrice": "3.36", "CustomerID": "", "Country": "United Kingdom"},
{"InvoiceNo": "536982", "StockCode": "21479", "Description": "WHITE SKULL HOT WATER BOTTLE ", "Quantity": "40", "InvoiceDate": "03-12-2010 14:27", "UnitPrice": "8.47", "CustomerID": "", "Country": "United Kingdom"},
{"InvoiceNo": "536982", "StockCode": "21481", "Description": "FAWN BLUE HOT WATER BOTTLE", "Quantity": "6", "InvoiceDate": "03-12-2010 14:27", "UnitPrice": "6.77", "CustomerID": "", "Country": "United Kingdom"},
{"InvoiceNo": "536982", "StockCode": "21484", "Description": "CHICK GREY HOT WATER BOTTLE", "Quantity": "18", "InvoiceDate": "03-12-2010 14:27", "UnitPrice": "8.47", "CustomerID": "", "Country": "United Kingdom"},
{"InvoiceNo": "536982", "StockCode": "21485", "Description": "RETROSPOT HEART HOT WATER BOTTLE", "Quantity": "7", "InvoiceDate": "03-12-2010 14:27", "UnitPrice": "11.02", "CustomerID": "", "Country": "United Kingdom"},
{"InvoiceNo": "536982", "StockCode": "21488", "Description": "RED WHITE SCARF  HOT WATER BOTTLE", "Quantity": "10", "InvoiceDate": "03-12-2010 14:27", "UnitPrice": "8.47", "CustomerID": "", "Country": "United Kingdom"},
{"InvoiceNo": "536982", "StockCode": "21523", "Description": "DOORMAT FANCY FONT HOME SWEET HOME", "Quantity": "2", "InvoiceDate": "03-12-2010 14:27", "UnitPrice": "16.98", "CustomerID": "", "Country": "United Kingdom"},
{"InvoiceNo": "536982", "StockCode": "21524", "Description": "DOORMAT SPOTTY HOME SWEET HOME", "Quantity": "2", "InvoiceDate": "03-12-2010 14:27", "UnitPrice": "16.98", "CustomerID": "", "Country": "United Kingdom"},
{"InvoiceNo": "536982", "StockCode": "21668", "Description": "RED STRIPE CERAMIC DRAWER KNOB", "Quantity": "1", "InvoiceDate": "03-12-2010 14:27", "UnitPrice": "3.36", "CustomerID": "", "Country": "United Kingdom"},
{"InvoiceNo": "536982", "StockCode": "21669", "Description": "BLUE STRIPE CERAMIC DRAWER KNOB", "Quantity": "8", "InvoiceDate": "03-12-2010 14:27", "UnitPrice": "3.36", "CustomerID": "", "Country": "United Kingdom"},
{"InvoiceNo": "536982", "StockCode": "21670", "Description": "BLUE SPOT CERAMIC DRAWER KNOB", "Quantity": "2", "InvoiceDate": "03-12-2010 14:27", "UnitPrice": "3.36", "CustomerID": "", "Country": "United Kingdom"},
{"InvoiceNo": "536982", "StockCode": "21673", "Description": "WHITE SPOT BLUE CERAMIC DRAWER KNOB", "Quantity": "2", "InvoiceDate": "03-12-2010 14:27", "UnitPrice": "3.36", "CustomerID": "", "Country": "United Kingdom"},
{"InvoiceNo": "536982", "StockCode": "21864", "Description": "UNION JACK FLAG PASSPORT COVER ", "Quantity": "14", "InvoiceDate": "03-12-2010 14:27", "UnitPrice": "4.21", "CustomerID": "", "Country": "United Kingdom"},
{"InvoiceNo": "536982", "StockCode": "21866", "Description": "UNION JACK FLAG LUGGAGE TAG", "Quantity": "8", "InvoiceDate": "03-12-2010 14:27", "UnitPrice": "3.36", "CustomerID": "", "Country": "United Kingdom"},
{"InvoiceNo": "536982", "StockCode": "21912", "Description": "VINTAGE SNAKES & LADDERS", "Quantity": "3", "InvoiceDate": "03-12-2010 14:27", "UnitPrice": "7.62", "CustomerID": "", "Country": "United Kingdom"},
{"InvoiceNo": "536982", "StockCode": "21928", "Description": "JUMBO BAG SCANDINAVIAN PAISLEY", "Quantity": "1", "InvoiceDate": "03-12-2010 14:27", "UnitPrice": "5.06", "CustomerID": "", "Country": "United Kingdom"},
{"InvoiceNo": "536982", "StockCode": "21929", "Description": "JUMBO BAG PINK VINTAGE PAISLEY", "Quantity": "8", "InvoiceDate": "03-12-2010 14:27", "UnitPrice": "5.06", "CustomerID": "", "Country": "United Kingdom"},
{"InvoiceNo": "536982", "StockCode": "21930", "Description": "JUMBO STORAGE BAG SKULLS", "Quantity": "8", "InvoiceDate": "03-12-2010 14:27", "UnitPrice": "4.21", "CustomerID": "", "Country": "United Kingdom"},
{"InvoiceNo": "536982", "StockCode": "21931", "Description": "JUMBO STORAGE BAG SUKI", "Quantity": "20", "InvoiceDate": "03-12-2010 14:27", "UnitPrice": "5.06", "CustomerID": "", "Country": "United Kingdom"},
{"InvoiceNo": "536982", "StockCode": "21955", "Description": "DOORMAT UNION JACK GUNS AND ROSES", "Quantity": "3", "InvoiceDate": "03-12-2010 14:27", "UnitPrice": "16.98", "CustomerID": "", "Country": "United Kingdom"},
{"InvoiceNo": "536982", "StockCode": "21976", "Description": "PACK OF 60 MUSHROOM CAKE CASES", "Quantity": "5", "InvoiceDate": "03-12-2010 14:27", "UnitPrice": "2.13", "CustomerID": "", "Country": "United Kingdom"},
{"InvoiceNo": "536982", "StockCode": "21977", "Description": "PACK OF 60 PINK PAISLEY CAKE CASES", "Quantity": "9", "InvoiceDate": "03-12-2010 14:27", "UnitPrice": "2.13", "CustomerID": "", "Country": "United Kingdom"},
{"InvoiceNo": "536982", "StockCode": "22069", "Description": "BROWN  PIRATE TREASURE CHEST ", "Quantity": "2", "InvoiceDate": "03-12-2010 14:27", "UnitPrice": "4.21", "CustomerID": "", "Country": "United Kingdom"},
{"InvoiceNo": "536982", "StockCode": "22075", "Description": "6 RIBBONS ELEGANT CHRISTMAS ", "Quantity": "4", "InvoiceDate": "03-12-2010 14:27", "UnitPrice": "4.21", "CustomerID": "", "Country": "United Kingdom"},
{"InvoiceNo": "536982", "StockCode": "22076", "Description": "6 RIBBONS EMPIRE  ", "Quantity": "1", "InvoiceDate": "03-12-2010 14:27", "UnitPrice": "4.21", "CustomerID": "", "Country": "United Kingdom"},
{"InvoiceNo": "536982", "StockCode": "22077", "Description": "6 RIBBONS RUSTIC CHARM", "Quantity": "15", "InvoiceDate": "03-12-2010 14:27", "UnitPrice": "4.21", "CustomerID": "", "Country": "United Kingdom"},
{"InvoiceNo": "536982", "StockCode": "22080", "Description": "RIBBON REEL POLKADOTS ", "Quantity": "1", "InvoiceDate": "03-12-2010 14:27", "UnitPrice": "4.21", "CustomerID": "", "Country": "United Kingdom"},
{"InvoiceNo": "536982", "StockCode": "22082", "Description": "RIBBON REEL STRIPES DESIGN ", "Quantity": "1", "InvoiceDate": "03-12-2010 14:27", "UnitPrice": "4.21", "CustomerID": "", "Country": "United Kingdom"},
{"InvoiceNo": "536982", "StockCode": "22083", "Description": "PAPER CHAIN KIT RETROSPOT", "Quantity": "4", "InvoiceDate": "03-12-2010 14:27", "UnitPrice": "6.77", "CustomerID": "", "Country": "United Kingdom"},
{"InvoiceNo": "536982", "StockCode": "22086", "Description": "PAPER CHAIN KIT 50'S CHRISTMAS ", "Quantity": "78", "InvoiceDate": "03-12-2010 14:27", "UnitPrice": "6.77", "CustomerID": "", "Country": "United Kingdom"},
{"InvoiceNo": "536982", "StockCode": "22110", "Description": "BIRD HOUSE HOT WATER BOTTLE", "Quantity": "20", "InvoiceDate": "03-12-2010 14:27", "UnitPrice": "7.62", "CustomerID": "", "Country": "United Kingdom"},
{"InvoiceNo": "536982", "StockCode": "22111", "Description": "SCOTTIE DOG HOT WATER BOTTLE", "Quantity": "8", "InvoiceDate": "03-12-2010 14:27", "UnitPrice": "12.72", "CustomerID": "", "Country": "United Kingdom"},
{"InvoiceNo": "536982", "StockCode": "22112", "Description": "CHOCOLATE HOT WATER BOTTLE", "Quantity": "31", "InvoiceDate": "03-12-2010 14:27", "UnitPrice": "12.72", "CustomerID": "", "Country": "United Kingdom"},
{"InvoiceNo": "536982", "StockCode": "22114", "Description": "HOT WATER BOTTLE TEA AND SYMPATHY", "Quantity": "75", "InvoiceDate": "03-12-2010 14:27", "UnitPrice": "9.32", "CustomerID": "", "Country": "United Kingdom"},
{"InvoiceNo": "536982", "StockCode": "22139", "Description": "RETROSPOT TEA SET CERAMIC 11 PC ", "Quantity": "10", "InvoiceDate": "03-12-2010 14:27", "UnitPrice": "11.02", "CustomerID": "", "Country": "United Kingdom"},
{"InvoiceNo": "536982", "StockCode": "22147", "Description": "FELTCRAFT BUTTERFLY HEARTS", "Quantity": "2", "InvoiceDate": "03-12-2010 14:27", "UnitPrice": "4.21", "CustomerID": "", "Country": "United Kingdom"},
{"InvoiceNo": "536982", "StockCode": "22149", "Description": "FELTCRAFT 6 FLOWER FRIENDS", "Quantity": "8", "InvoiceDate": "03-12-2010 14:27", "UnitPrice": "5.06", "CustomerID": "", "Country": "United Kingdom"},
{"InvoiceNo": "536982", "StockCode": "22150", "Description": "3 STRIPEY MICE FELTCRAFT", "Quantity": "5", "InvoiceDate": "03-12-2010 14:27", "UnitPrice": "5.06", "CustomerID": "", "Country": "United Kingdom"},
{"InvoiceNo": "536982", "StockCode": "22174", "Description": "PHOTO CUBE", "Quantity": "11", "InvoiceDate": "03-12-2010 14:27", "UnitPrice": "4.21", "CustomerID": "", "Country": "United Kingdom"},
{"InvoiceNo": "536982", "StockCode": "22326", "Description": "ROUND SNACK BOXES SET OF4 WOODLAND ", "Quantity": "5", "InvoiceDate": "03-12-2010 14:27", "UnitPrice": "6.77", "CustomerID": "", "Country": "United Kingdom"},
{"InvoiceNo": "536982", "StockCode": "22327", "Description": "ROUND SNACK BOXES SET OF 4 SKULLS", "Quantity": "1", "InvoiceDate": "03-12-2010 14:27", "UnitPrice": "6.77", "CustomerID": "", "Country": "United Kingdom"},
{"InvoiceNo": "536982", "StockCode": "22355", "Description": "CHARLOTTE BAG SUKI DESIGN", "Quantity": "97", "InvoiceDate": "03-12-2010 14:27", "UnitPrice": "2.51", "CustomerID": "", "Country": "United Kingdom"},
{"InvoiceNo": "536982", "StockCode": "22356", "Description": "CHARLOTTE BAG PINK POLKADOT", "Quantity": "48", "InvoiceDate": "03-12-2010 14:27", "UnitPrice": "2.51", "CustomerID": "", "Country": "United Kingdom"},
{"InvoiceNo": "536982", "StockCode": "22367", "Description": "CHILDRENS APRON SPACEBOY DESIGN", "Quantity": "11", "InvoiceDate": "03-12-2010 14:27", "UnitPrice": "5.06", "CustomerID": "", "Country": "United Kingdom"},
{"InvoiceNo": "536982", "StockCode": "22378", "Description": "WALL TIDY RETROSPOT ", "Quantity": "3", "InvoiceDate": "03-12-2010 14:27", "UnitPrice": "5.06", "CustomerID": "", "Country": "United Kingdom"},
{"InvoiceNo": "536982", "StockCode": "22379", "Description": "RECYCLING BAG RETROSPOT ", "Quantity": "12", "InvoiceDate": "03-12-2010 14:27", "UnitPrice": "5.06", "CustomerID": "", "Country": "United Kingdom"},
{"InvoiceNo": "536982", "StockCode": "22384", "Description": "LUNCH BAG PINK POLKADOT", "Quantity": "1", "InvoiceDate": "03-12-2010 14:27", "UnitPrice": "5.06", "CustomerID": "", "Country": "United Kingdom"},
{"InvoiceNo": "536982", "StockCode": "22411", "Description": "JUMBO SHOPPER VINTAGE RED PAISLEY", "Quantity": "20", "InvoiceDate": "03-12-2010 14:27", "UnitPrice": "4.21", "CustomerID": "", "Country": "United Kingdom"},
{"InvoiceNo": "536982", "StockCode": "22417", "Description": "PACK OF 60 SPACEBOY CAKE CASES", "Quantity": "2", "InvoiceDate": "03-12-2010 14:27", "UnitPrice": "2.13", "CustomerID": "", "Country": "United Kingdom"},
{"InvoiceNo": "536982", "StockCode": "22418", "Description": "10 COLOUR SPACEBOY PEN", "Quantity": "7", "InvoiceDate": "03-12-2010 14:27", "UnitPrice": "2.51", "CustomerID": "", "Country": "United Kingdom"},
{"InvoiceNo": "536982", "StockCode": "22423", "Description": "REGENCY CAKESTAND 3 TIER", "Quantity": "33", "InvoiceDate": "03-12-2010 14:27", "UnitPrice": "25.49", "CustomerID": "", "Country": "United Kingdom"},
{"InvoiceNo": "536982", "StockCode": "22426", "Description": "ENAMEL WASH BOWL CREAM", "Quantity": "2", "InvoiceDate": "03-12-2010 14:27", "UnitPrice": "8.47", "CustomerID": "", "Country": "United Kingdom"},
{"InvoiceNo": "536982", "StockCode": "22469", "Description": "HEART OF WICKER SMALL", "Quantity": "2", "InvoiceDate": "03-12-2010 14:27", "UnitPrice": "4.21", "CustomerID": "", "Country": "United Kingdom"},
{"InvoiceNo": "536982", "StockCode": "22524", "Description": "CHILDRENS GARDEN GLOVES BLUE", "Quantity": "2", "InvoiceDate": "03-12-2010 14:27", "UnitPrice": "3.36", "CustomerID": "", "Country": "United Kingdom"},
{"InvoiceNo": "536982", "StockCode": "22549", "Description": "PICTURE DOMINOES", "Quantity": "1", "InvoiceDate": "03-12-2010 14:27", "UnitPrice": "3.36", "CustomerID": "", "Country": "United Kingdom"},
{"InvoiceNo": "536982", "StockCode": "22553", "Description": "PLASTERS IN TIN SKULLS", "Quantity": "1", "InvoiceDate": "03-12-2010 14:27", "UnitPrice": "4.21", "CustomerID": "", "Country": "United Kingdom"},
{"InvoiceNo": "536982", "StockCode": "22554", "Description": "PLASTERS IN TIN WOODLAND ANIMALS", "Quantity": "1", "InvoiceDate": "03-12-2010 14:27", "UnitPrice": "4.21", "CustomerID": "", "Country": "United Kingdom"},
{"InvoiceNo": "536982", "StockCode": "22555", "Description": "PLASTERS IN TIN STRONGMAN", "Quantity": "2", "InvoiceDate": "03-12-2010 14:27", "UnitPrice": "4.21", "CustomerID": "", "Country": "United Kingdom"},
{"InvoiceNo": "536982", "StockCode": "22556", "Description": "PLASTERS IN TIN CIRCUS PARADE ", "Quantity": "2", "InvoiceDate": "03-12-2010 14:27", "UnitPrice": "4.21", "CustomerID": "", "Country": "United Kingdom"},
{"InvoiceNo": "536982", "StockCode": "22631", "Description": "CIRCUS PARADE LUNCH BOX ", "Quantity": "2", "InvoiceDate": "03-12-2010 14:27", "UnitPrice": "3.36", "CustomerID": "", "Country": "United Kingdom"},
{"InvoiceNo": "536982", "StockCode": "22637", "Description": "PIGGY BANK RETROSPOT ", "Quantity": "5", "InvoiceDate": "03-12-2010 14:27", "UnitPrice": "5.91", "CustomerID": "", "Country": "United Kingdom"},
{"InvoiceNo": "536982", "StockCode": "22644", "Description": "CERAMIC CHERRY CAKE MONEY BANK", "Quantity": "5", "InvoiceDate": "03-12-2010 14:27", "UnitPrice": "4.21", "CustomerID": "", "Country": "United Kingdom"},
{"InvoiceNo": "536982", "StockCode": "22645", "Description": "CERAMIC HEART FAIRY CAKE MONEY BANK", "Quantity": "30", "InvoiceDate": "03-12-2010 14:27", "UnitPrice": "4.21", "CustomerID": "", "Country": "United Kingdom"},
{"InvoiceNo": "536982", "StockCode": "22646", "Description": "CERAMIC STRAWBERRY CAKE MONEY BANK", "Quantity": "4", "InvoiceDate": "03-12-2010 14:27", "UnitPrice": "4.21", "CustomerID": "", "Country": "United Kingdom"},
{"InvoiceNo": "536982", "StockCode": "22652", "Description": "TRAVEL SEWING KIT", "Quantity": "8", "InvoiceDate": "03-12-2010 14:27", "UnitPrice": "4.21", "CustomerID": "", "Country": "United Kingdom"},
{"InvoiceNo": "536982", "StockCode": "22654", "Description": "DELUXE SEWING KIT ", "Quantity": "13", "InvoiceDate": "03-12-2010 14:27", "UnitPrice": "12.72", "CustomerID": "", "Country": "United Kingdom"},
{"InvoiceNo": "536982", "StockCode": "22692", "Description": "DOORMAT WELCOME TO OUR HOME", "Quantity": "1", "InvoiceDate": "03-12-2010 14:27", "UnitPrice": "16.98", "CustomerID": "", "Country": "United Kingdom"},
{"InvoiceNo": "536982", "StockCode": "22725", "Description": "ALARM CLOCK BAKELIKE CHOCOLATE", "Quantity": "1", "InvoiceDate": "03-12-2010 14:27", "UnitPrice": "8.47", "CustomerID": "", "Country": "United Kingdom"},
{"InvoiceNo": "536982", "StockCode": "22726", "Description": "ALARM CLOCK BAKELIKE GREEN", "Quantity": "3", "InvoiceDate": "03-12-2010 14:27", "UnitPrice": "8.47", "CustomerID": "", "Country": "United Kingdom"},
{"InvoiceNo": "536982", "StockCode": "22727", "Description": "ALARM CLOCK BAKELIKE RED ", "Quantity": "3", "InvoiceDate": "03-12-2010 14:27", "UnitPrice": "8.47", "CustomerID": "", "Country": "United Kingdom"},
{"InvoiceNo": "536982", "StockCode": "22728", "Description": "ALARM CLOCK BAKELIKE PINK", "Quantity": "3", "InvoiceDate": "03-12-2010 14:27", "UnitPrice": "8.47", "CustomerID": "", "Country": "United Kingdom"},
{"InvoiceNo": "536982", "StockCode": "22729", "Description": "ALARM CLOCK BAKELIKE ORANGE", "Quantity": "1", "InvoiceDate": "03-12-2010 14:27", "UnitPrice": "8.47", "CustomerID": "", "Country": "United Kingdom"},
{"InvoiceNo": "536982", "StockCode": "22734", "Description": "SET OF 6 RIBBONS VINTAGE CHRISTMAS", "Quantity": "13", "InvoiceDate": "03-12-2010 14:27", "UnitPrice": "5.91", "CustomerID": "", "Country": "United Kingdom"},
{"InvoiceNo": "536982", "StockCode": "22735", "Description": "RIBBON REEL SOCKS AND MITTENS", "Quantity": "1", "InvoiceDate": "03-12-2010 14:27", "UnitPrice": "4.21", "CustomerID": "", "Country": "United Kingdom"},
{"InvoiceNo": "536982", "StockCode": "22736", "Description": "RIBBON REEL MAKING SNOWMEN ", "Quantity": "1", "InvoiceDate": "03-12-2010 14:27", "UnitPrice": "4.21", "CustomerID": "", "Country": "United Kingdom"},
{"InvoiceNo": "536982", "StockCode": "22737", "Description": "RIBBON REEL CHRISTMAS PRESENT ", "Quantity": "4", "InvoiceDate": "03-12-2010 14:27", "UnitPrice": "4.21", "CustomerID": "", "Country": "United Kingdom"},
{"InvoiceNo": "536982", "StockCode": "22738", "Description": "RIBBON REEL SNOWY VILLAGE", "Quantity": "2", "InvoiceDate": "03-12-2010 14:27", "UnitPrice": "4.21", "CustomerID": "", "Country": "United Kingdom"},
{"InvoiceNo": "536982", "StockCode": "22739", "Description": "RIBBON REEL CHRISTMAS SOCK BAUBLE", "Quantity": "7", "InvoiceDate": "03-12-2010 14:27", "UnitPrice": "4.21", "CustomerID": "", "Country": "United Kingdom"},
{"InvoiceNo": "536982", "StockCode": "22812", "Description": "PACK 3 BOXES CHRISTMAS PANNETONE", "Quantity": "9", "InvoiceDate": "03-12-2010 14:27", "UnitPrice": "5.06", "CustomerID": "", "Country": "United Kingdom"},
{"InvoiceNo": "536982", "StockCode": "22834", "Description": "HAND WARMER BABUSHKA DESIGN", "Quantity": "2", "InvoiceDate": "03-12-2010 14:27", "UnitPrice": "5.06", "CustomerID": "", "Country": "United Kingdom"},
{"InvoiceNo": "536982", "StockCode": "22835", "Description": "HOT WATER BOTTLE I AM SO POORLY", "Quantity": "3", "InvoiceDate": "03-12-2010 14:27", "UnitPrice": "11.02", "CustomerID": "", "Country": "United Kingdom"},
{"InvoiceNo": "536982", "StockCode": "22865", "Description": "HAND WARMER OWL DESIGN", "Quantity": "1", "InvoiceDate": "03-12-2010 14:27", "UnitPrice": "5.06", "CustomerID": "", "Country": "United Kingdom"},
{"InvoiceNo": "536982", "StockCode": "22867", "Description": "HAND WARMER BIRD DESIGN", "Quantity": "27", "InvoiceDate": "03-12-2010 14:27", "UnitPrice": "5.06", "CustomerID": "", "Country": "United Kingdom"},
{"InvoiceNo": "536982", "StockCode": "22910", "Description": "PAPER CHAIN KIT VINTAGE CHRISTMAS", "Quantity": "17", "InvoiceDate": "03-12-2010 14:27", "UnitPrice": "6.77", "CustomerID": "", "Country": "United Kingdom"},
{"InvoiceNo": "536982", "StockCode": "22941", "Description": "CHRISTMAS LIGHTS 10 REINDEER", "Quantity": "1", "InvoiceDate": "03-12-2010 14:27", "UnitPrice": "16.98", "CustomerID": "", "Country": "United Kingdom"},
{"InvoiceNo": "536982", "StockCode": "22952", "Description": "60 CAKE CASES VINTAGE CHRISTMAS", "Quantity": "32", "InvoiceDate": "03-12-2010 14:27", "UnitPrice": "2.13", "CustomerID": "", "Country": "United Kingdom"},
{"InvoiceNo": "536982", "StockCode": "35970", "Description": "ZINC FOLKART SLEIGH BELLS", "Quantity": "13", "InvoiceDate": "03-12-2010 14:27", "UnitPrice": "4.21", "CustomerID": "", "Country": "United Kingdom"},
{"InvoiceNo": "536982", "StockCode": "47580", "Description": "TEA TIME DES TEA COSY", "Quantity": "1", "InvoiceDate": "03-12-2010 14:27", "UnitPrice": "5.91", "CustomerID": "", "Country": "United Kingdom"},
{"InvoiceNo": "536982", "StockCode": "48187", "Description": "DOORMAT NEW ENGLAND", "Quantity": "1", "InvoiceDate": "03-12-2010 14:27", "UnitPrice": "16.98", "CustomerID": "", "Country": "United Kingdom"},
{"InvoiceNo": "536982", "StockCode": "79321", "Description": "CHILLI LIGHTS", "Quantity": "34", "InvoiceDate": "03-12-2010 14:27", "UnitPrice": "11.02", "CustomerID": "", "Country": "United Kingdom"},
{"InvoiceNo": "536982", "StockCode": "84347", "Description": "ROTATING SILVER ANGELS T-LIGHT HLDR", "Quantity": "98", "InvoiceDate": "03-12-2010 14:27", "UnitPrice": "5.91", "CustomerID": "", "Country": "United Kingdom"},
{"InvoiceNo": "536982", "StockCode": "84380", "Description": "SET OF 3 BUTTERFLY COOKIE CUTTERS", "Quantity": "13", "InvoiceDate": "03-12-2010 14:27", "UnitPrice": "3.36", "CustomerID": "", "Country": "United Kingdom"},
{"InvoiceNo": "536982", "StockCode": "84692", "Description": "BOX OF 24 COCKTAIL PARASOLS", "Quantity": "20", "InvoiceDate": "03-12-2010 14:27", "UnitPrice": "1.66", "CustomerID": "", "Country": "United Kingdom"},
{"InvoiceNo": "536982", "StockCode": "84987", "Description": "SET OF 36 TEATIME PAPER DOILIES", "Quantity": "1", "InvoiceDate": "03-12-2010 14:27", "UnitPrice": "3.83", "CustomerID": "", "Country": "United Kingdom"},
{"InvoiceNo": "536982", "StockCode": "84991", "Description": "60 TEATIME FAIRY CAKE CASES", "Quantity": "2", "InvoiceDate": "03-12-2010 14:27", "UnitPrice": "2.13", "CustomerID": "", "Country": "United Kingdom"},
{"InvoiceNo": "536982", "StockCode": "47559b", "Description": "TEA TIME OVEN GLOVE", "Quantity": "5", "InvoiceDate": "03-12-2010 14:27", "UnitPrice": "3.36", "CustomerID": "", "Country": "United Kingdom"},
{"InvoiceNo": "536982", "StockCode": "47591d", "Description": "PINK FAIRY CAKE CHILDRENS APRON", "Quantity": "12", "InvoiceDate": "03-12-2010 14:27", "UnitPrice": "5.06", "CustomerID": "", "Country": "United Kingdom"},
{"InvoiceNo": "536982", "StockCode": "48173c", "Description": "DOORMAT BLACK FLOCK ", "Quantity": "1", "InvoiceDate": "03-12-2010 14:27", "UnitPrice": "16.98", "CustomerID": "", "Country": "United Kingdom"},
{"InvoiceNo": "536982", "StockCode": "82494l", "Description": "WOODEN FRAME ANTIQUE WHITE ", "Quantity": "16", "InvoiceDate": "03-12-2010 14:27", "UnitPrice": "8.47", "CustomerID": "", "Country": "United Kingdom"},
{"InvoiceNo": "536982", "StockCode": "84029E", "Description": "RED WOOLLY HOTTIE WHITE HEART.", "Quantity": "108", "InvoiceDate": "03-12-2010 14:27", "UnitPrice": "8.47", "CustomerID": "", "Country": "United Kingdom"},
{"InvoiceNo": "536982", "StockCode": "84029G", "Description": "KNITTED UNION FLAG HOT WATER BOTTLE", "Quantity": "20", "InvoiceDate": "03-12-2010 14:27", "UnitPrice": "8.47", "CustomerID": "", "Country": "United Kingdom"},
{"InvoiceNo": "536982", "StockCode": "84030e", "Description": "ENGLISH ROSE HOT WATER BOTTLE", "Quantity": "4", "InvoiceDate": "03-12-2010 14:27", "UnitPrice": "8.47", "CustomerID": "", "Country": "United Kingdom"},
{"InvoiceNo": "536982", "StockCode": "84031A", "Description": "CHARLIE+LOLA RED HOT WATER BOTTLE ", "Quantity": "3", "InvoiceDate": "03-12-2010 14:27", "UnitPrice": "9.32", "CustomerID": "", "Country": "United Kingdom"},
{"InvoiceNo": "536982", "StockCode": "84031B", "Description": "CHARLIE LOLA BLUE HOT WATER BOTTLE ", "Quantity": "3", "InvoiceDate": "03-12-2010 14:27", "UnitPrice": "9.32", "CustomerID": "", "Country": "United Kingdom"},
{"InvoiceNo": "536982", "StockCode": "84032A", "Description": "CHARLIE+LOLA PINK HOT WATER BOTTLE", "Quantity": "12", "InvoiceDate": "03-12-2010 14:27", "UnitPrice": "5.91", "CustomerID": "", "Country": "United Kingdom"},
{"InvoiceNo": "536982", "StockCode": "84032B", "Description": "CHARLIE + LOLA RED HOT WATER BOTTLE", "Quantity": "21", "InvoiceDate": "03-12-2010 14:27", "UnitPrice": "5.91", "CustomerID": "", "Country": "United Kingdom"},
{"InvoiceNo": "536982", "StockCode": "84997b", "Description": "RED 3 PIECE RETROSPOT CUTLERY SET", "Quantity": "10", "InvoiceDate": "03-12-2010 14:27", "UnitPrice": "8.47", "CustomerID": "", "Country": "United Kingdom"},
{"InvoiceNo": "536982", "StockCode": "84997c", "Description": "BLUE 3 PIECE POLKADOT CUTLERY SET", "Quantity": "3", "InvoiceDate": "03-12-2010 14:27", "UnitPrice": "8.47", "CustomerID": "", "Country": "United Kingdom"},
{"InvoiceNo": "536982", "StockCode": "84997d", "Description": "PINK 3 PIECE POLKADOT CUTLERY SET", "Quantity": "10", "InvoiceDate": "03-12-2010 14:27", "UnitPrice": "8.47", "CustomerID": "", "Country": "United Kingdom"},
{"InvoiceNo": "536982", "StockCode": "85049a", "Description": "TRADITIONAL CHRISTMAS RIBBONS", "Quantity": "10", "InvoiceDate": "03-12-2010 14:27", "UnitPrice": "3.36", "CustomerID": "", "Country": "United Kingdom"},
{"InvoiceNo": "536982", "StockCode": "85049e", "Description": "SCANDINAVIAN REDS RIBBONS", "Quantity": "22", "InvoiceDate": "03-12-2010 14:27", "UnitPrice": "3.36", "CustomerID": "", "Country": "United Kingdom"},
{"InvoiceNo": "536982", "StockCode": "85099C", "Description": "JUMBO  BAG BAROQUE BLACK WHITE", "Quantity": "31", "InvoiceDate": "03-12-2010 14:27", "UnitPrice": "4.21", "CustomerID": "", "Country": "United Kingdom"},
{"InvoiceNo": "536982", "StockCode": "85099f", "Description": "JUMBO BAG STRAWBERRY", "Quantity": "4", "InvoiceDate": "03-12-2010 14:27", "UnitPrice": "5.06", "CustomerID": "", "Country": "United Kingdom"},
{"InvoiceNo": "536982", "StockCode": "85123a", "Description": "WHITE HANGING HEART T-LIGHT HOLDER", "Quantity": "35", "InvoiceDate": "03-12-2010 14:27", "UnitPrice": "6.77", "CustomerID": "", "Country": "United Kingdom"},
{"InvoiceNo": "536992", "StockCode": "84032B", "Description": "CHARLIE + LOLA RED HOT WATER BOTTLE", "Quantity": "36", "InvoiceDate": "03-12-2010 15:16", "UnitPrice": "2.55", "CustomerID": "15769", "Country": "United Kingdom"},
{"InvoiceNo": "537002", "StockCode": "21651", "Description": "", "Quantity": "70", "InvoiceDate": "03-12-2010 15:33", "UnitPrice": "0", "CustomerID": "", "Country": "United Kingdom"},
{"InvoiceNo": "537012", "StockCode": "21535", "Description": "", "Quantity": "-12", "InvoiceDate": "03-12-2010 15:39", "UnitPrice": "0", "CustomerID": "", "Country": "United Kingdom"},
{"InvoiceNo": "537022", "StockCode": "20956", "Description": "PORCELAIN T-LIGHT HOLDERS ASSORTED", "Quantity": "12", "InvoiceDate": "03-12-2010 15:45", "UnitPrice": "1.25", "CustomerID": "12725", "Country": "Italy"},
{"InvoiceNo": "537022", "StockCode": "21287", "Description": "SCENTED VELVET LOUNGE CANDLE ", "Quantity": "12", "InvoiceDate": "03-12-2010 15:45", "UnitPrice": "1.25", "CustomerID": "12725", "Country": "Italy"},
{"InvoiceNo": "537022", "StockCode": "22307", "Description": "GOLD MUG BONE CHINA TREE OF LIFE", "Quantity": "6", "InvoiceDate": "03-12-2010 15:45", "UnitPrice": "1.95", "CustomerID": "12725", "Country": "Italy"},
{"InvoiceNo": "537022", "StockCode": "22697", "Description": "GREEN REGENCY TEACUP AND SAUCER", "Quantity": "6", "InvoiceDate": "03-12-2010 15:45", "UnitPrice": "2.95", "CustomerID": "12725", "Country": "Italy"},
{"InvoiceNo": "537022", "StockCode": "22791", "Description": "T-LIGHT GLASS FLUTED ANTIQUE", "Quantity": "12", "InvoiceDate": "03-12-2010 15:45", "UnitPrice": "1.25", "CustomerID": "12725", "Country": "Italy"},
{"InvoiceNo": "537022", "StockCode": "22809", "Description": "SET OF 6 T-LIGHTS SANTA", "Quantity": "6", "InvoiceDate": "03-12-2010 15:45", "UnitPrice": "2.95", "CustomerID": "12725", "Country": "Italy"},
{"InvoiceNo": "537022", "StockCode": "22810", "Description": "SET OF 6 T-LIGHTS SNOWMEN", "Quantity": "6", "InvoiceDate": "03-12-2010 15:45", "UnitPrice": "2.95", "CustomerID": "12725", "Country": "Italy"},
{"InvoiceNo": "537022", "StockCode": "72741", "Description": "GRAND CHOCOLATECANDLE", "Quantity": "9", "InvoiceDate": "03-12-2010 15:45", "UnitPrice": "1.45", "CustomerID": "12725", "Country": "Italy"},
{"InvoiceNo": "537022", "StockCode": "79337", "Description": "BLUE FLOCK GLASS CANDLEHOLDER", "Quantity": "6", "InvoiceDate": "03-12-2010 15:45", "UnitPrice": "1.65", "CustomerID": "12725", "Country": "Italy"},
{"InvoiceNo": "537022", "StockCode": "85038", "Description": "6 CHOCOLATE LOVE HEART T-LIGHTS", "Quantity": "6", "InvoiceDate": "03-12-2010 15:45", "UnitPrice": "2.1", "CustomerID": "12725", "Country": "Italy"},
{"InvoiceNo": "537022", "StockCode": "85078", "Description": "SCANDINAVIAN 3 HEARTS NAPKIN RING", "Quantity": "24", "InvoiceDate": "03-12-2010 15:45", "UnitPrice": "0.65", "CustomerID": "12725", "Country": "Italy"},
{"InvoiceNo": "537022", "StockCode": "85111", "Description": "SILVER GLITTER FLOWER VOTIVE HOLDER", "Quantity": "12", "InvoiceDate": "03-12-2010 15:45", "UnitPrice": "1.25", "CustomerID": "12725", "Country": "Italy"},
{"InvoiceNo": "537022", "StockCode": "72802A", "Description": "ROSE SCENT CANDLE IN JEWELLED BOX", "Quantity": "6", "InvoiceDate": "03-12-2010 15:45", "UnitPrice": "4.25", "CustomerID": "12725", "Country": "Italy"},
{"InvoiceNo": "537022", "StockCode": "72803A", "Description": "ROSE SCENT CANDLE JEWELLED DRAWER", "Quantity": "4", "InvoiceDate": "03-12-2010 15:45", "UnitPrice": "4.25", "CustomerID": "12725", "Country": "Italy"},
{"InvoiceNo": "537022", "StockCode": "72807C", "Description": "SET/3 VANILLA SCENTED CANDLE IN BOX", "Quantity": "4", "InvoiceDate": "03-12-2010 15:45", "UnitPrice": "4.25", "CustomerID": "12725", "Country": "Italy"},
{"InvoiceNo": "537022", "StockCode": "84031A", "Description": "CHARLIE+LOLA RED HOT WATER BOTTLE ", "Quantity": "3", "InvoiceDate": "03-12-2010 15:45", "UnitPrice": "4.65", "CustomerID": "12725", "Country": "Italy"},
{"InvoiceNo": "537022", "StockCode": "84614A", "Description": "PINK BAROQUE FLOCK CANDLE HOLDER", "Quantity": "2", "InvoiceDate": "03-12-2010 15:45", "UnitPrice": "5.95", "CustomerID": "12725", "Country": "Italy"},
{"InvoiceNo": "537022", "StockCode": "85034A", "Description": "3 GARDENIA MORRIS BOXED CANDLES", "Quantity": "4", "InvoiceDate": "03-12-2010 15:45", "UnitPrice": "4.25", "CustomerID": "12725", "Country": "Italy"},
{"InvoiceNo": "537022", "StockCode": "85034C", "Description": "3 ROSE MORRIS BOXED CANDLES", "Quantity": "4", "InvoiceDate": "03-12-2010 15:45", "UnitPrice": "4.25", "CustomerID": "12725", "Country": "Italy"},
{"InvoiceNo": "537022", "StockCode": "85035A", "Description": "GARDENIA 3 WICK MORRIS BOXED CANDLE", "Quantity": "4", "InvoiceDate": "03-12-2010 15:45", "UnitPrice": "4.25", "CustomerID": "12725", "Country": "Italy"},
{"InvoiceNo": "537022", "StockCode": "85035B", "Description": "CHOCOLATE 3 WICK MORRIS BOX CANDLE", "Quantity": "4", "InvoiceDate": "03-12-2010 15:45", "UnitPrice": "4.25", "CustomerID": "12725", "Country": "Italy"},
{"InvoiceNo": "537022", "StockCode": "85035C", "Description": "ROSE 3 WICK MORRIS BOX CANDLE", "Quantity": "4", "InvoiceDate": "03-12-2010 15:45", "UnitPrice": "4.25", "CustomerID": "12725", "Country": "Italy"},
{"InvoiceNo": "537022", "StockCode": "85036B", "Description": "CHOCOLATE 1 WICK MORRIS BOX CANDLE", "Quantity": "6", "InvoiceDate": "03-12-2010 15:45", "UnitPrice": "4.25", "CustomerID": "12725", "Country": "Italy"},
{"InvoiceNo": "537022", "StockCode": "POST", "Description": "POSTAGE", "Quantity": "2", "InvoiceDate": "03-12-2010 15:45", "UnitPrice": "28", "CustomerID": "12725", "Country": "Italy"},
{"InvoiceNo": "537032", "StockCode": "21275", "Description": "?", "Quantity": "-30", "InvoiceDate": "03-12-2010 16:50", "UnitPrice": "0", "CustomerID": "", "Country": "United Kingdom"}
]