[{"InvoiceNo": "536370", "StockCode": "10002", "Description": "INFLATABLE POLITICAL GLOBE ", "Quantity": "48", "InvoiceDate": "01-12-2010 8:45", "UnitPrice": "0.85", "CustomerID": "12583", "Country": "France"},
{"InvoiceNo": "536370", "StockCode": "21035", "Description": "SET/2 RED RETROSPOT TEA TOWELS ", "Quantity": "18", "InvoiceDate": "01-12-2010 8:45", "UnitPrice": "2.95", "CustomerID": "12583", "Country": "France"},
{"InvoiceNo": "536370", "StockCode": "21724", "Description": "PANDA AND BUNNIES STICKER SHEET", "Quantity": "12", "InvoiceDate": "01-12-2010 8:45", "UnitPrice": "0.85", "CustomerID": "12583", "Country": "France"},
{"InvoiceNo": "536370", "StockCode": "21731", "Description": "RED TOADSTOOL LED NIGHT LIGHT", "Quantity": "24", "InvoiceDate": "01-12-2010 8:45", "UnitPrice": "1.65", "CustomerID": "12583", "Country": "France"},
{"InvoiceNo": "536370", "StockCode": "21791", "Description": "VINTAGE HEADS AND TAILS CARD GAME ", "Quantity": "24", "InvoiceDate": "01-12-2010 8:45", "UnitPrice": "1.25", "CustomerID": "12583", "Country": "France"},
{"InvoiceNo": "536370", "StockCode": "21883", "Description": "STARS GIFT TAPE ", "Quantity": "24", "InvoiceDate": "01-12-2010 8:45", "UnitPrice": "0.65", "CustomerID": "12583", "Country": "France"},
{"InvoiceNo": "536370", "StockCode": "21913", "Description": "VINTAGE SEASIDE JIGSAW PUZZLES", "Quantity": "12", "InvoiceDate": "01-12-2010 8:45", "UnitPrice": "3.75", "CustomerID": "12583", "Country": "France"},
{"InvoiceNo": "536370", "StockCode": "22326", "Description": "ROUND SNACK BOXES SET OF4 WOODLAND ", "Quantity": "24", "InvoiceDate": "01-12-2010 8:45", "UnitPrice": "2.95", "CustomerID": "12583", "Country": "France"},
{"InvoiceNo": "536370", "StockCode": "22492", "Description": "MINI PAINT SET VINTAGE ", "Quantity": "36", "InvoiceDate": "01-12-2010 8:45", "UnitPrice": "0.65", "CustomerID": "12583", "Country": "France"},
{"InvoiceNo": "536370", "StockCode": "22540", "Description": "MINI JIGSAW CIRCUS PARADE ", "Quantity": "24", "InvoiceDate": "01-12-2010 8:45", "UnitPrice": "0.42", "CustomerID": "12583", "Country": "France"},
{"InvoiceNo": "536370", "StockCode": "22544", "Description": "MINI JIGSAW SPACEBOY", "Quantity": "24", "InvoiceDate": "01-12-2010 8:45", "UnitPrice": "0.42", "CustomerID": "12583", "Country": "France"},
{"InvoiceNo": "536370", "StockCode": "22629", "Description": "SPACEBOY LUNCH BOX ", "Quantity": "24", "InvoiceDate": "01-12-2010 8:45", "UnitPrice": "1.95", "CustomerID": "12583", "Country": "France"},
{"InvoiceNo": "536370", "StockCode": "22631", "Description": "CIRCUS PARADE LUNCH BOX ", "Quantity": "24", "InvoiceDate": "01-12-2010 8:45", "UnitPrice": "1.95", "CustomerID": "12583", "Country": "France"},
{"InvoiceNo": "536370", "StockCode": "22659", "Description": "LUNCH BOX I LOVE LONDON", "Quantity": "24", "InvoiceDate": "01-12-2010 8:45", "UnitPrice": "1.95", "CustomerID": "12583", "Country": "France"},
{"InvoiceNo": "536370", "StockCode": "22661", "Description": "CHARLOTTE BAG DOLLY GIRL DESIGN", "Quantity": "20", "InvoiceDate": "01-12-2010 8:45", "UnitPrice": "0.85", "CustomerID": "12583", "Country": "France"},
{"InvoiceNo": "536370", "StockCode": "22726", "Description": "ALARM CLOCK BAKELIKE GREEN", "Quantity": "12", "InvoiceDate": "01-12-2010 8:45", "UnitPrice": "3.75", "CustomerID": "12583", "Country": "France"},
{"InvoiceNo": "536370", "StockCode": "22727", "Description": "ALARM CLOCK BAKELIKE RED ", "Quantity": "24", "InvoiceDate": "01-12-2010 8:45", "UnitPrice": "3.75", "CustomerID": "12583", "Country": "France"},
{"InvoiceNo": "536370", "StockCode": "22728", "Description": "ALARM CLOCK BAKELIKE PINK", "Quantity": "24", "InvoiceDate": "01-12-2010 8:45", "UnitPrice": "3.75", "CustomerID": "12583", "Country": "France"},
{"InvoiceNo": "536370", "StockCode": "22900", "Description": " SET 2 TEA TOWELS I LOVE LONDON ", "Quantity": "24", "InvoiceDate": "01-12-2010 8:45", "UnitPrice": "2.95", "CustomerID": "12583", "Country": "France"},
{"InvoiceNo": "536370", "StockCode": "POST", "Description": "POSTAGE", "Quantity": "3", "InvoiceDate": "01-12-2010 8:45", "UnitPrice": "18", "CustomerID": "12583", "Country": "France"},
{"InvoiceNo": "536380", "StockCode": "22961", "Description": "JAM MAKING SET PRINTED", "Quantity": "24", "InvoiceDate": "01-12-2010 9:41", "UnitPrice": "1.45", "CustomerID": "17809", "Country": "United Kingdom"},
{"InvoiceNo": "536390", "StockCode": "20668", "Description": "DISCO BALL CHRISTMAS DECORATION", "Quantity": "288", "InvoiceDate": "01-12-2010 10:19", "UnitPrice": "0.1", "CustomerID": "17511", "Country": "United Kingdom"},
{"InvoiceNo": "536390", "StockCode": "21080", "Description": "SET/20 RED RETROSPOT PAPER NAPKINS ", "Quantity": "96", "InvoiceDate": "01-12-2010 10:19", "UnitPrice": "0.64", "CustomerID": "17511", "Country": "United Kingdom"},
{"InvoiceNo": "536390", "StockCode": "21086", "Description": "SET/6 RED SPOTTY PAPER CUPS", "Quantity": "48", "InvoiceDate": "01-12-2010 10:19", "UnitPrice": "0.65", "CustomerID": "17511", "Country": "United Kingdom"},
{"InvoiceNo": "536390", "StockCode": "21094", "Description": "SET/6 RED SPOTTY PAPER PLATES", "Quantity": "96", "InvoiceDate": "01-12-2010 10:19", "UnitPrice": "0.64", "CustomerID": "17511", "Country": "United Kingdom"},
{"InvoiceNo": "536390", "StockCode": "21485", "Description": "RETROSPOT HEART HOT WATER BOTTLE", "Quantity": "24", "InvoiceDate": "01-12-2010 10:19", "UnitPrice": "4.25", "CustomerID": "17511", "Country": "United Kingdom"},
{"InvoiceNo": "536390", "StockCode": "21533", "Description": "RETROSPOT LARGE MILK JUG", "Quantity": "12", "InvoiceDate": "01-12-2010 10:19", "UnitPrice": "4.25", "CustomerID": "17511", "Country": "United Kingdom"},
{"InvoiceNo": "536390", "StockCode": "21786", "Description": "POLKADOT RAIN HAT ", "Quantity": "144", "InvoiceDate": "01-12-2010 10:19", "UnitPrice": "0.32", "CustomerID": "17511", "Country": "United Kingdom"},
{"InvoiceNo": "536390", "StockCode": "22174", "Description": "PHOTO CUBE", "Quantity": "48", "InvoiceDate": "01-12-2010 10:19", "UnitPrice": "1.48", "CustomerID": "17511", "Country": "United Kingdom"},
{"InvoiceNo": "536390", "StockCode": "22197", "Description": "SMALL POPCORN HOLDER", "Quantity": "100", "InvoiceDate": "01-12-2010 10:19", "UnitPrice": "0.72", "CustomerID": "17511", "Country": "United Kingdom"},
{"InvoiceNo": "536390", "StockCode": "22198", "Description": "LARGE POPCORN HOLDER ", "Quantity": "50", "InvoiceDate": "01-12-2010 10:19", "UnitPrice": "1.45", "CustomerID": "17511", "Country": "United Kingdom"},
{"InvoiceNo": "536390", "StockCode": "22654", "Description": "DELUXE SEWING KIT ", "Quantity": "40", "InvoiceDate": "01-12-2010 10:19", "UnitPrice": "4.95", "CustomerID": "17511", "Country": "United Kingdom"},
{"InvoiceNo": "536390", "StockCode": "22910", "Description": "PAPER CHAIN KIT VINTAGE CHRISTMAS", "Quantity": "40", "InvoiceDate": "01-12-2010 10:19", "UnitPrice": "2.55", "CustomerID": "17511", "Country": "United Kingdom"},
{"InvoiceNo": "536390", "StockCode": "22941", "Description": "CHRISTMAS LIGHTS 10 REINDEER", "Quantity": "2", "InvoiceDate": "01-12-2010 10:19", "UnitPrice": "8.5", "CustomerID": "17511", "Country": "United Kingdom"},
{"InvoiceNo": "536390", "StockCode": "22960", "Description": "JAM MAKING SET WITH JARS", "Quantity": "12", "InvoiceDate": "01-12-2010 10:19", "UnitPrice": "3.75", "CustomerID": "17511", "Country": "United Kingdom"},
{"InvoiceNo": "536390", "StockCode": "22961", "Description": "JAM MAKING SET PRINTED", "Quantity": "12", "InvoiceDate": "01-12-2010 10:19", "UnitPrice": "1.45", "CustomerID": "17511", "Country": "United Kingdom"},
{"InvoiceNo": "536390", "StockCode": "22962", "Description": "JAM JAR WITH PINK LID", "Quantity": "48", "InvoiceDate": "01-12-2010 10:19", "UnitPrice": "0.72", "CustomerID": "17511", "Country": "United Kingdom"},
{"InvoiceNo": "536390", "StockCode": "22963", "Description": "JAM JAR WITH GREEN LID", "Quantity": "48", "InvoiceDate": "01-12-2010 10:19", "UnitPrice": "0.72", "CustomerID": "17511", "Country": "United Kingdom"},
{"InvoiceNo": "536390", "StockCode": "22968", "Description": "ROSE COTTAGE KEEPSAKE BOX ", "Quantity": "8", "InvoiceDate": "01-12-2010 10:19", "UnitPrice": "8.5", "CustomerID": "17511", "Country": "United Kingdom"},
{"InvoiceNo": "536390", "StockCode": "22969", "Description": "HOMEMADE JAM SCENTED CANDLES", "Quantity": "96", "InvoiceDate": "01-12-2010 10:19", "UnitPrice": "1.25", "CustomerID": "17511", "Country": "United Kingdom"},
{"InvoiceNo": "536390", "StockCode": "84029G", "Description": "KNITTED UNION FLAG HOT WATER BOTTLE", "Quantity": "24", "InvoiceDate": "01-12-2010 10:19", "UnitPrice": "3.39", "CustomerID": "17511", "Country": "United Kingdom"},
{"InvoiceNo": "536390", "StockCode": "84030E", "Description": "ENGLISH ROSE HOT WATER BOTTLE", "Quantity": "24", "InvoiceDate": "01-12-2010 10:19", "UnitPrice": "3.75", "CustomerID": "17511", "Country": "United Kingdom"},
{"InvoiceNo": "536390", "StockCode": "84970S", "Description": "HANGING HEART ZINC T-LIGHT HOLDER", "Quantity": "144", "InvoiceDate": "01-12-2010 10:19", "UnitPrice": "0.64", "CustomerID": "17511", "Country": "United Kingdom"},
{"InvoiceNo": "536390", "StockCode": "85099B", "Description": "JUMBO BAG RED RETROSPOT", "Quantity": "100", "InvoiceDate": "01-12-2010 10:19", "UnitPrice": "1.65", "CustomerID": "17511", "Country": "United Kingdom"},
{"InvoiceNo": "536390", "StockCode": "85123A", "Description": "WHITE HANGING HEART T-LIGHT HOLDER", "Quantity": "64", "InvoiceDate": "01-12-2010 10:19", "UnitPrice": "2.55", "CustomerID": "17511", "Country": "United Kingdom"},
{"InvoiceNo": "536400", "StockCode": "22969", "Description": "HOMEMADE JAM SCENTED CANDLES", "Quantity": "12", "InvoiceDate": "01-12-2010 10:53", "UnitPrice": "1.45", "CustomerID": "13448", "Country": "United Kingdom"},
{"InvoiceNo": "536420", "StockCode": "21715", "Description": "GIRLS VINTAGE TIN SEASIDE BUCKET", "Quantity": "8", "InvoiceDate": "01-12-2010 12:03", "UnitPrice": "2.55", "CustomerID": "16583", "Country": "United Kingdom"},
{"InvoiceNo": "536420", "StockCode": "21716", "Description": "BOYS VINTAGE TIN SEASIDE BUCKET", "Quantity": "8", "InvoiceDate": "01-12-2010 12:03", "UnitPrice": "2.55", "CustomerID": "16583", "Country": "United Kingdom"},
{"InvoiceNo": "536420", "StockCode": "21718", "Description": "RED METAL BEACH SPADE ", "Quantity": "12", "InvoiceDate": "01-12-2010 12:03", "UnitPrice": "1.25", "CustomerID": "16583", "Country": "United Kingdom"},
{"InvoiceNo": "536420", "StockCode": "21889", "Description": "WOODEN BOX OF DOMINOES", "Quantity": "12", "InvoiceDate": "01-12-2010 12:03", "UnitPrice": "1.25", "CustomerID": "16583", "Country": "United Kingdom"},
{"InvoiceNo": "536420", "StockCode": "21890", "Description": "S/6 WOODEN SKITTLES IN COTTON BAG", "Quantity": "6", "InvoiceDate": "01-12-2010 12:03", "UnitPrice": "2.95", "CustomerID": "16583", "Country": "United Kingdom"},
{"InvoiceNo": "536420", "StockCode": "21891", "Description": "TRADITIONAL WOODEN SKIPPING ROPE", "Quantity": "12", "InvoiceDate": "01-12-2010 12:03", "UnitPrice": "1.25", "CustomerID": "16583", "Country": "United Kingdom"},
{"InvoiceNo": "536420", "StockCode": "21892", "Description": "TRADITIONAL WOODEN CATCH CUP GAME ", "Quantity": "12", "InvoiceDate": "01-12-2010 12:03", "UnitPrice": "1.25", "CustomerID": "16583", "Country": "United Kingdom"},
{"InvoiceNo": "536420", "StockCode": "22110", "Description": "BIRD HOUSE HOT WATER BOTTLE", "Quantity": "6", "InvoiceDate": "01-12-2010 12:03", "UnitPrice": "2.55", "CustomerID": "16583", "Country": "United Kingdom"},
{"InvoiceNo": "536420", "StockCode": "22111", "Description": "SCOTTIE DOG HOT WATER BOTTLE", "Quantity": "3", "InvoiceDate": "01-12-2010 12:03", "UnitPrice": "4.95", "CustomerID": "16583", "Country": "United Kingdom"},
{"InvoiceNo": "536420", "StockCode": "22113", "Description": "GREY HEART HOT WATER BOTTLE", "Quantity": "4", "InvoiceDate": "01-12-2010 12:03", "UnitPrice": "3.75", "CustomerID": "16583", "Country": "United Kingdom"},
{"InvoiceNo": "536420", "StockCode": "22115", "Description": "METAL SIGN EMPIRE TEA", "Quantity": "6", "InvoiceDate": "01-12-2010 12:03", "UnitPrice": "2.95", "CustomerID": "16583", "Country": "United Kingdom"},
{"InvoiceNo": "536420", "StockCode": "22357", "Description": "KINGS CHOICE BISCUIT TIN", "Quantity": "4", "InvoiceDate": "01-12-2010 12:03", "UnitPrice": "4.25", "CustomerID": "16583", "Country": "United Kingdom"},
{"InvoiceNo": "536420", "StockCode": "22358", "Description": "KINGS CHOICE TEA CADDY ", "Quantity": "6", "InvoiceDate": "01-12-2010 12:03", "UnitPrice": "2.95", "CustomerID": "16583", "Country": "United Kingdom"},
{"InvoiceNo": "536420", "StockCode": "22969", "Description": "HOMEMADE JAM SCENTED CANDLES", "Quantity": "12", "InvoiceDate": "01-12-2010 12:03", "UnitPrice": "1.45", "CustomerID": "16583", "Country": "United Kingdom"},
{"InvoiceNo": "536460", "StockCode": "21121", "Description": "SET/10 RED POLKADOT PARTY CANDLES", "Quantity": "24", "InvoiceDate": "01-12-2010 12:22", "UnitPrice": "1.25", "CustomerID": "14849", "Country": "United Kingdom"},
{"InvoiceNo": "536460", "StockCode": "21257", "Description": "VICTORIAN SEWING BOX MEDIUM", "Quantity": "2", "InvoiceDate": "01-12-2010 12:22", "UnitPrice": "7.95", "CustomerID": "14849", "Country": "United Kingdom"},
{"InvoiceNo": "536460", "StockCode": "21259", "Description": "VICTORIAN SEWING BOX SMALL ", "Quantity": "2", "InvoiceDate": "01-12-2010 12:22", "UnitPrice": "5.95", "CustomerID": "14849", "Country": "United Kingdom"},
{"InvoiceNo": "536460", "StockCode": "21484", "Description": "CHICK GREY HOT WATER BOTTLE", "Quantity": "8", "InvoiceDate": "01-12-2010 12:22", "UnitPrice": "3.45", "CustomerID": "14849", "Country": "United Kingdom"},
{"InvoiceNo": "536460", "StockCode": "21485", "Description": "RETROSPOT HEART HOT WATER BOTTLE", "Quantity": "6", "InvoiceDate": "01-12-2010 12:22", "UnitPrice": "4.95", "CustomerID": "14849", "Country": "United Kingdom"},
{"InvoiceNo": "536460", "StockCode": "21586", "Description": "KINGS CHOICE GIANT TUBE MATCHES", "Quantity": "12", "InvoiceDate": "01-12-2010 12:22", "UnitPrice": "2.55", "CustomerID": "14849", "Country": "United Kingdom"},
{"InvoiceNo": "536460", "StockCode": "21977", "Description": "PACK OF 60 PINK PAISLEY CAKE CASES", "Quantity": "24", "InvoiceDate": "01-12-2010 12:22", "UnitPrice": "0.55", "CustomerID": "14849", "Country": "United Kingdom"},
{"InvoiceNo": "536460", "StockCode": "22670", "Description": "FRENCH WC SIGN BLUE METAL", "Quantity": "12", "InvoiceDate": "01-12-2010 12:22", "UnitPrice": "1.25", "CustomerID": "14849", "Country": "United Kingdom"},
{"InvoiceNo": "536460", "StockCode": "22925", "Description": "BLUE GIANT GARDEN THERMOMETER", "Quantity": "2", "InvoiceDate": "01-12-2010 12:22", "UnitPrice": "5.95", "CustomerID": "14849", "Country": "United Kingdom"},
{"InvoiceNo": "536460", "StockCode": "22926", "Description": "IVORY GIANT GARDEN THERMOMETER", "Quantity": "4", "InvoiceDate": "01-12-2010 12:22", "UnitPrice": "5.95", "CustomerID": "14849", "Country": "United Kingdom"},
{"InvoiceNo": "536460", "StockCode": "22927", "Description": "GREEN GIANT GARDEN THERMOMETER", "Quantity": "2", "InvoiceDate": "01-12-2010 12:22", "UnitPrice": "5.95", "CustomerID": "14849", "Country": "United Kingdom"},
{"InvoiceNo": "536460", "StockCode": "84879", "Description": "ASSORTED COLOUR BIRD ORNAMENT", "Quantity": "24", "InvoiceDate": "01-12-2010 12:22", "UnitPrice": "1.69", "CustomerID": "14849", "Country": "United Kingdom"},
{"InvoiceNo": "536460", "StockCode": "84992", "Description": "72 SWEETHEART FAIRY CAKE CASES", "Quantity": "24", "InvoiceDate": "01-12-2010 12:22", "UnitPrice": "0.55", "CustomerID": "14849", "Country": "United Kingdom"},
{"InvoiceNo": "536460", "StockCode": "84849B", "Description": "FAIRY SOAP SOAP HOLDER", "Quantity": "12", "InvoiceDate": "01-12-2010 12:22", "UnitPrice": "1.69", "CustomerID": "14849", "Country": "United Kingdom"},
{"InvoiceNo": "536500", "StockCode": "21035", "Description": "SET/2 RED RETROSPOT TEA TOWELS ", "Quantity": "3", "InvoiceDate": "01-12-2010 12:35", "UnitPrice": "2.95", "CustomerID": "17377", "Country": "United Kingdom"},
{"InvoiceNo": "536500", "StockCode": "21488", "Description": "RED WHITE SCARF  HOT WATER BOTTLE", "Quantity": "2", "InvoiceDate": "01-12-2010 12:35", "UnitPrice": "3.95", "CustomerID": "17377", "Country": "United Kingdom"},
{"InvoiceNo": "536500", "StockCode": "21622", "Description": "VINTAGE UNION JACK CUSHION COVER", "Quantity": "10", "InvoiceDate": "01-12-2010 12:35", "UnitPrice": "4.95", "CustomerID": "17377", "Country": "United Kingdom"},
{"InvoiceNo": "536500", "StockCode": "21754", "Description": "HOME BUILDING BLOCK WORD", "Quantity": "6", "InvoiceDate": "01-12-2010 12:35", "UnitPrice": "5.95", "CustomerID": "17377", "Country": "United Kingdom"},
{"InvoiceNo": "536500", "StockCode": "21755", "Description": "LOVE BUILDING BLOCK WORD", "Quantity": "6", "InvoiceDate": "01-12-2010 12:35", "UnitPrice": "5.95", "CustomerID": "17377", "Country": "United Kingdom"},
{"InvoiceNo": "536500", "StockCode": "22024", "Description": "RAINY LADIES BIRTHDAY CARD", "Quantity": "12", "InvoiceDate": "01-12-2010 12:35", "UnitPrice": "0.42", "CustomerID": "17377", "Country": "United Kingdom"},
{"InvoiceNo": "536500", "StockCode": "22113", "Description": "GREY HEART HOT WATER BOTTLE", "Quantity": "3", "InvoiceDate": "01-12-2010 12:35", "UnitPrice": "3.75", "CustomerID": "17377", "Country": "United Kingdom"},
{"InvoiceNo": "536500", "StockCode": "22616", "Description": "PACK OF 12 LONDON TISSUES ", "Quantity": "12", "InvoiceDate": "01-12-2010 12:35", "UnitPrice": "0.29", "CustomerID": "17377", "Country": "United Kingdom"},
{"InvoiceNo": "536500", "StockCode": "22630", "Description": "DOLLY GIRL LUNCH BOX", "Quantity": "2", "InvoiceDate": "01-12-2010 12:35", "UnitPrice": "1.95", "CustomerID": "17377", "Country": "United Kingdom"},
{"InvoiceNo": "536500", "StockCode": "22712", "Description": "CARD DOLLY GIRL ", "Quantity": "12", "InvoiceDate": "01-12-2010 12:35", "UnitPrice": "0.42", "CustomerID": "17377", "Country": "United Kingdom"},
{"InvoiceNo": "536500", "StockCode": "22895", "Description": "SET OF 2 TEA TOWELS APPLE AND PEARS", "Quantity": "3", "InvoiceDate": "01-12-2010 12:35", "UnitPrice": "2.95", "CustomerID": "17377", "Country": "United Kingdom"},
{"InvoiceNo": "536500", "StockCode": "22900", "Description": " SET 2 TEA TOWELS I LOVE LONDON ", "Quantity": "7", "InvoiceDate": "01-12-2010 12:35", "UnitPrice": "2.95", "CustomerID": "17377", "Country": "United Kingdom"},
{"InvoiceNo": "536500", "StockCode": "22983", "Description": "CARD BILLBOARD FONT", "Quantity": "12", "InvoiceDate": "01-12-2010 12:35", "UnitPrice": "0.42", "CustomerID": "17377", "Country": "United Kingdom"},
{"InvoiceNo": "536500", "StockCode": "46000M", "Description": "POLYESTER FILLER PAD 45x45cm", "Quantity": "10", "InvoiceDate": "01-12-2010 12:35", "UnitPrice": "1.55", "CustomerID": "17377", "Country": "United Kingdom"},
{"InvoiceNo": "536500", "StockCode": "84029E", "Description": "RED WOOLLY HOTTIE WHITE HEART.", "Quantity": "2", "InvoiceDate": "01-12-2010 12:35", "UnitPrice": "3.75", "CustomerID": "17377", "Country": "United Kingdom"},
{"InvoiceNo": "536520", "StockCode": "20707", "Description": "CRAZY DAISY HEART DECORATION", "Quantity": "1", "InvoiceDate": "01-12-2010 12:43", "UnitPrice": "1.25", "CustomerID": "14729", "Country": "United Kingdom"},
{"InvoiceNo": "536520", "StockCode": "20754", "Description": "RETROSPOT RED WASHING UP GLOVES", "Quantity": "1", "InvoiceDate": "01-12-2010 12:43", "UnitPrice": "2.1", "CustomerID": "14729", "Country": "United Kingdom"},
{"InvoiceNo": "536520", "StockCode": "20772", "Description": "GARDEN PATH JOURNAL", "Quantity": "1", "InvoiceDate": "01-12-2010 12:43", "UnitPrice": "2.55", "CustomerID": "14729", "Country": "United Kingdom"},
{"InvoiceNo": "536520", "StockCode": "21034", "Description": "REX CASH+CARRY JUMBO SHOPPER", "Quantity": "2", "InvoiceDate": "01-12-2010 12:43", "UnitPrice": "0.95", "CustomerID": "14729", "Country": "United Kingdom"},
{"InvoiceNo": "536520", "StockCode": "21111", "Description": "SWISS ROLL TOWEL, CHOCOLATE  SPOTS", "Quantity": "1", "InvoiceDate": "01-12-2010 12:43", "UnitPrice": "2.95", "CustomerID": "14729", "Country": "United Kingdom"},
{"InvoiceNo": "536520", "StockCode": "21122", "Description": "SET/10 PINK POLKADOT PARTY CANDLES", "Quantity": "1", "InvoiceDate": "01-12-2010 12:43", "UnitPrice": "1.25", "CustomerID": "14729", "Country": "United Kingdom"},
{"InvoiceNo": "536520", "StockCode": "21123", "Description": "SET/10 IVORY POLKADOT PARTY CANDLES", "Quantity": "1", "InvoiceDate": "01-12-2010 12:43", "UnitPrice": "1.25", "CustomerID": "14729", "Country": "United Kingdom"},
{"InvoiceNo": "536520", "StockCode": "21124", "Description": "SET/10 BLUE POLKADOT PARTY CANDLES", "Quantity": "1", "InvoiceDate": "01-12-2010 12:43", "UnitPrice": "1.25", "CustomerID": "14729", "Country": "United Kingdom"},
{"InvoiceNo": "536520", "StockCode": "21175", "Description": "GIN + TONIC DIET METAL SIGN", "Quantity": "1", "InvoiceDate": "01-12-2010 12:43", "UnitPrice": "2.1", "CustomerID": "14729", "Country": "United Kingdom"},
{"InvoiceNo": "536520", "StockCode": "21292", "Description": "SMALL STRIPES CHOCOLATE GIFT BAG ", "Quantity": "16", "InvoiceDate": "01-12-2010 12:43", "UnitPrice": "0.85", "CustomerID": "14729", "Country": "United Kingdom"},
{"InvoiceNo": "536520", "StockCode": "21358", "Description": "TOAST ITS - HAPPY BIRTHDAY", "Quantity": "2", "InvoiceDate": "01-12-2010 12:43", "UnitPrice": "1.25", "CustomerID": "14729", "Country": "United Kingdom"},
{"InvoiceNo": "536520", "StockCode": "21427", "Description": "SKULLS STORAGE BOX SMALL", "Quantity": "2", "InvoiceDate": "01-12-2010 12:43", "UnitPrice": "2.1", "CustomerID": "14729", "Country": "United Kingdom"},
{"InvoiceNo": "536520", "StockCode": "21486", "Description": "PINK HEART DOTS HOT WATER BOTTLE", "Quantity": "1", "InvoiceDate": "01-12-2010 12:43", "UnitPrice": "3.75", "CustomerID": "14729", "Country": "United Kingdom"},
{"InvoiceNo": "536520", "StockCode": "21584", "Description": "RETROSPOT SMALL TUBE MATCHES", "Quantity": "12", "InvoiceDate": "01-12-2010 12:43", "UnitPrice": "1.65", "CustomerID": "14729", "Country": "United Kingdom"},
{"InvoiceNo": "536520", "StockCode": "21588", "Description": "RETROSPOT GIANT TUBE MATCHES", "Quantity": "3", "InvoiceDate": "01-12-2010 12:43", "UnitPrice": "2.55", "CustomerID": "14729", "Country": "United Kingdom"},
{"InvoiceNo": "536520", "StockCode": "21794", "Description": "CLASSIC FRENCH STYLE BASKET NATURAL", "Quantity": "1", "InvoiceDate": "01-12-2010 12:43", "UnitPrice": "6.75", "CustomerID": "14729", "Country": "United Kingdom"},
{"InvoiceNo": "536520", "StockCode": "21804", "Description": "WHITE CHRISTMAS GARLAND STARS TREES", "Quantity": "3", "InvoiceDate": "01-12-2010 12:43", "UnitPrice": "3.75", "CustomerID": "14729", "Country": "United Kingdom"},
{"InvoiceNo": "536520", "StockCode": "21867", "Description": "PINK UNION JACK  LUGGAGE TAG", "Quantity": "1", "InvoiceDate": "01-12-2010 12:43", "UnitPrice": "1.25", "CustomerID": "14729", "Country": "United Kingdom"},
{"InvoiceNo": "536520", "StockCode": "21890", "Description": "S/6 WOODEN SKITTLES IN COTTON BAG", "Quantity": "1", "InvoiceDate": "01-12-2010 12:43", "UnitPrice": "2.95", "CustomerID": "14729", "Country": "United Kingdom"},
{"InvoiceNo": "536520", "StockCode": "21930", "Description": "JUMBO STORAGE BAG SKULLS", "Quantity": "1", "InvoiceDate": "01-12-2010 12:43", "UnitPrice": "1.95", "CustomerID": "14729", "Country": "United Kingdom"},
{"InvoiceNo": "536520", "StockCode": "21985", "Description": "PACK OF 12 HEARTS DESIGN TISSUES ", "Quantity": "12", "InvoiceDate": "01-12-2010 12:43", "UnitPrice": "0.29", "CustomerID": "14729", "Country": "United Kingdom"},
{"InvoiceNo": "536520", "StockCode": "22092", "Description": "BLUE PAISLEY TISSUE BOX", "Quantity": "1", "InvoiceDate": "01-12-2010 12:43", "UnitPrice": "1.25", "CustomerID": "14729", "Country": "United Kingdom"},
{"InvoiceNo": "536520", "StockCode": "22096", "Description": "PINK PAISLEY SQUARE TISSUE BOX ", "Quantity": "1", "InvoiceDate": "01-12-2010 12:43", "UnitPrice": "1.25", "CustomerID": "14729", "Country": "United Kingdom"},
{"InvoiceNo": "536520", "StockCode": "22099", "Description": "CARAVAN SQUARE TISSUE BOX", "Quantity": "2", "InvoiceDate": "01-12-2010 12:43", "UnitPrice": "1.25", "CustomerID": "14729", "Country": "United Kingdom"},
{"InvoiceNo": "536520", "StockCode": "22100", "Description": "SKULLS SQUARE TISSUE BOX", "Quantity": "1", "InvoiceDate": "01-12-2010 12:43", "UnitPrice": "1.25", "CustomerID": "14729", "Country": "United Kingdom"},
{"InvoiceNo": "536520", "StockCode": "22107", "Description": "PIZZA PLATE IN BOX", "Quantity": "2", "InvoiceDate": "01-12-2010 12:43", "UnitPrice": "3.75", "CustomerID": "14729", "Country": "United Kingdom"},
{"InvoiceNo": "536520", "StockCode": "22151", "Description": "PLACE SETTING WHITE HEART", "Quantity": "14", "InvoiceDate": "01-12-2010 12:43", "UnitPrice": "0.42", "CustomerID": "14729", "Country": "United Kingdom"},
{"InvoiceNo": "536520", "StockCode": "22152", "Description": "PLACE SETTING WHITE STAR", "Quantity": "12", "InvoiceDate": "01-12-2010 12:43", "UnitPrice": "0.42", "CustomerID": "14729", "Country": "United Kingdom"},
{"InvoiceNo": "536520", "StockCode": "22197", "Description": "SMALL POPCORN HOLDER", "Quantity": "3", "InvoiceDate": "01-12-2010 12:43", "UnitPrice": "0.85", "CustomerID": "14729", "Country": "United Kingdom"},
{"InvoiceNo": "536520", "StockCode": "22241", "Description": "GARLAND WOODEN HAPPY EASTER", "Quantity": "2", "InvoiceDate": "01-12-2010 12:43", "UnitPrice": "1.25", "CustomerID": "14729", "Country": "United Kingdom"},
{"InvoiceNo": "536520", "StockCode": "22441", "Description": "GROW YOUR OWN BASIL IN ENAMEL MUG", "Quantity": "1", "InvoiceDate": "01-12-2010 12:43", "UnitPrice": "2.1", "CustomerID": "14729", "Country": "United Kingdom"},
{"InvoiceNo": "536520", "StockCode": "22469", "Description": "HEART OF WICKER SMALL", "Quantity": "1", "InvoiceDate": "01-12-2010 12:43", "UnitPrice": "1.65", "CustomerID": "14729", "Country": "United Kingdom"},
{"InvoiceNo": "536520", "StockCode": "22469", "Description": "HEART OF WICKER SMALL", "Quantity": "2", "InvoiceDate": "01-12-2010 12:43", "UnitPrice": "1.65", "CustomerID": "14729", "Country": "United Kingdom"},
{"InvoiceNo": "536520", "StockCode": "22470", "Description": "HEART OF WICKER LARGE", "Quantity": "1", "InvoiceDate": "01-12-2010 12:43", "UnitPrice": "2.95", "CustomerID": "14729", "Country": "United Kingdom"},
{"InvoiceNo": "536520", "StockCode": "22501", "Description": "PICNIC BASKET WICKER LARGE", "Quantity": "1", "InvoiceDate": "01-12-2010 12:43", "UnitPrice": "9.95", "CustomerID": "14729", "Country": "United Kingdom"},
{"InvoiceNo": "536520", "StockCode": "22551", "Description": "PLASTERS IN TIN SPACEBOY", "Quantity": "1", "InvoiceDate": "01-12-2010 12:43", "UnitPrice": "1.65", "CustomerID": "14729", "Country": "United Kingdom"},
{"InvoiceNo": "536520", "StockCode": "22553", "Description": "PLASTERS IN TIN SKULLS", "Quantity": "1", "InvoiceDate": "01-12-2010 12:43", "UnitPrice": "1.65", "CustomerID": "14729", "Country": "United Kingdom"},
{"InvoiceNo": "536520", "StockCode": "22557", "Description": "PLASTERS IN TIN VINTAGE PAISLEY ", "Quantity": "2", "InvoiceDate": "01-12-2010 12:43", "UnitPrice": "1.65", "CustomerID": "14729", "Country": "United Kingdom"},
{"InvoiceNo": "536520", "StockCode": "22575", "Description": "METAL MERRY CHRISTMAS WREATH", "Quantity": "1", "InvoiceDate": "01-12-2010 12:43", "UnitPrice": "1.95", "CustomerID": "14729", "Country": "United Kingdom"},
{"InvoiceNo": "536520", "StockCode": "22582", "Description": "PACK OF 6 SWEETIE GIFT BOXES", "Quantity": "2", "InvoiceDate": "01-12-2010 12:43", "UnitPrice": "2.55", "CustomerID": "14729", "Country": "United Kingdom"},
{"InvoiceNo": "536520", "StockCode": "22583", "Description": "PACK OF 6 HANDBAG GIFT BOXES", "Quantity": "3", "InvoiceDate": "01-12-2010 12:43", "UnitPrice": "2.55", "CustomerID": "14729", "Country": "United Kingdom"},
{"InvoiceNo": "536520", "StockCode": "22583", "Description": "PACK OF 6 HANDBAG GIFT BOXES", "Quantity": "1", "InvoiceDate": "01-12-2010 12:43", "UnitPrice": "2.55", "CustomerID": "14729", "Country": "United Kingdom"},
{"InvoiceNo": "536520", "StockCode": "22588", "Description": "CARD HOLDER GINGHAM HEART", "Quantity": "2", "InvoiceDate": "01-12-2010 12:43", "UnitPrice": "2.55", "CustomerID": "14729", "Country": "United Kingdom"},
{"InvoiceNo": "536520", "StockCode": "22604", "Description": "SET OF 4 NAPKIN CHARMS CUTLERY", "Quantity": "3", "InvoiceDate": "01-12-2010 12:43", "UnitPrice": "2.55", "CustomerID": "14729", "Country": "United Kingdom"},
{"InvoiceNo": "536520", "StockCode": "22632", "Description": "HAND WARMER RED RETROSPOT", "Quantity": "4", "InvoiceDate": "01-12-2010 12:43", "UnitPrice": "2.1", "CustomerID": "14729", "Country": "United Kingdom"},
{"InvoiceNo": "536520", "StockCode": "22633", "Description": "HAND WARMER UNION JACK", "Quantity": "3", "InvoiceDate": "01-12-2010 12:43", "UnitPrice": "2.1", "CustomerID": "14729", "Country": "United Kingdom"},
{"InvoiceNo": "536520", "StockCode": "22642", "Description": "SET OF 4 NAPKIN CHARMS STARS   ", "Quantity": "4", "InvoiceDate": "01-12-2010 12:43", "UnitPrice": "2.55", "CustomerID": "14729", "Country": "United Kingdom"},
{"InvoiceNo": "536520", "StockCode": "22643", "Description": "SET OF 4 NAPKIN CHARMS LEAVES   ", "Quantity": "4", "InvoiceDate": "01-12-2010 12:43", "UnitPrice": "2.55", "CustomerID": "14729", "Country": "United Kingdom"},
{"InvoiceNo": "536520", "StockCode": "22653", "Description": "BUTTON BOX ", "Quantity": "1", "InvoiceDate": "01-12-2010 12:43", "UnitPrice": "1.95", "CustomerID": "14729", "Country": "United Kingdom"},
{"InvoiceNo": "536520", "StockCode": "22670", "Description": "FRENCH WC SIGN BLUE METAL", "Quantity": "1", "InvoiceDate": "01-12-2010 12:43", "UnitPrice": "1.25", "CustomerID": "14729", "Country": "United Kingdom"},
{"InvoiceNo": "536520", "StockCode": "22754", "Description": "SMALL RED BABUSHKA NOTEBOOK ", "Quantity": "1", "InvoiceDate": "01-12-2010 12:43", "UnitPrice": "0.85", "CustomerID": "14729", "Country": "United Kingdom"},
{"InvoiceNo": "536520", "StockCode": "22760", "Description": "TRAY, BREAKFAST IN BED", "Quantity": "1", "InvoiceDate": "01-12-2010 12:43", "UnitPrice": "12.75", "CustomerID": "14729", "Country": "United Kingdom"},
{"InvoiceNo": "536520", "StockCode": "22812", "Description": "PACK 3 BOXES CHRISTMAS PANNETONE", "Quantity": "3", "InvoiceDate": "01-12-2010 12:43", "UnitPrice": "1.95", "CustomerID": "14729", "Country": "United Kingdom"},
{"InvoiceNo": "536520", "StockCode": "22904", "Description": "CALENDAR PAPER CUT DESIGN", "Quantity": "3", "InvoiceDate": "01-12-2010 12:43", "UnitPrice": "2.95", "CustomerID": "14729", "Country": "United Kingdom"},
{"InvoiceNo": "536520", "StockCode": "22905", "Description": "CALENDAR IN SEASON DESIGN", "Quantity": "2", "InvoiceDate": "01-12-2010 12:43", "UnitPrice": "2.95", "CustomerID": "14729", "Country": "United Kingdom"},
{"InvoiceNo": "536520", "StockCode": "22906", "Description": "12 MESSAGE CARDS WITH ENVELOPES", "Quantity": "6", "InvoiceDate": "01-12-2010 12:43", "UnitPrice": "1.65", "CustomerID": "14729", "Country": "United Kingdom"},
{"InvoiceNo": "536520", "StockCode": "22916", "Description": "HERB MARKER THYME", "Quantity": "1", "InvoiceDate": "01-12-2010 12:43", "UnitPrice": "0.65", "CustomerID": "14729", "Country": "United Kingdom"},
{"InvoiceNo": "536520", "StockCode": "22917", "Description": "HERB MARKER ROSEMARY", "Quantity": "1", "InvoiceDate": "01-12-2010 12:43", "UnitPrice": "0.65", "CustomerID": "14729", "Country": "United Kingdom"},
{"InvoiceNo": "536520", "StockCode": "22918", "Description": "HERB MARKER PARSLEY", "Quantity": "2", "InvoiceDate": "01-12-2010 12:43", "UnitPrice": "0.65", "CustomerID": "14729", "Country": "United Kingdom"},
{"InvoiceNo": "536520", "StockCode": "22919", "Description": "HERB MARKER MINT", "Quantity": "2", "InvoiceDate": "01-12-2010 12:43", "UnitPrice": "0.65", "CustomerID": "14729", "Country": "United Kingdom"},
{"InvoiceNo": "536520", "StockCode": "22920", "Description": "HERB MARKER BASIL", "Quantity": "3", "InvoiceDate": "01-12-2010 12:43", "UnitPrice": "0.65", "CustomerID": "14729", "Country": "United Kingdom"},
{"InvoiceNo": "536520", "StockCode": "22921", "Description": "HERB MARKER CHIVES ", "Quantity": "2", "InvoiceDate": "01-12-2010 12:43", "UnitPrice": "0.65", "CustomerID": "14729", "Country": "United Kingdom"},
{"InvoiceNo": "536520", "StockCode": "22926", "Description": "IVORY GIANT GARDEN THERMOMETER", "Quantity": "1", "InvoiceDate": "01-12-2010 12:43", "UnitPrice": "5.95", "CustomerID": "14729", "Country": "United Kingdom"},
{"InvoiceNo": "536520", "StockCode": "22938", "Description": "CUPCAKE LACE PAPER SET 6", "Quantity": "5", "InvoiceDate": "01-12-2010 12:43", "UnitPrice": "1.95", "CustomerID": "14729", "Country": "United Kingdom"},
{"InvoiceNo": "536520", "StockCode": "22955", "Description": "36 FOIL STAR CAKE CASES ", "Quantity": "2", "InvoiceDate": "01-12-2010 12:43", "UnitPrice": "2.1", "CustomerID": "14729", "Country": "United Kingdom"},
{"InvoiceNo": "536520", "StockCode": "22956", "Description": "36 FOIL HEART CAKE CASES", "Quantity": "2", "InvoiceDate": "01-12-2010 12:43", "UnitPrice": "2.1", "CustomerID": "14729", "Country": "United Kingdom"},
{"InvoiceNo": "536520", "StockCode": "84378", "Description": "SET OF 3 HEART COOKIE CUTTERS", "Quantity": "1", "InvoiceDate": "01-12-2010 12:43", "UnitPrice": "1.25", "CustomerID": "14729", "Country": "United Kingdom"},
{"InvoiceNo": "536520", "StockCode": "71406C", "Description": "BLACK ORANGE SQUEEZER", "Quantity": "12", "InvoiceDate": "01-12-2010 12:43", "UnitPrice": "0.42", "CustomerID": "14729", "Country": "United Kingdom"},
{"InvoiceNo": "536520", "StockCode": "84596E", "Description": "SMALL LICORICE DES PINK BOWL", "Quantity": "1", "InvoiceDate": "01-12-2010 12:43", "UnitPrice": "1.25", "CustomerID": "14729", "Country": "United Kingdom"},
{"InvoiceNo": "536520", "StockCode": "84985A", "Description": "SET OF 72 GREEN PAPER DOILIES", "Quantity": "1", "InvoiceDate": "01-12-2010 12:43", "UnitPrice": "1.45", "CustomerID": "14729", "Country": "United Kingdom"},
{"InvoiceNo": "536520", "StockCode": "85123A", "Description": "WHITE HANGING HEART T-LIGHT HOLDER", "Quantity": "3", "InvoiceDate": "01-12-2010 12:43", "UnitPrice": "2.95", "CustomerID": "14729", "Country": "United Kingdom"},
{"InvoiceNo": "536530", "StockCode": "21038", "Description": "SET/4 MODERN VINTAGE COTTON NAPKINS", "Quantity": "1", "InvoiceDate": "01-12-2010 13:21", "UnitPrice": "2.95", "CustomerID": "17905", "Country": "United Kingdom"},
{"InvoiceNo": "536530", "StockCode": "21071", "Description": "VINTAGE BILLBOARD DRINK ME MUG", "Quantity": "24", "InvoiceDate": "01-12-2010 13:21", "UnitPrice": "1.25", "CustomerID": "17905", "Country": "United Kingdom"},
{"InvoiceNo": "536530", "StockCode": "21179", "Description": "NO JUNK MAIL METAL SIGN", "Quantity": "1", "InvoiceDate": "01-12-2010 13:21", "UnitPrice": "1.25", "CustomerID": "17905", "Country": "United Kingdom"},
{"InvoiceNo": "536530", "StockCode": "21625", "Description": "VINTAGE UNION JACK APRON", "Quantity": "1", "InvoiceDate": "01-12-2010 13:21", "UnitPrice": "6.95", "CustomerID": "17905", "Country": "United Kingdom"},
{"InvoiceNo": "536530", "StockCode": "21654", "Description": "RIDGED GLASS FINGER BOWL", "Quantity": "6", "InvoiceDate": "01-12-2010 13:21", "UnitPrice": "1.45", "CustomerID": "17905", "Country": "United Kingdom"},
{"InvoiceNo": "536530", "StockCode": "21657", "Description": "MILK BOTTLE WITH GLASS STOPPER ", "Quantity": "1", "InvoiceDate": "01-12-2010 13:21", "UnitPrice": "6.95", "CustomerID": "17905", "Country": "United Kingdom"},
{"InvoiceNo": "536530", "StockCode": "21658", "Description": "GLASS  BEURRE DISH", "Quantity": "1", "InvoiceDate": "01-12-2010 13:21", "UnitPrice": "3.95", "CustomerID": "17905", "Country": "United Kingdom"},
{"InvoiceNo": "536530", "StockCode": "21662", "Description": "VINTAGE GLASS COFFEE CADDY", "Quantity": "1", "InvoiceDate": "01-12-2010 13:21", "UnitPrice": "5.95", "CustomerID": "17905", "Country": "United Kingdom"},
{"InvoiceNo": "536530", "StockCode": "21664", "Description": "RIDGED GLASS STORAGE JAR CREAM LID", "Quantity": "2", "InvoiceDate": "01-12-2010 13:21", "UnitPrice": "3.75", "CustomerID": "17905", "Country": "United Kingdom"},
{"InvoiceNo": "536530", "StockCode": "22097", "Description": "SWALLOW SQUARE TISSUE BOX", "Quantity": "1", "InvoiceDate": "01-12-2010 13:21", "UnitPrice": "1.25", "CustomerID": "17905", "Country": "United Kingdom"},
{"InvoiceNo": "536530", "StockCode": "22097", "Description": "SWALLOW SQUARE TISSUE BOX", "Quantity": "1", "InvoiceDate": "01-12-2010 13:21", "UnitPrice": "1.25", "CustomerID": "17905", "Country": "United Kingdom"},
{"InvoiceNo": "536530", "StockCode": "22120", "Description": "WELCOME  WOODEN BLOCK LETTERS", "Quantity": "1", "InvoiceDate": "01-12-2010 13:21", "UnitPrice": "9.95", "CustomerID": "17905", "Country": "United Kingdom"},
{"InvoiceNo": "536530", "StockCode": "22185", "Description": "SLATE TILE NATURAL HANGING", "Quantity": "4", "InvoiceDate": "01-12-2010 13:21", "UnitPrice": "1.65", "CustomerID": "17905", "Country": "United Kingdom"},
{"InvoiceNo": "536530", "StockCode": "22360", "Description": "GLASS JAR ENGLISH CONFECTIONERY", "Quantity": "2", "InvoiceDate": "01-12-2010 13:21", "UnitPrice": "2.95", "CustomerID": "17905", "Country": "United Kingdom"},
{"InvoiceNo": "536530", "StockCode": "22364", "Description": "GLASS JAR DIGESTIVE BISCUITS", "Quantity": "1", "InvoiceDate": "01-12-2010 13:21", "UnitPrice": "2.95", "CustomerID": "17905", "Country": "United Kingdom"},
{"InvoiceNo": "536530", "StockCode": "22411", "Description": "JUMBO SHOPPER VINTAGE RED PAISLEY", "Quantity": "6", "InvoiceDate": "01-12-2010 13:21", "UnitPrice": "1.95", "CustomerID": "17905", "Country": "United Kingdom"},
{"InvoiceNo": "536530", "StockCode": "22423", "Description": "REGENCY CAKESTAND 3 TIER", "Quantity": "1", "InvoiceDate": "01-12-2010 13:21", "UnitPrice": "12.75", "CustomerID": "17905", "Country": "United Kingdom"},
{"InvoiceNo": "536530", "StockCode": "22699", "Description": "ROSES REGENCY TEACUP AND SAUCER ", "Quantity": "4", "InvoiceDate": "01-12-2010 13:21", "UnitPrice": "2.95", "CustomerID": "17905", "Country": "United Kingdom"},
{"InvoiceNo": "536530", "StockCode": "22783", "Description": "SET 3 WICKER OVAL BASKETS W LIDS", "Quantity": "1", "InvoiceDate": "01-12-2010 13:21", "UnitPrice": "19.95", "CustomerID": "17905", "Country": "United Kingdom"},
{"InvoiceNo": "536530", "StockCode": "22941", "Description": "CHRISTMAS LIGHTS 10 REINDEER", "Quantity": "1", "InvoiceDate": "01-12-2010 13:21", "UnitPrice": "8.5", "CustomerID": "17905", "Country": "United Kingdom"},
{"InvoiceNo": "536530", "StockCode": "22943", "Description": "CHRISTMAS LIGHTS 10 VINTAGE BAUBLES", "Quantity": "2", "InvoiceDate": "01-12-2010 13:21", "UnitPrice": "4.95", "CustomerID": "17905", "Country": "United Kingdom"},
{"InvoiceNo": "536530", "StockCode": "82552", "Description": "WASHROOM METAL SIGN", "Quantity": "1", "InvoiceDate": "01-12-2010 13:21", "UnitPrice": "1.45", "CustomerID": "17905", "Country": "United Kingdom"},
{"InvoiceNo": "536530", "StockCode": "85104", "Description": "SILVER GLASS T-LIGHT SET", "Quantity": "8", "InvoiceDate": "01-12-2010 13:21", "UnitPrice": "2.95", "CustomerID": "17905", "Country": "United Kingdom"},
{"InvoiceNo": "536540", "StockCode": "21055", "Description": "TOOL BOX SOFT TOY ", "Quantity": "4", "InvoiceDate": "01-12-2010 14:05", "UnitPrice": "8.95", "CustomerID": "14911", "Country": "EIRE"},
{"InvoiceNo": "536540", "StockCode": "21056", "Description": "DOCTOR'S BAG SOFT TOY", "Quantity": "4", "InvoiceDate": "01-12-2010 14:05", "UnitPrice": "8.95", "CustomerID": "14911", "Country": "EIRE"},
{"InvoiceNo": "536540", "StockCode": "21576", "Description": "LETS GO SHOPPING COTTON TOTE BAG", "Quantity": "6", "InvoiceDate": "01-12-2010 14:05", "UnitPrice": "2.25", "CustomerID": "14911", "Country": "EIRE"},
{"InvoiceNo": "536540", "StockCode": "21579", "Description": "LOLITA  DESIGN  COTTON TOTE BAG", "Quantity": "6", "InvoiceDate": "01-12-2010 14:05", "UnitPrice": "2.25", "CustomerID": "14911", "Country": "EIRE"},
{"InvoiceNo": "536540", "StockCode": "21833", "Description": "CAMOUFLAGE LED TORCH", "Quantity": "12", "InvoiceDate": "01-12-2010 14:05", "UnitPrice": "1.69", "CustomerID": "14911", "Country": "EIRE"},
{"InvoiceNo": "536540", "StockCode": "21889", "Description": "WOODEN BOX OF DOMINOES", "Quantity": "24", "InvoiceDate": "01-12-2010 14:05", "UnitPrice": "1.25", "CustomerID": "14911", "Country": "EIRE"},
{"InvoiceNo": "536540", "StockCode": "21891", "Description": "TRADITIONAL WOODEN SKIPPING ROPE", "Quantity": "12", "InvoiceDate": "01-12-2010 14:05", "UnitPrice": "1.25", "CustomerID": "14911", "Country": "EIRE"},
{"InvoiceNo": "536540", "StockCode": "22147", "Description": "FELTCRAFT BUTTERFLY HEARTS", "Quantity": "12", "InvoiceDate": "01-12-2010 14:05", "UnitPrice": "1.45", "CustomerID": "14911", "Country": "EIRE"},
{"InvoiceNo": "536540", "StockCode": "22150", "Description": "3 STRIPEY MICE FELTCRAFT", "Quantity": "12", "InvoiceDate": "01-12-2010 14:05", "UnitPrice": "1.95", "CustomerID": "14911", "Country": "EIRE"},
{"InvoiceNo": "536540", "StockCode": "22355", "Description": "CHARLOTTE BAG SUKI DESIGN", "Quantity": "50", "InvoiceDate": "01-12-2010 14:05", "UnitPrice": "0.85", "CustomerID": "14911", "Country": "EIRE"},
{"InvoiceNo": "536540", "StockCode": "22492", "Description": "MINI PAINT SET VINTAGE ", "Quantity": "36", "InvoiceDate": "01-12-2010 14:05", "UnitPrice": "0.65", "CustomerID": "14911", "Country": "EIRE"},
{"InvoiceNo": "536540", "StockCode": "22493", "Description": "PAINT YOUR OWN CANVAS SET", "Quantity": "24", "InvoiceDate": "01-12-2010 14:05", "UnitPrice": "1.65", "CustomerID": "14911", "Country": "EIRE"},
{"InvoiceNo": "536540", "StockCode": "22622", "Description": "BOX OF VINTAGE ALPHABET BLOCKS", "Quantity": "6", "InvoiceDate": "01-12-2010 14:05", "UnitPrice": "9.95", "CustomerID": "14911", "Country": "EIRE"},
{"InvoiceNo": "536540", "StockCode": "22968", "Description": "ROSE COTTAGE KEEPSAKE BOX ", "Quantity": "4", "InvoiceDate": "01-12-2010 14:05", "UnitPrice": "9.95", "CustomerID": "14911", "Country": "EIRE"},
{"InvoiceNo": "536540", "StockCode": "85071A", "Description": "BLUE CHARLIE+LOLA PERSONAL DOORSIGN", "Quantity": "6", "InvoiceDate": "01-12-2010 14:05", "UnitPrice": "2.95", "CustomerID": "14911", "Country": "EIRE"},
{"InvoiceNo": "536540", "StockCode": "85071C", "Description": "CHARLIE+LOLA\"EXTREMELY BUSY\" SIGN", "Quantity": "6", "InvoiceDate": "01-12-2010 14:05", "UnitPrice": "2.55", "CustomerID": "14911", "Country": "EIRE"},
{"InvoiceNo": "536540", "StockCode": "85135B", "Description": "BLUE DRAGONFLY HELICOPTER", "Quantity": "2", "InvoiceDate": "01-12-2010 14:05", "UnitPrice": "7.95", "CustomerID": "14911", "Country": "EIRE"},
{"InvoiceNo": "536540", "StockCode": "85136A", "Description": "YELLOW SHARK HELICOPTER", "Quantity": "2", "InvoiceDate": "01-12-2010 14:05", "UnitPrice": "7.95", "CustomerID": "14911", "Country": "EIRE"},
{"InvoiceNo": "536540", "StockCode": "85136C", "Description": "RED SHARK HELICOPTER", "Quantity": "2", "InvoiceDate": "01-12-2010 14:05", "UnitPrice": "7.95", "CustomerID": "14911", "Country": "EIRE"},
{"InvoiceNo": "536540", "StockCode": "C2", "Description": "CARRIAGE", "Quantity": "1", "InvoiceDate": "01-12-2010 14:05", "UnitPrice": "50", "CustomerID": "14911", "Country": "EIRE"},
{"InvoiceNo": "536550", "StockCode": "85044", "Description": "", "Quantity": "1", "InvoiceDate": "01-12-2010 14:34", "UnitPrice": "0", "CustomerID": "", "Country": "United Kingdom"},
{"InvoiceNo": "536560", "StockCode": "20685", "Description": "DOORMAT RED RETROSPOT", "Quantity": "20", "InvoiceDate": "01-12-2010 15:00", "UnitPrice": "6.75", "CustomerID": "13093", "Country": "United Kingdom"},
{"InvoiceNo": "536560", "StockCode": "22399", "Description": "MAGNETS PACK OF 4 CHILDHOOD MEMORY", "Quantity": "12", "InvoiceDate": "01-12-2010 15:00", "UnitPrice": "1.25", "CustomerID": "13093", "Country": "United Kingdom"},
{"InvoiceNo": "536560", "StockCode": "22400", "Description": "MAGNETS PACK OF 4 HOME SWEET HOME", "Quantity": "12", "InvoiceDate": "01-12-2010 15:00", "UnitPrice": "1.25", "CustomerID": "13093", "Country": "United Kingdom"},
{"InvoiceNo": "536560", "StockCode": "22402", "Description": "MAGNETS PACK OF 4 VINTAGE COLLAGE", "Quantity": "12", "InvoiceDate": "01-12-2010 15:00", "UnitPrice": "1.25", "CustomerID": "13093", "Country": "United Kingdom"},
{"InvoiceNo": "536560", "StockCode": "22418", "Description": "10 COLOUR SPACEBOY PEN", "Quantity": "96", "InvoiceDate": "01-12-2010 15:00", "UnitPrice": "0.85", "CustomerID": "13093", "Country": "United Kingdom"},
{"InvoiceNo": "536560", "StockCode": "22652", "Description": "TRAVEL SEWING KIT", "Quantity": "10", "InvoiceDate": "01-12-2010 15:00", "UnitPrice": "1.65", "CustomerID": "13093", "Country": "United Kingdom"},
{"InvoiceNo": "536560", "StockCode": "22665", "Description": "RECIPE BOX BLUE SKETCHBOOK DESIGN", "Quantity": "6", "InvoiceDate": "01-12-2010 15:00", "UnitPrice": "2.95", "CustomerID": "13093", "Country": "United Kingdom"},
{"InvoiceNo": "536560", "StockCode": "22846", "Description": "BREAD BIN DINER STYLE RED ", "Quantity": "4", "InvoiceDate": "01-12-2010 15:00", "UnitPrice": "14.95", "CustomerID": "13093", "Country": "United Kingdom"},
{"InvoiceNo": "536560", "StockCode": "22847", "Description": "BREAD BIN DINER STYLE IVORY", "Quantity": "4", "InvoiceDate": "01-12-2010 15:00", "UnitPrice": "14.95", "CustomerID": "13093", "Country": "United Kingdom"},
{"InvoiceNo": "536560", "StockCode": "22960", "Description": "JAM MAKING SET WITH JARS", "Quantity": "12", "InvoiceDate": "01-12-2010 15:00", "UnitPrice": "3.75", "CustomerID": "13093", "Country": "United Kingdom"},
{"InvoiceNo": "536560", "StockCode": "48111", "Description": "DOORMAT 3 SMILEY CATS", "Quantity": "10", "InvoiceDate": "01-12-2010 15:00", "UnitPrice": "6.75", "CustomerID": "13093", "Country": "United Kingdom"},
{"InvoiceNo": "536560", "StockCode": "48129", "Description": "DOORMAT TOPIARY", "Quantity": "10", "InvoiceDate": "01-12-2010 15:00", "UnitPrice": "6.75", "CustomerID": "13093", "Country": "United Kingdom"},
{"InvoiceNo": "536560", "StockCode": "79321", "Description": "CHILLI LIGHTS", "Quantity": "48", "InvoiceDate": "01-12-2010 15:00", "UnitPrice": "4.25", "CustomerID": "13093", "Country": "United Kingdom"},
{"InvoiceNo": "536570", "StockCode": "21781", "Description": "MA CAMPAGNE CUTLERY BOX", "Quantity": "2", "InvoiceDate": "01-12-2010 15:35", "UnitPrice": "14.95", "CustomerID": "14496", "Country": "United Kingdom"},
{"InvoiceNo": "536570", "StockCode": "22113", "Description": "GREY HEART HOT WATER BOTTLE", "Quantity": "36", "InvoiceDate": "01-12-2010 15:35", "UnitPrice": "3.39", "CustomerID": "14496", "Country": "United Kingdom"},
{"InvoiceNo": "536570", "StockCode": "22457", "Description": "NATURAL SLATE HEART CHALKBOARD ", "Quantity": "12", "InvoiceDate": "01-12-2010 15:35", "UnitPrice": "2.95", "CustomerID": "14496", "Country": "United Kingdom"},
{"InvoiceNo": "536570", "StockCode": "22835", "Description": "HOT WATER BOTTLE I AM SO POORLY", "Quantity": "24", "InvoiceDate": "01-12-2010 15:35", "UnitPrice": "4.25", "CustomerID": "14496", "Country": "United Kingdom"},
{"InvoiceNo": "536570", "StockCode": "84836", "Description": "ZINC METAL HEART DECORATION", "Quantity": "12", "InvoiceDate": "01-12-2010 15:35", "UnitPrice": "1.25", "CustomerID": "14496", "Country": "United Kingdom"},
{"InvoiceNo": "536580", "StockCode": "22965", "Description": "3 TRADITIONAL COOKIE CUTTERS  SET", "Quantity": "6", "InvoiceDate": "01-12-2010 16:17", "UnitPrice": "2.1", "CustomerID": "17690", "Country": "United Kingdom"},
{"InvoiceNo": "536580", "StockCode": "22966", "Description": "GINGERBREAD MAN COOKIE CUTTER", "Quantity": "12", "InvoiceDate": "01-12-2010 16:17", "UnitPrice": "1.25", "CustomerID": "17690", "Country": "United Kingdom"},
{"InvoiceNo": "536580", "StockCode": "22972", "Description": "CHILDRENS SPACEBOY MUG", "Quantity": "12", "InvoiceDate": "01-12-2010 16:17", "UnitPrice": "1.65", "CustomerID": "17690", "Country": "United Kingdom"},
{"InvoiceNo": "536580", "StockCode": "22974", "Description": "CHILDRENS DOLLY GIRL MUG", "Quantity": "12", "InvoiceDate": "01-12-2010 16:17", "UnitPrice": "1.65", "CustomerID": "17690", "Country": "United Kingdom"},
{"InvoiceNo": "536580", "StockCode": "22975", "Description": "SPACEBOY CHILDRENS EGG CUP", "Quantity": "12", "InvoiceDate": "01-12-2010 16:17", "UnitPrice": "1.25", "CustomerID": "17690", "Country": "United Kingdom"},
{"InvoiceNo": "536580", "StockCode": "22988", "Description": "SOLDIERS EGG CUP ", "Quantity": "12", "InvoiceDate": "01-12-2010 16:17", "UnitPrice": "1.25", "CustomerID": "17690", "Country": "United Kingdom"},
{"InvoiceNo": "536590", "StockCode": "21055", "Description": "TOOL BOX SOFT TOY ", "Quantity": "1", "InvoiceDate": "01-12-2010 16:52", "UnitPrice": "8.95", "CustomerID": "13065", "Country": "United Kingdom"},
{"InvoiceNo": "536590", "StockCode": "21136", "Description": "PAINTED METAL PEARS ASSORTED", "Quantity": "8", "InvoiceDate": "01-12-2010 16:52", "UnitPrice": "1.69", "CustomerID": "13065", "Country": "United Kingdom"},
{"InvoiceNo": "536590", "StockCode": "21166", "Description": "COOK WITH WINE METAL SIGN ", "Quantity": "12", "InvoiceDate": "01-12-2010 16:52", "UnitPrice": "1.95", "CustomerID": "13065", "Country": "United Kingdom"},
{"InvoiceNo": "536590", "StockCode": "21340", "Description": "CLASSIC METAL BIRDCAGE PLANT HOLDER", "Quantity": "1", "InvoiceDate": "01-12-2010 16:52", "UnitPrice": "12.75", "CustomerID": "13065", "Country": "United Kingdom"},
{"InvoiceNo": "536590", "StockCode": "22030", "Description": "SWALLOWS GREETING CARD", "Quantity": "12", "InvoiceDate": "01-12-2010 16:52", "UnitPrice": "0.42", "CustomerID": "13065", "Country": "United Kingdom"},
{"InvoiceNo": "536590", "StockCode": "22112", "Description": "CHOCOLATE HOT WATER BOTTLE", "Quantity": "3", "InvoiceDate": "01-12-2010 16:52", "UnitPrice": "4.95", "CustomerID": "13065", "Country": "United Kingdom"},
{"InvoiceNo": "536590", "StockCode": "22114", "Description": "HOT WATER BOTTLE TEA AND SYMPATHY", "Quantity": "4", "InvoiceDate": "01-12-2010 16:52", "UnitPrice": "3.95", "CustomerID": "13065", "Country": "United Kingdom"},
{"InvoiceNo": "536590", "StockCode": "22457", "Description": "NATURAL SLATE HEART CHALKBOARD ", "Quantity": "6", "InvoiceDate": "01-12-2010 16:52", "UnitPrice": "2.95", "CustomerID": "13065", "Country": "United Kingdom"},
{"InvoiceNo": "536590", "StockCode": "22622", "Description": "BOX OF VINTAGE ALPHABET BLOCKS", "Quantity": "2", "InvoiceDate": "01-12-2010 16:52", "UnitPrice": "9.95", "CustomerID": "13065", "Country": "United Kingdom"},
{"InvoiceNo": "536590", "StockCode": "22776", "Description": "SWEETHEART CAKESTAND 3 TIER", "Quantity": "1", "InvoiceDate": "01-12-2010 16:52", "UnitPrice": "9.95", "CustomerID": "13065", "Country": "United Kingdom"},
{"InvoiceNo": "536590", "StockCode": "22794", "Description": "SWEETHEART WIRE MAGAZINE RACK", "Quantity": "2", "InvoiceDate": "01-12-2010 16:52", "UnitPrice": "7.95", "CustomerID": "13065", "Country": "United Kingdom"},
{"InvoiceNo": "536590", "StockCode": "22969", "Description": "HOMEMADE JAM SCENTED CANDLES", "Quantity": "12", "InvoiceDate": "01-12-2010 16:52", "UnitPrice": "1.45", "CustomerID": "13065", "Country": "United Kingdom"},
{"InvoiceNo": "536590", "StockCode": "71477", "Description": "COLOUR GLASS. STAR T-LIGHT HOLDER", "Quantity": "4", "InvoiceDate": "01-12-2010 16:52", "UnitPrice": "3.25", "CustomerID": "13065", "Country": "United Kingdom"},
{"InvoiceNo": "536590", "StockCode": "85123A", "Description": "WHITE HANGING HEART T-LIGHT HOLDER", "Quantity": "6", "InvoiceDate": "01-12-2010 16:52", "UnitPrice": "2.95", "CustomerID": "13065", "Country": "United Kingdom"}
]