[{"InvoiceNo": "536369", "StockCode": "21756", "Description": "BATH BUILDING BLOCK WORD", "Quantity": "3", "InvoiceDate": "01-12-2010 8:35", "UnitPrice": "5.95", "CustomerID": "13047", "Country": "United Kingdom"},
{"InvoiceNo": "C536379", "StockCode": "D", "Description": "Discount", "Quantity": "-1", "InvoiceDate": "01-12-2010 9:41", "UnitPrice": "27.5", "CustomerID": "14527", "Country": "United Kingdom"},
{"InvoiceNo": "536389", "StockCode": "21622", "Description": "VINTAGE UNION JACK CUSHION COVER", "Quantity": "8", "InvoiceDate": "01-12-2010 10:03", "UnitPrice": "4.95", "CustomerID": "12431", "Country": "Australia"},
{"InvoiceNo": "536389", "StockCode": "21791", "Description": "VINTAGE HEADS AND TAILS CARD GAME ", "Quantity": "12", "InvoiceDate": "01-12-2010 10:03", "UnitPrice": "1.25", "CustomerID": "12431", "Country": "Australia"},
{"InvoiceNo": "536389", "StockCode": "22191", "Description": "IVORY DINER WALL CLOCK", "Quantity": "2", "InvoiceDate": "01-12-2010 10:03", "UnitPrice": "8.5", "CustomerID": "12431", "Country": "Australia"},
{"InvoiceNo": "536389", "StockCode": "22192", "Description": "BLUE DINER WALL CLOCK", "Quantity": "2", "InvoiceDate": "01-12-2010 10:03", "UnitPrice": "8.5", "CustomerID": "12431", "Country": "Australia"},
{"InvoiceNo": "536389", "StockCode": "22193", "Description": "RED DINER WALL CLOCK", "Quantity": "2", "InvoiceDate": "01-12-2010 10:03", "UnitPrice": "8.5", "CustomerID": "12431", "Country": "Australia"},
{"InvoiceNo": "536389", "StockCode": "22195", "Description": "LARGE HEART MEASURING SPOONS", "Quantity": "24", "InvoiceDate": "01-12-2010 10:03", "UnitPrice": "1.65", "CustomerID": "12431", "Country": "Australia"},
{"InvoiceNo": "536389", "StockCode": "22196", "Description": "SMALL HEART MEASURING SPOONS", "Quantity": "24", "InvoiceDate": "01-12-2010 10:03", "UnitPrice": "0.85", "CustomerID": "12431", "Country": "Australia"},
{"InvoiceNo": "536389", "StockCode": "22726", "Description": "ALARM CLOCK BAKELIKE GREEN", "Quantity": "4", "InvoiceDate": "01-12-2010 10:03", "UnitPrice": "3.75", "CustomerID": "12431", "Country": "Australia"},
{"InvoiceNo": "536389", "StockCode": "22727", "Description": "ALARM CLOCK BAKELIKE RED ", "Quantity": "4", "InvoiceDate": "01-12-2010 10:03", "UnitPrice": "3.75", "CustomerID": "12431", "Country": "Australia"},
{"InvoiceNo": "536389", "StockCode": "22941", "Description": "CHRISTMAS LIGHTS 10 REINDEER", "Quantity": "6", "InvoiceDate": "01-12-2010 10:03", "UnitPrice": "8.5", "CustomerID": "12431", "Country": "Australia"},
{"InvoiceNo": "536389", "StockCode": "35004C", "Description": "SET OF 3 COLOURED  FLYING DUCKS", "Quantity": "6", "InvoiceDate": "01-12-2010 10:03", "UnitPrice": "5.45", "CustomerID": "12431", "Country": "Australia"},
{"InvoiceNo": "536389", "StockCode": "35004G", "Description": "SET OF 3 GOLD FLYING DUCKS", "Quantity": "4", "InvoiceDate": "01-12-2010 10:03", "UnitPrice": "6.35", "CustomerID": "12431", "Country": "Australia"},
{"InvoiceNo": "536389", "StockCode": "85014A", "Description": "BLACK/BLUE POLKADOT UMBRELLA", "Quantity": "3", "InvoiceDate": "01-12-2010 10:03", "UnitPrice": "5.95", "CustomerID": "12431", "Country": "Australia"},
{"InvoiceNo": "536389", "StockCode": "85014B", "Description": "RED RETROSPOT UMBRELLA", "Quantity": "6", "InvoiceDate": "01-12-2010 10:03", "UnitPrice": "5.95", "CustomerID": "12431", "Country": "Australia"},
{"InvoiceNo": "536399", "StockCode": "22632", "Description": "HAND WARMER RED POLKA DOT", "Quantity": "6", "InvoiceDate": "01-12-2010 10:52", "UnitPrice": "1.85", "CustomerID": "17850", "Country": "United Kingdom"},
{"InvoiceNo": "536399", "StockCode": "22633", "Description": "HAND WARMER UNION JACK", "Quantity": "6", "InvoiceDate": "01-12-2010 10:52", "UnitPrice": "1.85", "CustomerID": "17850", "Country": "United Kingdom"},
{"InvoiceNo": "536409", "StockCode": "16238", "Description": "PARTY TIME PENCIL ERASERS", "Quantity": "28", "InvoiceDate": "01-12-2010 11:45", "UnitPrice": "0.21", "CustomerID": "17908", "Country": "United Kingdom"},
{"InvoiceNo": "536409", "StockCode": "20668", "Description": "DISCO BALL CHRISTMAS DECORATION", "Quantity": "24", "InvoiceDate": "01-12-2010 11:45", "UnitPrice": "0.12", "CustomerID": "17908", "Country": "United Kingdom"},
{"InvoiceNo": "536409", "StockCode": "20669", "Description": "RED HEART LUGGAGE TAG", "Quantity": "1", "InvoiceDate": "01-12-2010 11:45", "UnitPrice": "1.25", "CustomerID": "17908", "Country": "United Kingdom"},
{"InvoiceNo": "536409", "StockCode": "20713", "Description": "JUMBO BAG OWLS", "Quantity": "1", "InvoiceDate": "01-12-2010 11:45", "UnitPrice": "1.95", "CustomerID": "17908", "Country": "United Kingdom"},
{"InvoiceNo": "536409", "StockCode": "20717", "Description": "STRAWBERRY SHOPPER BAG", "Quantity": "1", "InvoiceDate": "01-12-2010 11:45", "UnitPrice": "1.25", "CustomerID": "17908", "Country": "United Kingdom"},
{"InvoiceNo": "536409", "StockCode": "20723", "Description": "STRAWBERRY CHARLOTTE BAG", "Quantity": "1", "InvoiceDate": "01-12-2010 11:45", "UnitPrice": "0.85", "CustomerID": "17908", "Country": "United Kingdom"},
{"InvoiceNo": "536409", "StockCode": "20966", "Description": "SANDWICH BATH SPONGE", "Quantity": "2", "InvoiceDate": "01-12-2010 11:45", "UnitPrice": "1.25", "CustomerID": "17908", "Country": "United Kingdom"},
{"InvoiceNo": "536409", "StockCode": "21065", "Description": "BOOM BOX SPEAKER GIRLS", "Quantity": "1", "InvoiceDate": "01-12-2010 11:45", "UnitPrice": "5.95", "CustomerID": "17908", "Country": "United Kingdom"},
{"InvoiceNo": "536409", "StockCode": "21116", "Description": "OWL DOORSTOP", "Quantity": "1", "InvoiceDate": "01-12-2010 11:45", "UnitPrice": "4.95", "CustomerID": "17908", "Country": "United Kingdom"},
{"InvoiceNo": "536409", "StockCode": "21326", "Description": "AGED GLASS SILVER T-LIGHT HOLDER", "Quantity": "12", "InvoiceDate": "01-12-2010 11:45", "UnitPrice": "0.65", "CustomerID": "17908", "Country": "United Kingdom"},
{"InvoiceNo": "536409", "StockCode": "21479", "Description": "WHITE SKULL HOT WATER BOTTLE ", "Quantity": "1", "InvoiceDate": "01-12-2010 11:45", "UnitPrice": "3.75", "CustomerID": "17908", "Country": "United Kingdom"},
{"InvoiceNo": "536409", "StockCode": "21609", "Description": "SET 12 LAVENDER  BOTANICAL T-LIGHTS", "Quantity": "1", "InvoiceDate": "01-12-2010 11:45", "UnitPrice": "2.95", "CustomerID": "17908", "Country": "United Kingdom"},
{"InvoiceNo": "536409", "StockCode": "21676", "Description": "FLOWERS  STICKERS", "Quantity": "6", "InvoiceDate": "01-12-2010 11:45", "UnitPrice": "0.85", "CustomerID": "17908", "Country": "United Kingdom"},
{"InvoiceNo": "536409", "StockCode": "21678", "Description": "PAISLEY PATTERN  STICKERS", "Quantity": "6", "InvoiceDate": "01-12-2010 11:45", "UnitPrice": "0.85", "CustomerID": "17908", "Country": "United Kingdom"},
{"InvoiceNo": "536409", "StockCode": "21811", "Description": "CHRISTMAS HANGING HEART WITH BELL", "Quantity": "1", "InvoiceDate": "01-12-2010 11:45", "UnitPrice": "1.25", "CustomerID": "17908", "Country": "United Kingdom"},
{"InvoiceNo": "536409", "StockCode": "21823", "Description": "PAINTED METAL HEART WITH HOLLY BELL", "Quantity": "3", "InvoiceDate": "01-12-2010 11:45", "UnitPrice": "1.45", "CustomerID": "17908", "Country": "United Kingdom"},
{"InvoiceNo": "536409", "StockCode": "21824", "Description": "PAINTED METAL STAR WITH HOLLY BELLS", "Quantity": "3", "InvoiceDate": "01-12-2010 11:45", "UnitPrice": "1.45", "CustomerID": "17908", "Country": "United Kingdom"},
{"InvoiceNo": "536409", "StockCode": "21866", "Description": "UNION JACK FLAG LUGGAGE TAG", "Quantity": "1", "InvoiceDate": "01-12-2010 11:45", "UnitPrice": "1.25", "CustomerID": "17908", "Country": "United Kingdom"},
{"InvoiceNo": "536409", "StockCode": "21866", "Description": "UNION JACK FLAG LUGGAGE TAG", "Quantity": "1", "InvoiceDate": "01-12-2010 11:45", "UnitPrice": "1.25", "CustomerID": "17908", "Country": "United Kingdom"},
{"InvoiceNo": "536409", "StockCode": "21867", "Description": "PINK UNION JACK  LUGGAGE TAG", "Quantity": "1", "InvoiceDate": "01-12-2010 11:45", "UnitPrice": "1.25", "CustomerID": "17908", "Country": "United Kingdom"},
{"InvoiceNo": "536409", "StockCode": "21931", "Description": "JUMBO STORAGE BAG SUKI", "Quantity": "2", "InvoiceDate": "01-12-2010 11:45", "UnitPrice": "1.95", "CustomerID": "17908", "Country": "United Kingdom"},
{"InvoiceNo": "536409", "StockCode": "21955", "Description": "DOORMAT UNION JACK GUNS AND ROSES", "Quantity": "1", "InvoiceDate": "01-12-2010 11:45", "UnitPrice": "7.95", "CustomerID": "17908", "Country": "United Kingdom"},
{"InvoiceNo": "536409", "StockCode": "21980", "Description": "PACK OF 12 RED RETROSPOT TISSUES ", "Quantity": "12", "InvoiceDate": "01-12-2010 11:45", "UnitPrice": "0.29", "CustomerID": "17908", "Country": "United Kingdom"},
{"InvoiceNo": "536409", "StockCode": "22074", "Description": "6 RIBBONS SHIMMERING PINKS ", "Quantity": "1", "InvoiceDate": "01-12-2010 11:45", "UnitPrice": "1.65", "CustomerID": "17908", "Country": "United Kingdom"},
{"InvoiceNo": "536409", "StockCode": "22075", "Description": "6 RIBBONS ELEGANT CHRISTMAS ", "Quantity": "1", "InvoiceDate": "01-12-2010 11:45", "UnitPrice": "1.65", "CustomerID": "17908", "Country": "United Kingdom"},
{"InvoiceNo": "536409", "StockCode": "22109", "Description": "FULL ENGLISH BREAKFAST PLATE", "Quantity": "1", "InvoiceDate": "01-12-2010 11:45", "UnitPrice": "3.75", "CustomerID": "17908", "Country": "United Kingdom"},
{"InvoiceNo": "536409", "StockCode": "22111", "Description": "SCOTTIE DOG HOT WATER BOTTLE", "Quantity": "1", "InvoiceDate": "01-12-2010 11:45", "UnitPrice": "4.95", "CustomerID": "17908", "Country": "United Kingdom"},
{"InvoiceNo": "536409", "StockCode": "22111", "Description": "SCOTTIE DOG HOT WATER BOTTLE", "Quantity": "1", "InvoiceDate": "01-12-2010 11:45", "UnitPrice": "4.95", "CustomerID": "17908", "Country": "United Kingdom"},
{"InvoiceNo": "536409", "StockCode": "22112", "Description": "CHOCOLATE HOT WATER BOTTLE", "Quantity": "1", "InvoiceDate": "01-12-2010 11:45", "UnitPrice": "4.95", "CustomerID": "17908", "Country": "United Kingdom"},
{"InvoiceNo": "536409", "StockCode": "22153", "Description": "ANGEL DECORATION STARS ON DRESS", "Quantity": "6", "InvoiceDate": "01-12-2010 11:45", "UnitPrice": "0.42", "CustomerID": "17908", "Country": "United Kingdom"},
{"InvoiceNo": "536409", "StockCode": "22183", "Description": "CAKE STAND VICTORIAN FILIGREE MED", "Quantity": "1", "InvoiceDate": "01-12-2010 11:45", "UnitPrice": "6.75", "CustomerID": "17908", "Country": "United Kingdom"},
{"InvoiceNo": "536409", "StockCode": "22197", "Description": "SMALL POPCORN HOLDER", "Quantity": "2", "InvoiceDate": "01-12-2010 11:45", "UnitPrice": "0.85", "CustomerID": "17908", "Country": "United Kingdom"},
{"InvoiceNo": "536409", "StockCode": "22198", "Description": "LARGE POPCORN HOLDER ", "Quantity": "1", "InvoiceDate": "01-12-2010 11:45", "UnitPrice": "1.65", "CustomerID": "17908", "Country": "United Kingdom"},
{"InvoiceNo": "536409", "StockCode": "22531", "Description": "MAGIC DRAWING SLATE CIRCUS PARADE  ", "Quantity": "1", "InvoiceDate": "01-12-2010 11:45", "UnitPrice": "0.42", "CustomerID": "17908", "Country": "United Kingdom"},
{"InvoiceNo": "536409", "StockCode": "22568", "Description": "FELTCRAFT CUSHION OWL", "Quantity": "1", "InvoiceDate": "01-12-2010 11:45", "UnitPrice": "3.75", "CustomerID": "17908", "Country": "United Kingdom"},
{"InvoiceNo": "536409", "StockCode": "22633", "Description": "HAND WARMER UNION JACK", "Quantity": "1", "InvoiceDate": "01-12-2010 11:45", "UnitPrice": "2.1", "CustomerID": "17908", "Country": "United Kingdom"},
{"InvoiceNo": "536409", "StockCode": "22664", "Description": "TOY TIDY DOLLY GIRL DESIGN", "Quantity": "1", "InvoiceDate": "01-12-2010 11:45", "UnitPrice": "2.1", "CustomerID": "17908", "Country": "United Kingdom"},
{"InvoiceNo": "536409", "StockCode": "22785", "Description": "SQUARECUSHION COVER PINK UNION FLAG", "Quantity": "1", "InvoiceDate": "01-12-2010 11:45", "UnitPrice": "6.75", "CustomerID": "17908", "Country": "United Kingdom"},
{"InvoiceNo": "536409", "StockCode": "22866", "Description": "HAND WARMER SCOTTY DOG DESIGN", "Quantity": "1", "InvoiceDate": "01-12-2010 11:45", "UnitPrice": "2.1", "CustomerID": "17908", "Country": "United Kingdom"},
{"InvoiceNo": "536409", "StockCode": "22866", "Description": "HAND WARMER SCOTTY DOG DESIGN", "Quantity": "1", "InvoiceDate": "01-12-2010 11:45", "UnitPrice": "2.1", "CustomerID": "17908", "Country": "United Kingdom"},
{"InvoiceNo": "536409", "StockCode": "22900", "Description": " SET 2 TEA TOWELS I LOVE LONDON ", "Quantity": "1", "InvoiceDate": "01-12-2010 11:45", "UnitPrice": "2.95", "CustomerID": "17908", "Country": "United Kingdom"},
{"InvoiceNo": "536409", "StockCode": "22900", "Description": " SET 2 TEA TOWELS I LOVE LONDON ", "Quantity": "1", "InvoiceDate": "01-12-2010 11:45", "UnitPrice": "2.95", "CustomerID": "17908", "Country": "United Kingdom"},
{"InvoiceNo": "536409", "StockCode": "22972", "Description": "CHILDREN'S SPACEBOY MUG", "Quantity": "1", "InvoiceDate": "01-12-2010 11:45", "UnitPrice": "1.65", "CustomerID": "17908", "Country": "United Kingdom"},
{"InvoiceNo": "536409", "StockCode": "22975", "Description": "SPACEBOY CHILDRENS EGG CUP", "Quantity": "1", "InvoiceDate": "01-12-2010 11:45", "UnitPrice": "1.25", "CustomerID": "17908", "Country": "United Kingdom"},
{"InvoiceNo": "536409", "StockCode": "84906", "Description": "PINK B'FLY C/COVER W BOBBLES", "Quantity": "1", "InvoiceDate": "01-12-2010 11:45", "UnitPrice": "5.95", "CustomerID": "17908", "Country": "United Kingdom"},
{"InvoiceNo": "536409", "StockCode": "85116", "Description": "BLACK CANDELABRA T-LIGHT HOLDER", "Quantity": "1", "InvoiceDate": "01-12-2010 11:45", "UnitPrice": "2.1", "CustomerID": "17908", "Country": "United Kingdom"},
{"InvoiceNo": "536409", "StockCode": "85116", "Description": "BLACK CANDELABRA T-LIGHT HOLDER", "Quantity": "5", "InvoiceDate": "01-12-2010 11:45", "UnitPrice": "2.1", "CustomerID": "17908", "Country": "United Kingdom"},
{"InvoiceNo": "536409", "StockCode": "72802C", "Description": "VANILLA SCENT CANDLE JEWELLED BOX", "Quantity": "1", "InvoiceDate": "01-12-2010 11:45", "UnitPrice": "4.25", "CustomerID": "17908", "Country": "United Kingdom"},
{"InvoiceNo": "536409", "StockCode": "84625A", "Description": "PINK NEW BAROQUECANDLESTICK CANDLE", "Quantity": "1", "InvoiceDate": "01-12-2010 11:45", "UnitPrice": "2.95", "CustomerID": "17908", "Country": "United Kingdom"},
{"InvoiceNo": "536409", "StockCode": "84625C", "Description": "BLUE NEW BAROQUE CANDLESTICK CANDLE", "Quantity": "3", "InvoiceDate": "01-12-2010 11:45", "UnitPrice": "2.95", "CustomerID": "17908", "Country": "United Kingdom"},
{"InvoiceNo": "536409", "StockCode": "85099B", "Description": "JUMBO BAG RED RETROSPOT", "Quantity": "2", "InvoiceDate": "01-12-2010 11:45", "UnitPrice": "1.95", "CustomerID": "17908", "Country": "United Kingdom"},
{"InvoiceNo": "536409", "StockCode": "85099F", "Description": "JUMBO BAG STRAWBERRY", "Quantity": "1", "InvoiceDate": "01-12-2010 11:45", "UnitPrice": "1.95", "CustomerID": "17908", "Country": "United Kingdom"},
{"InvoiceNo": "536409", "StockCode": "85169B", "Description": "BLACK LOVE BIRD CANDLE", "Quantity": "12", "InvoiceDate": "01-12-2010 11:45", "UnitPrice": "1.25", "CustomerID": "17908", "Country": "United Kingdom"},
{"InvoiceNo": "536409", "StockCode": "90129F", "Description": "RED GLASS TASSLE BAG CHARM", "Quantity": "1", "InvoiceDate": "01-12-2010 11:45", "UnitPrice": "2.95", "CustomerID": "17908", "Country": "United Kingdom"},
{"InvoiceNo": "536409", "StockCode": "90199C", "Description": "5 STRAND GLASS NECKLACE CRYSTAL", "Quantity": "3", "InvoiceDate": "01-12-2010 11:45", "UnitPrice": "6.35", "CustomerID": "17908", "Country": "United Kingdom"},
{"InvoiceNo": "536409", "StockCode": "90199C", "Description": "5 STRAND GLASS NECKLACE CRYSTAL", "Quantity": "1", "InvoiceDate": "01-12-2010 11:45", "UnitPrice": "6.35", "CustomerID": "17908", "Country": "United Kingdom"},
{"InvoiceNo": "536409", "StockCode": "90199C", "Description": "5 STRAND GLASS NECKLACE CRYSTAL", "Quantity": "2", "InvoiceDate": "01-12-2010 11:45", "UnitPrice": "6.35", "CustomerID": "17908", "Country": "United Kingdom"},
{"InvoiceNo": "536409", "StockCode": "90210B", "Description": "CLEAR ACRYLIC FACETED BANGLE", "Quantity": "1", "InvoiceDate": "01-12-2010 11:45", "UnitPrice": "2.95", "CustomerID": "17908", "Country": "United Kingdom"},
{"InvoiceNo": "536529", "StockCode": "21258", "Description": "VICTORIAN SEWING BOX LARGE", "Quantity": "1", "InvoiceDate": "01-12-2010 13:20", "UnitPrice": "12.75", "CustomerID": "14237", "Country": "United Kingdom"},
{"InvoiceNo": "536529", "StockCode": "21743", "Description": "STAR PORTABLE TABLE LIGHT ", "Quantity": "6", "InvoiceDate": "01-12-2010 13:20", "UnitPrice": "2.95", "CustomerID": "14237", "Country": "United Kingdom"},
{"InvoiceNo": "536529", "StockCode": "22164", "Description": "STRING OF STARS CARD HOLDER", "Quantity": "6", "InvoiceDate": "01-12-2010 13:20", "UnitPrice": "2.95", "CustomerID": "14237", "Country": "United Kingdom"},
{"InvoiceNo": "536529", "StockCode": "22187", "Description": "GREEN CHRISTMAS TREE CARD HOLDER", "Quantity": "4", "InvoiceDate": "01-12-2010 13:20", "UnitPrice": "4.25", "CustomerID": "14237", "Country": "United Kingdom"},
{"InvoiceNo": "536529", "StockCode": "22222", "Description": "CAKE PLATE LOVEBIRD WHITE", "Quantity": "3", "InvoiceDate": "01-12-2010 13:20", "UnitPrice": "4.95", "CustomerID": "14237", "Country": "United Kingdom"},
{"InvoiceNo": "536529", "StockCode": "22487", "Description": "WHITE WOOD GARDEN PLANT LADDER", "Quantity": "2", "InvoiceDate": "01-12-2010 13:20", "UnitPrice": "9.95", "CustomerID": "14237", "Country": "United Kingdom"},
{"InvoiceNo": "536529", "StockCode": "22627", "Description": "MINT KITCHEN SCALES", "Quantity": "2", "InvoiceDate": "01-12-2010 13:20", "UnitPrice": "8.5", "CustomerID": "14237", "Country": "United Kingdom"},
{"InvoiceNo": "536529", "StockCode": "22947", "Description": "WOODEN ADVENT CALENDAR RED", "Quantity": "2", "InvoiceDate": "01-12-2010 13:20", "UnitPrice": "16.95", "CustomerID": "14237", "Country": "United Kingdom"},
{"InvoiceNo": "536529", "StockCode": "72598", "Description": "SET/12 TAPER CANDLES", "Quantity": "12", "InvoiceDate": "01-12-2010 13:20", "UnitPrice": "0.85", "CustomerID": "14237", "Country": "United Kingdom"},
{"InvoiceNo": "536539", "StockCode": "20902", "Description": "VINTAGE KEEPSAKE BOX PARIS DAYS", "Quantity": "2", "InvoiceDate": "01-12-2010 14:03", "UnitPrice": "6.35", "CustomerID": "15165", "Country": "United Kingdom"},
{"InvoiceNo": "536539", "StockCode": "21429", "Description": "RED GINGHAM ROSE JEWELLERY BOX", "Quantity": "8", "InvoiceDate": "01-12-2010 14:03", "UnitPrice": "1.65", "CustomerID": "15165", "Country": "United Kingdom"},
{"InvoiceNo": "536539", "StockCode": "21481", "Description": "FAWN BLUE HOT WATER BOTTLE", "Quantity": "6", "InvoiceDate": "01-12-2010 14:03", "UnitPrice": "2.95", "CustomerID": "15165", "Country": "United Kingdom"},
{"InvoiceNo": "536539", "StockCode": "21625", "Description": "VINTAGE UNION JACK APRON", "Quantity": "3", "InvoiceDate": "01-12-2010 14:03", "UnitPrice": "6.95", "CustomerID": "15165", "Country": "United Kingdom"},
{"InvoiceNo": "536539", "StockCode": "21743", "Description": "STAR PORTABLE TABLE LIGHT ", "Quantity": "6", "InvoiceDate": "01-12-2010 14:03", "UnitPrice": "2.95", "CustomerID": "15165", "Country": "United Kingdom"},
{"InvoiceNo": "536539", "StockCode": "22114", "Description": "HOT WATER BOTTLE TEA AND SYMPATHY", "Quantity": "4", "InvoiceDate": "01-12-2010 14:03", "UnitPrice": "3.95", "CustomerID": "15165", "Country": "United Kingdom"},
{"InvoiceNo": "536539", "StockCode": "22171", "Description": "3 HOOK PHOTO SHELF ANTIQUE WHITE", "Quantity": "2", "InvoiceDate": "01-12-2010 14:03", "UnitPrice": "8.5", "CustomerID": "15165", "Country": "United Kingdom"},
{"InvoiceNo": "536539", "StockCode": "22173", "Description": "METAL 4 HOOK HANGER FRENCH CHATEAU", "Quantity": "8", "InvoiceDate": "01-12-2010 14:03", "UnitPrice": "2.95", "CustomerID": "15165", "Country": "United Kingdom"},
{"InvoiceNo": "536539", "StockCode": "22326", "Description": "ROUND SNACK BOXES SET OF4 WOODLAND ", "Quantity": "6", "InvoiceDate": "01-12-2010 14:03", "UnitPrice": "2.95", "CustomerID": "15165", "Country": "United Kingdom"},
{"InvoiceNo": "536539", "StockCode": "22379", "Description": "RECYCLING BAG RETROSPOT ", "Quantity": "5", "InvoiceDate": "01-12-2010 14:03", "UnitPrice": "2.1", "CustomerID": "15165", "Country": "United Kingdom"},
{"InvoiceNo": "536539", "StockCode": "22423", "Description": "REGENCY CAKESTAND 3 TIER", "Quantity": "2", "InvoiceDate": "01-12-2010 14:03", "UnitPrice": "12.75", "CustomerID": "15165", "Country": "United Kingdom"},
{"InvoiceNo": "536539", "StockCode": "22554", "Description": "PLASTERS IN TIN WOODLAND ANIMALS", "Quantity": "12", "InvoiceDate": "01-12-2010 14:03", "UnitPrice": "1.65", "CustomerID": "15165", "Country": "United Kingdom"},
{"InvoiceNo": "536539", "StockCode": "22557", "Description": "PLASTERS IN TIN VINTAGE PAISLEY ", "Quantity": "12", "InvoiceDate": "01-12-2010 14:03", "UnitPrice": "1.65", "CustomerID": "15165", "Country": "United Kingdom"},
{"InvoiceNo": "536539", "StockCode": "22632", "Description": "HAND WARMER RED RETROSPOT", "Quantity": "12", "InvoiceDate": "01-12-2010 14:03", "UnitPrice": "2.1", "CustomerID": "15165", "Country": "United Kingdom"},
{"InvoiceNo": "536539", "StockCode": "22807", "Description": "SET OF 6 T-LIGHTS TOADSTOOLS", "Quantity": "6", "InvoiceDate": "01-12-2010 14:03", "UnitPrice": "2.95", "CustomerID": "15165", "Country": "United Kingdom"},
{"InvoiceNo": "536539", "StockCode": "22867", "Description": "HAND WARMER BIRD DESIGN", "Quantity": "12", "InvoiceDate": "01-12-2010 14:03", "UnitPrice": "2.1", "CustomerID": "15165", "Country": "United Kingdom"},
{"InvoiceNo": "536539", "StockCode": "22969", "Description": "HOMEMADE JAM SCENTED CANDLES", "Quantity": "12", "InvoiceDate": "01-12-2010 14:03", "UnitPrice": "1.45", "CustomerID": "15165", "Country": "United Kingdom"},
{"InvoiceNo": "536539", "StockCode": "37495", "Description": "FAIRY CAKE BIRTHDAY CANDLE SET", "Quantity": "4", "InvoiceDate": "01-12-2010 14:03", "UnitPrice": "3.75", "CustomerID": "15165", "Country": "United Kingdom"},
{"InvoiceNo": "536539", "StockCode": "48129", "Description": "DOORMAT TOPIARY", "Quantity": "2", "InvoiceDate": "01-12-2010 14:03", "UnitPrice": "7.95", "CustomerID": "15165", "Country": "United Kingdom"},
{"InvoiceNo": "536539", "StockCode": "48138", "Description": "DOORMAT UNION FLAG", "Quantity": "2", "InvoiceDate": "01-12-2010 14:03", "UnitPrice": "7.95", "CustomerID": "15165", "Country": "United Kingdom"},
{"InvoiceNo": "536539", "StockCode": "48184", "Description": "DOORMAT ENGLISH ROSE ", "Quantity": "2", "InvoiceDate": "01-12-2010 14:03", "UnitPrice": "7.95", "CustomerID": "15165", "Country": "United Kingdom"},
{"InvoiceNo": "536539", "StockCode": "72741", "Description": "GRAND CHOCOLATECANDLE", "Quantity": "18", "InvoiceDate": "01-12-2010 14:03", "UnitPrice": "1.45", "CustomerID": "15165", "Country": "United Kingdom"},
{"InvoiceNo": "536539", "StockCode": "82486", "Description": "WOOD S/3 CABINET ANT WHITE FINISH", "Quantity": "2", "InvoiceDate": "01-12-2010 14:03", "UnitPrice": "7.95", "CustomerID": "15165", "Country": "United Kingdom"},
{"InvoiceNo": "536539", "StockCode": "85067", "Description": "CREAM SWEETHEART WALL CABINET", "Quantity": "1", "InvoiceDate": "01-12-2010 14:03", "UnitPrice": "18.95", "CustomerID": "15165", "Country": "United Kingdom"},
{"InvoiceNo": "536539", "StockCode": "84030E", "Description": "ENGLISH ROSE HOT WATER BOTTLE", "Quantity": "4", "InvoiceDate": "01-12-2010 14:03", "UnitPrice": "4.25", "CustomerID": "15165", "Country": "United Kingdom"},
{"InvoiceNo": "536539", "StockCode": "85019A", "Description": "ROMANTIC IMAGES NOTEBOOK SET", "Quantity": "4", "InvoiceDate": "01-12-2010 14:03", "UnitPrice": "4.25", "CustomerID": "15165", "Country": "United Kingdom"},
{"InvoiceNo": "536539", "StockCode": "85019C", "Description": "CURIOUS  IMAGES NOTEBOOK SET", "Quantity": "3", "InvoiceDate": "01-12-2010 14:03", "UnitPrice": "4.25", "CustomerID": "15165", "Country": "United Kingdom"},
{"InvoiceNo": "536549", "StockCode": "85226A", "Description": "", "Quantity": "1", "InvoiceDate": "01-12-2010 14:34", "UnitPrice": "0", "CustomerID": "", "Country": "United Kingdom"},
{"InvoiceNo": "536559", "StockCode": "22366", "Description": "DOORMAT AIRMAIL ", "Quantity": "10", "InvoiceDate": "01-12-2010 14:54", "UnitPrice": "6.75", "CustomerID": "17873", "Country": "United Kingdom"},
{"InvoiceNo": "536559", "StockCode": "22876", "Description": "NUMBER TILE COTTAGE GARDEN 8", "Quantity": "1", "InvoiceDate": "01-12-2010 14:54", "UnitPrice": "1.95", "CustomerID": "17873", "Country": "United Kingdom"},
{"InvoiceNo": "536559", "StockCode": "22953", "Description": "BIRTHDAY PARTY CORDON BARRIER TAPE", "Quantity": "36", "InvoiceDate": "01-12-2010 14:54", "UnitPrice": "1.25", "CustomerID": "17873", "Country": "United Kingdom"},
{"InvoiceNo": "536559", "StockCode": "51014A", "Description": "FEATHER PEN,HOT PINK", "Quantity": "12", "InvoiceDate": "01-12-2010 14:54", "UnitPrice": "0.85", "CustomerID": "17873", "Country": "United Kingdom"},
{"InvoiceNo": "536559", "StockCode": "51014C", "Description": "FEATHER PEN,COAL BLACK", "Quantity": "24", "InvoiceDate": "01-12-2010 14:54", "UnitPrice": "0.85", "CustomerID": "17873", "Country": "United Kingdom"},
{"InvoiceNo": "536559", "StockCode": "51014C", "Description": "FEATHER PEN,COAL BLACK", "Quantity": "12", "InvoiceDate": "01-12-2010 14:54", "UnitPrice": "0.85", "CustomerID": "17873", "Country": "United Kingdom"},
{"InvoiceNo": "536559", "StockCode": "51014L", "Description": "FEATHER PEN,LIGHT PINK", "Quantity": "12", "InvoiceDate": "01-12-2010 14:54", "UnitPrice": "0.85", "CustomerID": "17873", "Country": "United Kingdom"},
{"InvoiceNo": "536559", "StockCode": "51014L", "Description": "FEATHER PEN,LIGHT PINK", "Quantity": "12", "InvoiceDate": "01-12-2010 14:54", "UnitPrice": "0.85", "CustomerID": "17873", "Country": "United Kingdom"},
{"InvoiceNo": "536559", "StockCode": "84884A", "Description": "ANT WHITE WIRE HEART SPIRAL", "Quantity": "10", "InvoiceDate": "01-12-2010 14:54", "UnitPrice": "3.95", "CustomerID": "17873", "Country": "United Kingdom"},
{"InvoiceNo": "536569", "StockCode": "21014", "Description": "SWISS CHALET TREE DECORATION ", "Quantity": "2", "InvoiceDate": "01-12-2010 15:35", "UnitPrice": "0.85", "CustomerID": "16274", "Country": "United Kingdom"},
{"InvoiceNo": "536569", "StockCode": "21018", "Description": "BIRD BOX CHRISTMAS TREE DECORATION", "Quantity": "2", "InvoiceDate": "01-12-2010 15:35", "UnitPrice": "0.85", "CustomerID": "16274", "Country": "United Kingdom"},
{"InvoiceNo": "536569", "StockCode": "21071", "Description": "VINTAGE BILLBOARD DRINK ME MUG", "Quantity": "1", "InvoiceDate": "01-12-2010 15:35", "UnitPrice": "1.25", "CustomerID": "16274", "Country": "United Kingdom"},
{"InvoiceNo": "536569", "StockCode": "21147", "Description": "JINGLE BELLS TREE DECORATION", "Quantity": "2", "InvoiceDate": "01-12-2010 15:35", "UnitPrice": "2.1", "CustomerID": "16274", "Country": "United Kingdom"},
{"InvoiceNo": "536569", "StockCode": "21191", "Description": "LARGE WHITE HONEYCOMB PAPER BELL  ", "Quantity": "2", "InvoiceDate": "01-12-2010 15:35", "UnitPrice": "2.1", "CustomerID": "16274", "Country": "United Kingdom"},
{"InvoiceNo": "536569", "StockCode": "21340", "Description": "CLASSIC METAL BIRDCAGE PLANT HOLDER", "Quantity": "1", "InvoiceDate": "01-12-2010 15:35", "UnitPrice": "12.75", "CustomerID": "16274", "Country": "United Kingdom"},
{"InvoiceNo": "536569", "StockCode": "21351", "Description": "CINAMMON & ORANGE WREATH", "Quantity": "2", "InvoiceDate": "01-12-2010 15:35", "UnitPrice": "6.75", "CustomerID": "16274", "Country": "United Kingdom"},
{"InvoiceNo": "536569", "StockCode": "21462", "Description": "NURSERY A,B,C PAINTED LETTERS", "Quantity": "1", "InvoiceDate": "01-12-2010 15:35", "UnitPrice": "6.75", "CustomerID": "16274", "Country": "United Kingdom"},
{"InvoiceNo": "536569", "StockCode": "21587", "Description": "COSY HOUR GIANT TUBE MATCHES", "Quantity": "3", "InvoiceDate": "01-12-2010 15:35", "UnitPrice": "2.55", "CustomerID": "16274", "Country": "United Kingdom"},
{"InvoiceNo": "536569", "StockCode": "21591", "Description": "COSY HOUR CIGAR BOX MATCHES ", "Quantity": "2", "InvoiceDate": "01-12-2010 15:35", "UnitPrice": "1.25", "CustomerID": "16274", "Country": "United Kingdom"},
{"InvoiceNo": "536569", "StockCode": "21761", "Description": "WOOD AND GLASS MEDICINE CABINET", "Quantity": "1", "InvoiceDate": "01-12-2010 15:35", "UnitPrice": "29.95", "CustomerID": "16274", "Country": "United Kingdom"},
{"InvoiceNo": "536569", "StockCode": "21804", "Description": "WHITE CHRISTMAS GARLAND STARS TREES", "Quantity": "1", "InvoiceDate": "01-12-2010 15:35", "UnitPrice": "3.75", "CustomerID": "16274", "Country": "United Kingdom"},
{"InvoiceNo": "536569", "StockCode": "21808", "Description": "CHRISTMAS GARLAND STARS,TREES", "Quantity": "1", "InvoiceDate": "01-12-2010 15:35", "UnitPrice": "3.75", "CustomerID": "16274", "Country": "United Kingdom"},
{"InvoiceNo": "536569", "StockCode": "21809", "Description": "CHRISTMAS HANGING TREE WITH BELL", "Quantity": "1", "InvoiceDate": "01-12-2010 15:35", "UnitPrice": "1.25", "CustomerID": "16274", "Country": "United Kingdom"},
{"InvoiceNo": "536569", "StockCode": "21809", "Description": "CHRISTMAS HANGING TREE WITH BELL", "Quantity": "1", "InvoiceDate": "01-12-2010 15:35", "UnitPrice": "1.25", "CustomerID": "16274", "Country": "United Kingdom"},
{"InvoiceNo": "536569", "StockCode": "21810", "Description": "CHRISTMAS HANGING STAR WITH BELL", "Quantity": "2", "InvoiceDate": "01-12-2010 15:35", "UnitPrice": "1.25", "CustomerID": "16274", "Country": "United Kingdom"},
{"InvoiceNo": "536569", "StockCode": "21811", "Description": "CHRISTMAS HANGING HEART WITH BELL", "Quantity": "2", "InvoiceDate": "01-12-2010 15:35", "UnitPrice": "1.25", "CustomerID": "16274", "Country": "United Kingdom"},
{"InvoiceNo": "536569", "StockCode": "21813", "Description": "GARLAND WITH STARS AND BELLS", "Quantity": "1", "InvoiceDate": "01-12-2010 15:35", "UnitPrice": "4.95", "CustomerID": "16274", "Country": "United Kingdom"},
{"InvoiceNo": "536569", "StockCode": "21817", "Description": "GLITTER CHRISTMAS TREE", "Quantity": "1", "InvoiceDate": "01-12-2010 15:35", "UnitPrice": "0.85", "CustomerID": "16274", "Country": "United Kingdom"},
{"InvoiceNo": "536569", "StockCode": "21818", "Description": "GLITTER CHRISTMAS HEART ", "Quantity": "1", "InvoiceDate": "01-12-2010 15:35", "UnitPrice": "0.85", "CustomerID": "16274", "Country": "United Kingdom"},
{"InvoiceNo": "536569", "StockCode": "21823", "Description": "PAINTED METAL HEART WITH HOLLY BELL", "Quantity": "4", "InvoiceDate": "01-12-2010 15:35", "UnitPrice": "1.45", "CustomerID": "16274", "Country": "United Kingdom"},
{"InvoiceNo": "536569", "StockCode": "21871", "Description": "SAVE THE PLANET MUG", "Quantity": "1", "InvoiceDate": "01-12-2010 15:35", "UnitPrice": "1.25", "CustomerID": "16274", "Country": "United Kingdom"},
{"InvoiceNo": "536569", "StockCode": "22086", "Description": "PAPER CHAIN KIT 50'S CHRISTMAS ", "Quantity": "1", "InvoiceDate": "01-12-2010 15:35", "UnitPrice": "2.95", "CustomerID": "16274", "Country": "United Kingdom"},
{"InvoiceNo": "536569", "StockCode": "22111", "Description": "SCOTTIE DOG HOT WATER BOTTLE", "Quantity": "1", "InvoiceDate": "01-12-2010 15:35", "UnitPrice": "4.95", "CustomerID": "16274", "Country": "United Kingdom"},
{"InvoiceNo": "536569", "StockCode": "22111", "Description": "SCOTTIE DOG HOT WATER BOTTLE", "Quantity": "1", "InvoiceDate": "01-12-2010 15:35", "UnitPrice": "4.95", "CustomerID": "16274", "Country": "United Kingdom"},
{"InvoiceNo": "536569", "StockCode": "22113", "Description": "GREY HEART HOT WATER BOTTLE", "Quantity": "1", "InvoiceDate": "01-12-2010 15:35", "UnitPrice": "3.75", "CustomerID": "16274", "Country": "United Kingdom"},
{"InvoiceNo": "536569", "StockCode": "22119", "Description": "PEACE WOODEN BLOCK LETTERS", "Quantity": "1", "InvoiceDate": "01-12-2010 15:35", "UnitPrice": "6.95", "CustomerID": "16274", "Country": "United Kingdom"},
{"InvoiceNo": "536569", "StockCode": "22121", "Description": "NOEL WOODEN BLOCK LETTERS ", "Quantity": "1", "InvoiceDate": "01-12-2010 15:35", "UnitPrice": "5.95", "CustomerID": "16274", "Country": "United Kingdom"},
{"InvoiceNo": "536569", "StockCode": "22130", "Description": "PARTY CONE CHRISTMAS DECORATION ", "Quantity": "12", "InvoiceDate": "01-12-2010 15:35", "UnitPrice": "0.85", "CustomerID": "16274", "Country": "United Kingdom"},
{"InvoiceNo": "536569", "StockCode": "22171", "Description": "3 HOOK PHOTO SHELF ANTIQUE WHITE", "Quantity": "1", "InvoiceDate": "01-12-2010 15:35", "UnitPrice": "8.5", "CustomerID": "16274", "Country": "United Kingdom"},
{"InvoiceNo": "536569", "StockCode": "22428", "Description": "ENAMEL FIRE BUCKET CREAM", "Quantity": "1", "InvoiceDate": "01-12-2010 15:35", "UnitPrice": "6.95", "CustomerID": "16274", "Country": "United Kingdom"},
{"InvoiceNo": "536569", "StockCode": "22494", "Description": "EMERGENCY FIRST AID TIN ", "Quantity": "1", "InvoiceDate": "01-12-2010 15:35", "UnitPrice": "1.25", "CustomerID": "16274", "Country": "United Kingdom"},
{"InvoiceNo": "536569", "StockCode": "22496", "Description": "SET OF 2 ROUND TINS DUTCH CHEESE", "Quantity": "1", "InvoiceDate": "01-12-2010 15:35", "UnitPrice": "2.95", "CustomerID": "16274", "Country": "United Kingdom"},
{"InvoiceNo": "536569", "StockCode": "22571", "Description": "ROCKING HORSE RED CHRISTMAS ", "Quantity": "4", "InvoiceDate": "01-12-2010 15:35", "UnitPrice": "0.85", "CustomerID": "16274", "Country": "United Kingdom"},
{"InvoiceNo": "536569", "StockCode": "22572", "Description": "ROCKING HORSE GREEN CHRISTMAS ", "Quantity": "1", "InvoiceDate": "01-12-2010 15:35", "UnitPrice": "0.85", "CustomerID": "16274", "Country": "United Kingdom"},
{"InvoiceNo": "536569", "StockCode": "22573", "Description": "STAR WOODEN CHRISTMAS DECORATION", "Quantity": "1", "InvoiceDate": "01-12-2010 15:35", "UnitPrice": "0.85", "CustomerID": "16274", "Country": "United Kingdom"},
{"InvoiceNo": "536569", "StockCode": "22576", "Description": "SWALLOW WOODEN CHRISTMAS DECORATION", "Quantity": "3", "InvoiceDate": "01-12-2010 15:35", "UnitPrice": "0.85", "CustomerID": "16274", "Country": "United Kingdom"},
{"InvoiceNo": "536569", "StockCode": "22579", "Description": "WOODEN TREE CHRISTMAS SCANDINAVIAN", "Quantity": "1", "InvoiceDate": "01-12-2010 15:35", "UnitPrice": "0.85", "CustomerID": "16274", "Country": "United Kingdom"},
{"InvoiceNo": "536569", "StockCode": "22581", "Description": "WOOD STOCKING CHRISTMAS SCANDISPOT", "Quantity": "3", "InvoiceDate": "01-12-2010 15:35", "UnitPrice": "0.85", "CustomerID": "16274", "Country": "United Kingdom"},
{"InvoiceNo": "536569", "StockCode": "22603", "Description": "CHRISTMAS RETROSPOT TREE WOOD", "Quantity": "1", "InvoiceDate": "01-12-2010 15:35", "UnitPrice": "0.85", "CustomerID": "16274", "Country": "United Kingdom"},
{"InvoiceNo": "536569", "StockCode": "22616", "Description": "PACK OF 12 LONDON TISSUES ", "Quantity": "12", "InvoiceDate": "01-12-2010 15:35", "UnitPrice": "0.29", "CustomerID": "16274", "Country": "United Kingdom"},
{"InvoiceNo": "536569", "StockCode": "22622", "Description": "BOX OF VINTAGE ALPHABET BLOCKS", "Quantity": "1", "InvoiceDate": "01-12-2010 15:35", "UnitPrice": "9.95", "CustomerID": "16274", "Country": "United Kingdom"},
{"InvoiceNo": "536569", "StockCode": "22635", "Description": "CHILDS BREAKFAST SET DOLLY GIRL ", "Quantity": "1", "InvoiceDate": "01-12-2010 15:35", "UnitPrice": "9.95", "CustomerID": "16274", "Country": "United Kingdom"},
{"InvoiceNo": "536569", "StockCode": "22638", "Description": "SET OF 4 NAPKIN CHARMS CROWNS ", "Quantity": "1", "InvoiceDate": "01-12-2010 15:35", "UnitPrice": "2.55", "CustomerID": "16274", "Country": "United Kingdom"},
{"InvoiceNo": "536569", "StockCode": "22639", "Description": "SET OF 4 NAPKIN CHARMS HEARTS", "Quantity": "1", "InvoiceDate": "01-12-2010 15:35", "UnitPrice": "2.55", "CustomerID": "16274", "Country": "United Kingdom"},
{"InvoiceNo": "536569", "StockCode": "22640", "Description": "SET OF 4 NAPKIN CHARMS 3 KEYS ", "Quantity": "1", "InvoiceDate": "01-12-2010 15:35", "UnitPrice": "2.55", "CustomerID": "16274", "Country": "United Kingdom"},
{"InvoiceNo": "536569", "StockCode": "22641", "Description": "SET OF 4 NAPKIN CHARMS INSTRUMENT", "Quantity": "2", "InvoiceDate": "01-12-2010 15:35", "UnitPrice": "2.55", "CustomerID": "16274", "Country": "United Kingdom"},
{"InvoiceNo": "536569", "StockCode": "22659", "Description": "LUNCH BOX I LOVE LONDON", "Quantity": "1", "InvoiceDate": "01-12-2010 15:35", "UnitPrice": "1.95", "CustomerID": "16274", "Country": "United Kingdom"},
{"InvoiceNo": "536569", "StockCode": "22660", "Description": "DOORMAT I LOVE LONDON", "Quantity": "1", "InvoiceDate": "01-12-2010 15:35", "UnitPrice": "7.95", "CustomerID": "16274", "Country": "United Kingdom"},
{"InvoiceNo": "536569", "StockCode": "22713", "Description": "CARD I LOVE LONDON ", "Quantity": "12", "InvoiceDate": "01-12-2010 15:35", "UnitPrice": "0.42", "CustomerID": "16274", "Country": "United Kingdom"},
{"InvoiceNo": "536569", "StockCode": "22731", "Description": "3D CHRISTMAS STAMPS STICKERS ", "Quantity": "2", "InvoiceDate": "01-12-2010 15:35", "UnitPrice": "1.25", "CustomerID": "16274", "Country": "United Kingdom"},
{"InvoiceNo": "536569", "StockCode": "22738", "Description": "RIBBON REEL SNOWY VILLAGE", "Quantity": "1", "InvoiceDate": "01-12-2010 15:35", "UnitPrice": "1.65", "CustomerID": "16274", "Country": "United Kingdom"},
{"InvoiceNo": "536569", "StockCode": "22739", "Description": "RIBBON REEL CHRISTMAS SOCK BAUBLE", "Quantity": "1", "InvoiceDate": "01-12-2010 15:35", "UnitPrice": "1.65", "CustomerID": "16274", "Country": "United Kingdom"},
{"InvoiceNo": "536569", "StockCode": "22750", "Description": "FELTCRAFT PRINCESS LOLA DOLL", "Quantity": "1", "InvoiceDate": "01-12-2010 15:35", "UnitPrice": "3.75", "CustomerID": "16274", "Country": "United Kingdom"},
{"InvoiceNo": "536569", "StockCode": "22765", "Description": "NEWSPAPER STAND", "Quantity": "1", "InvoiceDate": "01-12-2010 15:35", "UnitPrice": "14.95", "CustomerID": "16274", "Country": "United Kingdom"},
{"InvoiceNo": "536569", "StockCode": "22767", "Description": "TRIPLE PHOTO FRAME CORNICE ", "Quantity": "1", "InvoiceDate": "01-12-2010 15:35", "UnitPrice": "9.95", "CustomerID": "16274", "Country": "United Kingdom"},
{"InvoiceNo": "536569", "StockCode": "22816", "Description": "CARD MOTORBIKE SANTA", "Quantity": "12", "InvoiceDate": "01-12-2010 15:35", "UnitPrice": "0.42", "CustomerID": "16274", "Country": "United Kingdom"},
{"InvoiceNo": "536569", "StockCode": "22818", "Description": "CARD CHRISTMAS VILLAGE", "Quantity": "12", "InvoiceDate": "01-12-2010 15:35", "UnitPrice": "0.42", "CustomerID": "16274", "Country": "United Kingdom"},
{"InvoiceNo": "536569", "StockCode": "22825", "Description": "DECORATIVE PLANT POT WITH FRIEZE", "Quantity": "1", "InvoiceDate": "01-12-2010 15:35", "UnitPrice": "7.95", "CustomerID": "16274", "Country": "United Kingdom"},
{"InvoiceNo": "536569", "StockCode": "22941", "Description": "CHRISTMAS LIGHTS 10 REINDEER", "Quantity": "1", "InvoiceDate": "01-12-2010 15:35", "UnitPrice": "8.5", "CustomerID": "16274", "Country": "United Kingdom"},
{"InvoiceNo": "536569", "StockCode": "22945", "Description": "CHRISTMAS METAL TAGS ASSORTED ", "Quantity": "12", "InvoiceDate": "01-12-2010 15:35", "UnitPrice": "0.85", "CustomerID": "16274", "Country": "United Kingdom"},
{"InvoiceNo": "536569", "StockCode": "22946", "Description": "WOODEN ADVENT CALENDAR CREAM", "Quantity": "1", "InvoiceDate": "01-12-2010 15:35", "UnitPrice": "16.95", "CustomerID": "16274", "Country": "United Kingdom"},
{"InvoiceNo": "536569", "StockCode": "84870B", "Description": "BLUE GEISHA GIRL ", "Quantity": "1", "InvoiceDate": "01-12-2010 15:35", "UnitPrice": "3.75", "CustomerID": "16274", "Country": "United Kingdom"},
{"InvoiceNo": "536569", "StockCode": "84870C", "Description": "GREEN GEISHA GIRL ", "Quantity": "1", "InvoiceDate": "01-12-2010 15:35", "UnitPrice": "3.75", "CustomerID": "16274", "Country": "United Kingdom"},
{"InvoiceNo": "536569", "StockCode": "85232B", "Description": "SET OF 3 BABUSHKA STACKING TINS", "Quantity": "1", "InvoiceDate": "01-12-2010 15:35", "UnitPrice": "4.95", "CustomerID": "16274", "Country": "United Kingdom"},
{"InvoiceNo": "536569", "StockCode": "M", "Description": "Manual", "Quantity": "1", "InvoiceDate": "01-12-2010 15:35", "UnitPrice": "1.25", "CustomerID": "16274", "Country": "United Kingdom"},
{"InvoiceNo": "536569", "StockCode": "M", "Description": "Manual", "Quantity": "1", "InvoiceDate": "01-12-2010 15:35", "UnitPrice": "18.95", "CustomerID": "16274", "Country": "United Kingdom"},
{"InvoiceNo": "536579", "StockCode": "20727", "Description": "LUNCH BAG  BLACK SKULL.", "Quantity": "60", "InvoiceDate": "01-12-2010 16:16", "UnitPrice": "1.45", "CustomerID": "13777", "Country": "United Kingdom"},
{"InvoiceNo": "536579", "StockCode": "21232", "Description": "STRAWBERRY CERAMIC TRINKET BOX", "Quantity": "216", "InvoiceDate": "01-12-2010 16:16", "UnitPrice": "1.06", "CustomerID": "13777", "Country": "United Kingdom"},
{"InvoiceNo": "536589", "StockCode": "21777", "Description": "", "Quantity": "-10", "InvoiceDate": "01-12-2010 16:50", "UnitPrice": "0", "CustomerID": "", "Country": "United Kingdom"}
]