[{"InvoiceNo": "536368", "StockCode": "22912", "Description": "YELLOW COAT RACK PARIS FASHION", "Quantity": "3", "InvoiceDate": "01-12-2010 8:34", "UnitPrice": "4.95", "CustomerID": "13047", "Country": "United Kingdom"},
{"InvoiceNo": "536368", "StockCode": "22913", "Description": "RED COAT RACK PARIS FASHION", "Quantity": "3", "InvoiceDate": "01-12-2010 8:34", "UnitPrice": "4.95", "CustomerID": "13047", "Country": "United Kingdom"},
{"InvoiceNo": "536368", "StockCode": "22914", "Description": "BLUE COAT RACK PARIS FASHION", "Quantity": "3", "InvoiceDate": "01-12-2010 8:34", "UnitPrice": "4.95", "CustomerID": "13047", "Country": "United Kingdom"},
{"InvoiceNo": "536368", "StockCode": "22960", "Description": "JAM MAKING SET WITH JARS", "Quantity": "6", "InvoiceDate": "01-12-2010 8:34", "UnitPrice": "4.25", "CustomerID": "13047", "Country": "United Kingdom"},
{"InvoiceNo": "536378", "StockCode": "20723", "Description": "STRAWBERRY CHARLOTTE BAG", "Quantity": "10", "InvoiceDate": "01-12-2010 9:37", "UnitPrice": "0.85", "CustomerID": "14688", "Country": "United Kingdom"},
{"InvoiceNo": "536378", "StockCode": "20725", "Description": "LUNCH BAG RED RETROSPOT", "Quantity": "10", "InvoiceDate": "01-12-2010 9:37", "UnitPrice": "1.65", "CustomerID": "14688", "Country": "United Kingdom"},
{"InvoiceNo": "536378", "StockCode": "21033", "Description": "JUMBO BAG CHARLIE AND LOLA TOYS", "Quantity": "10", "InvoiceDate": "01-12-2010 9:37", "UnitPrice": "2.95", "CustomerID": "14688", "Country": "United Kingdom"},
{"InvoiceNo": "536378", "StockCode": "21094", "Description": "SET/6 RED SPOTTY PAPER PLATES", "Quantity": "12", "InvoiceDate": "01-12-2010 9:37", "UnitPrice": "0.85", "CustomerID": "14688", "Country": "United Kingdom"},
{"InvoiceNo": "536378", "StockCode": "21212", "Description": "PACK OF 72 RETROSPOT CAKE CASES", "Quantity": "120", "InvoiceDate": "01-12-2010 9:37", "UnitPrice": "0.42", "CustomerID": "14688", "Country": "United Kingdom"},
{"InvoiceNo": "536378", "StockCode": "21559", "Description": "STRAWBERRY LUNCH BOX WITH CUTLERY", "Quantity": "6", "InvoiceDate": "01-12-2010 9:37", "UnitPrice": "2.55", "CustomerID": "14688", "Country": "United Kingdom"},
{"InvoiceNo": "536378", "StockCode": "21929", "Description": "JUMBO BAG PINK VINTAGE PAISLEY", "Quantity": "10", "InvoiceDate": "01-12-2010 9:37", "UnitPrice": "1.95", "CustomerID": "14688", "Country": "United Kingdom"},
{"InvoiceNo": "536378", "StockCode": "21931", "Description": "JUMBO STORAGE BAG SUKI", "Quantity": "10", "InvoiceDate": "01-12-2010 9:37", "UnitPrice": "1.95", "CustomerID": "14688", "Country": "United Kingdom"},
{"InvoiceNo": "536378", "StockCode": "21975", "Description": "PACK OF 60 DINOSAUR CAKE CASES", "Quantity": "24", "InvoiceDate": "01-12-2010 9:37", "UnitPrice": "0.55", "CustomerID": "14688", "Country": "United Kingdom"},
{"InvoiceNo": "536378", "StockCode": "21977", "Description": "PACK OF 60 PINK PAISLEY CAKE CASES", "Quantity": "24", "InvoiceDate": "01-12-2010 9:37", "UnitPrice": "0.55", "CustomerID": "14688", "Country": "United Kingdom"},
{"InvoiceNo": "536378", "StockCode": "22352", "Description": "LUNCH BOX WITH CUTLERY RETROSPOT ", "Quantity": "6", "InvoiceDate": "01-12-2010 9:37", "UnitPrice": "2.55", "CustomerID": "14688", "Country": "United Kingdom"},
{"InvoiceNo": "536378", "StockCode": "22386", "Description": "JUMBO BAG PINK POLKADOT", "Quantity": "10", "InvoiceDate": "01-12-2010 9:37", "UnitPrice": "1.95", "CustomerID": "14688", "Country": "United Kingdom"},
{"InvoiceNo": "536378", "StockCode": "84991", "Description": "60 TEATIME FAIRY CAKE CASES", "Quantity": "24", "InvoiceDate": "01-12-2010 9:37", "UnitPrice": "0.55", "CustomerID": "14688", "Country": "United Kingdom"},
{"InvoiceNo": "536378", "StockCode": "84519A", "Description": "TOMATO CHARLIE+LOLA COASTER SET", "Quantity": "6", "InvoiceDate": "01-12-2010 9:37", "UnitPrice": "2.95", "CustomerID": "14688", "Country": "United Kingdom"},
{"InvoiceNo": "536378", "StockCode": "84997B", "Description": "RED 3 PIECE RETROSPOT CUTLERY SET", "Quantity": "12", "InvoiceDate": "01-12-2010 9:37", "UnitPrice": "3.75", "CustomerID": "14688", "Country": "United Kingdom"},
{"InvoiceNo": "536378", "StockCode": "84997C", "Description": "BLUE 3 PIECE POLKADOT CUTLERY SET", "Quantity": "6", "InvoiceDate": "01-12-2010 9:37", "UnitPrice": "3.75", "CustomerID": "14688", "Country": "United Kingdom"},
{"InvoiceNo": "536378", "StockCode": "85071B", "Description": "RED CHARLIE+LOLA PERSONAL DOORSIGN", "Quantity": "96", "InvoiceDate": "01-12-2010 9:37", "UnitPrice": "0.38", "CustomerID": "14688", "Country": "United Kingdom"},
{"InvoiceNo": "536378", "StockCode": "85099C", "Description": "JUMBO  BAG BAROQUE BLACK WHITE", "Quantity": "10", "InvoiceDate": "01-12-2010 9:37", "UnitPrice": "1.95", "CustomerID": "14688", "Country": "United Kingdom"},
{"InvoiceNo": "536378", "StockCode": "85183B", "Description": "CHARLIE & LOLA WASTEPAPER BIN FLORA", "Quantity": "48", "InvoiceDate": "01-12-2010 9:37", "UnitPrice": "1.25", "CustomerID": "14688", "Country": "United Kingdom"},
{"InvoiceNo": "536388", "StockCode": "21115", "Description": "ROSE CARAVAN DOORSTOP", "Quantity": "4", "InvoiceDate": "01-12-2010 9:59", "UnitPrice": "6.75", "CustomerID": "16250", "Country": "United Kingdom"},
{"InvoiceNo": "536388", "StockCode": "21363", "Description": "HOME SMALL WOOD LETTERS", "Quantity": "3", "InvoiceDate": "01-12-2010 9:59", "UnitPrice": "4.95", "CustomerID": "16250", "Country": "United Kingdom"},
{"InvoiceNo": "536388", "StockCode": "21411", "Description": "GINGHAM HEART  DOORSTOP RED", "Quantity": "3", "InvoiceDate": "01-12-2010 9:59", "UnitPrice": "4.25", "CustomerID": "16250", "Country": "United Kingdom"},
{"InvoiceNo": "536388", "StockCode": "21523", "Description": "DOORMAT FANCY FONT HOME SWEET HOME", "Quantity": "2", "InvoiceDate": "01-12-2010 9:59", "UnitPrice": "7.95", "CustomerID": "16250", "Country": "United Kingdom"},
{"InvoiceNo": "536388", "StockCode": "21754", "Description": "HOME BUILDING BLOCK WORD", "Quantity": "3", "InvoiceDate": "01-12-2010 9:59", "UnitPrice": "5.95", "CustomerID": "16250", "Country": "United Kingdom"},
{"InvoiceNo": "536388", "StockCode": "21755", "Description": "LOVE BUILDING BLOCK WORD", "Quantity": "3", "InvoiceDate": "01-12-2010 9:59", "UnitPrice": "5.95", "CustomerID": "16250", "Country": "United Kingdom"},
{"InvoiceNo": "536388", "StockCode": "22242", "Description": "5 HOOK HANGER MAGIC TOADSTOOL", "Quantity": "12", "InvoiceDate": "01-12-2010 9:59", "UnitPrice": "1.65", "CustomerID": "16250", "Country": "United Kingdom"},
{"InvoiceNo": "536388", "StockCode": "22318", "Description": "FIVE HEART HANGING DECORATION", "Quantity": "6", "InvoiceDate": "01-12-2010 9:59", "UnitPrice": "2.95", "CustomerID": "16250", "Country": "United Kingdom"},
{"InvoiceNo": "536388", "StockCode": "22464", "Description": "HANGING METAL HEART LANTERN", "Quantity": "12", "InvoiceDate": "01-12-2010 9:59", "UnitPrice": "1.65", "CustomerID": "16250", "Country": "United Kingdom"},
{"InvoiceNo": "536388", "StockCode": "22469", "Description": "HEART OF WICKER SMALL", "Quantity": "12", "InvoiceDate": "01-12-2010 9:59", "UnitPrice": "1.65", "CustomerID": "16250", "Country": "United Kingdom"},
{"InvoiceNo": "536388", "StockCode": "22915", "Description": "ASSORTED BOTTLE TOP  MAGNETS ", "Quantity": "12", "InvoiceDate": "01-12-2010 9:59", "UnitPrice": "0.42", "CustomerID": "16250", "Country": "United Kingdom"},
{"InvoiceNo": "536388", "StockCode": "22922", "Description": "FRIDGE MAGNETS US DINER ASSORTED", "Quantity": "12", "InvoiceDate": "01-12-2010 9:59", "UnitPrice": "0.85", "CustomerID": "16250", "Country": "United Kingdom"},
{"InvoiceNo": "536388", "StockCode": "22923", "Description": "FRIDGE MAGNETS LES ENFANTS ASSORTED", "Quantity": "12", "InvoiceDate": "01-12-2010 9:59", "UnitPrice": "0.85", "CustomerID": "16250", "Country": "United Kingdom"},
{"InvoiceNo": "536388", "StockCode": "22969", "Description": "HOMEMADE JAM SCENTED CANDLES", "Quantity": "12", "InvoiceDate": "01-12-2010 9:59", "UnitPrice": "1.45", "CustomerID": "16250", "Country": "United Kingdom"},
{"InvoiceNo": "536398", "StockCode": "21232", "Description": "STRAWBERRY CERAMIC TRINKET BOX", "Quantity": "12", "InvoiceDate": "01-12-2010 10:52", "UnitPrice": "1.25", "CustomerID": "13448", "Country": "United Kingdom"},
{"InvoiceNo": "536398", "StockCode": "21479", "Description": "WHITE SKULL HOT WATER BOTTLE ", "Quantity": "4", "InvoiceDate": "01-12-2010 10:52", "UnitPrice": "3.75", "CustomerID": "13448", "Country": "United Kingdom"},
{"InvoiceNo": "536398", "StockCode": "21844", "Description": "RED RETROSPOT MUG", "Quantity": "6", "InvoiceDate": "01-12-2010 10:52", "UnitPrice": "2.95", "CustomerID": "13448", "Country": "United Kingdom"},
{"InvoiceNo": "536398", "StockCode": "21980", "Description": "PACK OF 12 RED RETROSPOT TISSUES ", "Quantity": "24", "InvoiceDate": "01-12-2010 10:52", "UnitPrice": "0.29", "CustomerID": "13448", "Country": "United Kingdom"},
{"InvoiceNo": "536398", "StockCode": "22064", "Description": "PINK DOUGHNUT TRINKET POT ", "Quantity": "12", "InvoiceDate": "01-12-2010 10:52", "UnitPrice": "1.65", "CustomerID": "13448", "Country": "United Kingdom"},
{"InvoiceNo": "536398", "StockCode": "22111", "Description": "SCOTTIE DOG HOT WATER BOTTLE", "Quantity": "9", "InvoiceDate": "01-12-2010 10:52", "UnitPrice": "4.95", "CustomerID": "13448", "Country": "United Kingdom"},
{"InvoiceNo": "536398", "StockCode": "22112", "Description": "CHOCOLATE HOT WATER BOTTLE", "Quantity": "9", "InvoiceDate": "01-12-2010 10:52", "UnitPrice": "4.95", "CustomerID": "13448", "Country": "United Kingdom"},
{"InvoiceNo": "536398", "StockCode": "22114", "Description": "HOT WATER BOTTLE TEA AND SYMPATHY", "Quantity": "4", "InvoiceDate": "01-12-2010 10:52", "UnitPrice": "3.95", "CustomerID": "13448", "Country": "United Kingdom"},
{"InvoiceNo": "536398", "StockCode": "22449", "Description": "SILK PURSE BABUSHKA PINK", "Quantity": "6", "InvoiceDate": "01-12-2010 10:52", "UnitPrice": "3.35", "CustomerID": "13448", "Country": "United Kingdom"},
{"InvoiceNo": "536398", "StockCode": "22468", "Description": "BABUSHKA LIGHTS STRING OF 10", "Quantity": "4", "InvoiceDate": "01-12-2010 10:52", "UnitPrice": "6.75", "CustomerID": "13448", "Country": "United Kingdom"},
{"InvoiceNo": "536398", "StockCode": "22632", "Description": "HAND WARMER RED RETROSPOT", "Quantity": "12", "InvoiceDate": "01-12-2010 10:52", "UnitPrice": "2.1", "CustomerID": "13448", "Country": "United Kingdom"},
{"InvoiceNo": "536398", "StockCode": "22637", "Description": "PIGGY BANK RETROSPOT ", "Quantity": "8", "InvoiceDate": "01-12-2010 10:52", "UnitPrice": "2.55", "CustomerID": "13448", "Country": "United Kingdom"},
{"InvoiceNo": "536398", "StockCode": "22752", "Description": "SET 7 BABUSHKA NESTING BOXES", "Quantity": "6", "InvoiceDate": "01-12-2010 10:52", "UnitPrice": "8.5", "CustomerID": "13448", "Country": "United Kingdom"},
{"InvoiceNo": "536398", "StockCode": "22835", "Description": "HOT WATER BOTTLE I AM SO POORLY", "Quantity": "8", "InvoiceDate": "01-12-2010 10:52", "UnitPrice": "4.65", "CustomerID": "13448", "Country": "United Kingdom"},
{"InvoiceNo": "536398", "StockCode": "22865", "Description": "HAND WARMER OWL DESIGN", "Quantity": "12", "InvoiceDate": "01-12-2010 10:52", "UnitPrice": "2.1", "CustomerID": "13448", "Country": "United Kingdom"},
{"InvoiceNo": "536398", "StockCode": "22866", "Description": "HAND WARMER SCOTTY DOG DESIGN", "Quantity": "12", "InvoiceDate": "01-12-2010 10:52", "UnitPrice": "2.1", "CustomerID": "13448", "Country": "United Kingdom"},
{"InvoiceNo": "536398", "StockCode": "48185", "Description": "DOORMAT FAIRY CAKE", "Quantity": "2", "InvoiceDate": "01-12-2010 10:52", "UnitPrice": "7.95", "CustomerID": "13448", "Country": "United Kingdom"},
{"InvoiceNo": "536408", "StockCode": "16237", "Description": "SLEEPING CAT ERASERS", "Quantity": "30", "InvoiceDate": "01-12-2010 11:41", "UnitPrice": "0.21", "CustomerID": "14307", "Country": "United Kingdom"},
{"InvoiceNo": "536408", "StockCode": "20685", "Description": "DOORMAT RED RETROSPOT", "Quantity": "2", "InvoiceDate": "01-12-2010 11:41", "UnitPrice": "7.95", "CustomerID": "14307", "Country": "United Kingdom"},
{"InvoiceNo": "536408", "StockCode": "20982", "Description": "12 PENCILS TALL TUBE SKULLS", "Quantity": "12", "InvoiceDate": "01-12-2010 11:41", "UnitPrice": "0.85", "CustomerID": "14307", "Country": "United Kingdom"},
{"InvoiceNo": "536408", "StockCode": "21210", "Description": "SET OF 72 RETROSPOT PAPER  DOILIES", "Quantity": "12", "InvoiceDate": "01-12-2010 11:41", "UnitPrice": "1.45", "CustomerID": "14307", "Country": "United Kingdom"},
{"InvoiceNo": "536408", "StockCode": "21212", "Description": "PACK OF 72 RETROSPOT CAKE CASES", "Quantity": "24", "InvoiceDate": "01-12-2010 11:41", "UnitPrice": "0.55", "CustomerID": "14307", "Country": "United Kingdom"},
{"InvoiceNo": "536408", "StockCode": "21479", "Description": "WHITE SKULL HOT WATER BOTTLE ", "Quantity": "4", "InvoiceDate": "01-12-2010 11:41", "UnitPrice": "3.75", "CustomerID": "14307", "Country": "United Kingdom"},
{"InvoiceNo": "536408", "StockCode": "21544", "Description": "SKULLS  WATER TRANSFER TATTOOS ", "Quantity": "12", "InvoiceDate": "01-12-2010 11:41", "UnitPrice": "0.85", "CustomerID": "14307", "Country": "United Kingdom"},
{"InvoiceNo": "536408", "StockCode": "21587", "Description": "COSY HOUR GIANT TUBE MATCHES", "Quantity": "12", "InvoiceDate": "01-12-2010 11:41", "UnitPrice": "2.55", "CustomerID": "14307", "Country": "United Kingdom"},
{"InvoiceNo": "536408", "StockCode": "21705", "Description": "BAG 500g SWIRLY MARBLES", "Quantity": "12", "InvoiceDate": "01-12-2010 11:41", "UnitPrice": "1.65", "CustomerID": "14307", "Country": "United Kingdom"},
{"InvoiceNo": "536408", "StockCode": "21733", "Description": "RED HANGING HEART T-LIGHT HOLDER", "Quantity": "6", "InvoiceDate": "01-12-2010 11:41", "UnitPrice": "2.95", "CustomerID": "14307", "Country": "United Kingdom"},
{"InvoiceNo": "536408", "StockCode": "21754", "Description": "HOME BUILDING BLOCK WORD", "Quantity": "3", "InvoiceDate": "01-12-2010 11:41", "UnitPrice": "5.95", "CustomerID": "14307", "Country": "United Kingdom"},
{"InvoiceNo": "536408", "StockCode": "21755", "Description": "LOVE BUILDING BLOCK WORD", "Quantity": "3", "InvoiceDate": "01-12-2010 11:41", "UnitPrice": "5.95", "CustomerID": "14307", "Country": "United Kingdom"},
{"InvoiceNo": "536408", "StockCode": "21832", "Description": "CHOCOLATE CALCULATOR", "Quantity": "12", "InvoiceDate": "01-12-2010 11:41", "UnitPrice": "1.65", "CustomerID": "14307", "Country": "United Kingdom"},
{"InvoiceNo": "536408", "StockCode": "21914", "Description": "BLUE HARMONICA IN BOX ", "Quantity": "12", "InvoiceDate": "01-12-2010 11:41", "UnitPrice": "1.25", "CustomerID": "14307", "Country": "United Kingdom"},
{"InvoiceNo": "536408", "StockCode": "21915", "Description": "RED  HARMONICA IN BOX ", "Quantity": "12", "InvoiceDate": "01-12-2010 11:41", "UnitPrice": "1.25", "CustomerID": "14307", "Country": "United Kingdom"},
{"InvoiceNo": "536408", "StockCode": "22114", "Description": "HOT WATER BOTTLE TEA AND SYMPATHY", "Quantity": "4", "InvoiceDate": "01-12-2010 11:41", "UnitPrice": "3.95", "CustomerID": "14307", "Country": "United Kingdom"},
{"InvoiceNo": "536408", "StockCode": "22178", "Description": "VICTORIAN GLASS HANGING T-LIGHT", "Quantity": "12", "InvoiceDate": "01-12-2010 11:41", "UnitPrice": "1.25", "CustomerID": "14307", "Country": "United Kingdom"},
{"InvoiceNo": "536408", "StockCode": "22219", "Description": "LOVEBIRD HANGING DECORATION WHITE ", "Quantity": "12", "InvoiceDate": "01-12-2010 11:41", "UnitPrice": "0.85", "CustomerID": "14307", "Country": "United Kingdom"},
{"InvoiceNo": "536408", "StockCode": "22371", "Description": "AIRLINE BAG VINTAGE TOKYO 78", "Quantity": "4", "InvoiceDate": "01-12-2010 11:41", "UnitPrice": "4.25", "CustomerID": "14307", "Country": "United Kingdom"},
{"InvoiceNo": "536408", "StockCode": "22418", "Description": "10 COLOUR SPACEBOY PEN", "Quantity": "24", "InvoiceDate": "01-12-2010 11:41", "UnitPrice": "0.85", "CustomerID": "14307", "Country": "United Kingdom"},
{"InvoiceNo": "536408", "StockCode": "22465", "Description": "HANGING METAL STAR LANTERN", "Quantity": "12", "InvoiceDate": "01-12-2010 11:41", "UnitPrice": "1.65", "CustomerID": "14307", "Country": "United Kingdom"},
{"InvoiceNo": "536408", "StockCode": "22488", "Description": "NATURAL SLATE RECTANGLE CHALKBOARD", "Quantity": "12", "InvoiceDate": "01-12-2010 11:41", "UnitPrice": "1.65", "CustomerID": "14307", "Country": "United Kingdom"},
{"InvoiceNo": "536408", "StockCode": "22492", "Description": "MINI PAINT SET VINTAGE ", "Quantity": "36", "InvoiceDate": "01-12-2010 11:41", "UnitPrice": "0.65", "CustomerID": "14307", "Country": "United Kingdom"},
{"InvoiceNo": "536408", "StockCode": "22533", "Description": "MAGIC DRAWING SLATE BAKE A CAKE ", "Quantity": "24", "InvoiceDate": "01-12-2010 11:41", "UnitPrice": "0.42", "CustomerID": "14307", "Country": "United Kingdom"},
{"InvoiceNo": "536408", "StockCode": "22537", "Description": "MAGIC DRAWING SLATE DINOSAUR", "Quantity": "24", "InvoiceDate": "01-12-2010 11:41", "UnitPrice": "0.42", "CustomerID": "14307", "Country": "United Kingdom"},
{"InvoiceNo": "536408", "StockCode": "22553", "Description": "PLASTERS IN TIN SKULLS", "Quantity": "12", "InvoiceDate": "01-12-2010 11:41", "UnitPrice": "1.65", "CustomerID": "14307", "Country": "United Kingdom"},
{"InvoiceNo": "536408", "StockCode": "22610", "Description": "PENS ASSORTED FUNNY FACE", "Quantity": "36", "InvoiceDate": "01-12-2010 11:41", "UnitPrice": "0.85", "CustomerID": "14307", "Country": "United Kingdom"},
{"InvoiceNo": "536408", "StockCode": "22619", "Description": "SET OF 6 SOLDIER SKITTLES", "Quantity": "4", "InvoiceDate": "01-12-2010 11:41", "UnitPrice": "3.75", "CustomerID": "14307", "Country": "United Kingdom"},
{"InvoiceNo": "536408", "StockCode": "22620", "Description": "4 TRADITIONAL SPINNING TOPS", "Quantity": "12", "InvoiceDate": "01-12-2010 11:41", "UnitPrice": "1.25", "CustomerID": "14307", "Country": "United Kingdom"},
{"InvoiceNo": "536408", "StockCode": "22706", "Description": "WRAP COWBOYS  ", "Quantity": "25", "InvoiceDate": "01-12-2010 11:41", "UnitPrice": "0.42", "CustomerID": "14307", "Country": "United Kingdom"},
{"InvoiceNo": "536408", "StockCode": "22714", "Description": "CARD BIRTHDAY COWBOY", "Quantity": "12", "InvoiceDate": "01-12-2010 11:41", "UnitPrice": "0.42", "CustomerID": "14307", "Country": "United Kingdom"},
{"InvoiceNo": "536408", "StockCode": "22716", "Description": "CARD CIRCUS PARADE", "Quantity": "12", "InvoiceDate": "01-12-2010 11:41", "UnitPrice": "0.42", "CustomerID": "14307", "Country": "United Kingdom"},
{"InvoiceNo": "536408", "StockCode": "22736", "Description": "RIBBON REEL MAKING SNOWMEN ", "Quantity": "10", "InvoiceDate": "01-12-2010 11:41", "UnitPrice": "1.65", "CustomerID": "14307", "Country": "United Kingdom"},
{"InvoiceNo": "536408", "StockCode": "22766", "Description": "PHOTO FRAME CORNICE", "Quantity": "8", "InvoiceDate": "01-12-2010 11:41", "UnitPrice": "2.95", "CustomerID": "14307", "Country": "United Kingdom"},
{"InvoiceNo": "536408", "StockCode": "22812", "Description": "PACK 3 BOXES CHRISTMAS PANNETONE", "Quantity": "12", "InvoiceDate": "01-12-2010 11:41", "UnitPrice": "1.95", "CustomerID": "14307", "Country": "United Kingdom"},
{"InvoiceNo": "536408", "StockCode": "22813", "Description": "PACK 3 BOXES BIRD PANNETONE ", "Quantity": "12", "InvoiceDate": "01-12-2010 11:41", "UnitPrice": "1.95", "CustomerID": "14307", "Country": "United Kingdom"},
{"InvoiceNo": "536408", "StockCode": "22914", "Description": "BLUE COAT RACK PARIS FASHION", "Quantity": "3", "InvoiceDate": "01-12-2010 11:41", "UnitPrice": "4.95", "CustomerID": "14307", "Country": "United Kingdom"},
{"InvoiceNo": "536408", "StockCode": "22964", "Description": "3 PIECE SPACEBOY COOKIE CUTTER SET", "Quantity": "6", "InvoiceDate": "01-12-2010 11:41", "UnitPrice": "2.1", "CustomerID": "14307", "Country": "United Kingdom"},
{"InvoiceNo": "536408", "StockCode": "48194", "Description": "DOORMAT HEARTS", "Quantity": "2", "InvoiceDate": "01-12-2010 11:41", "UnitPrice": "7.95", "CustomerID": "14307", "Country": "United Kingdom"},
{"InvoiceNo": "536408", "StockCode": "84347", "Description": "ROTATING SILVER ANGELS T-LIGHT HLDR", "Quantity": "6", "InvoiceDate": "01-12-2010 11:41", "UnitPrice": "2.55", "CustomerID": "14307", "Country": "United Kingdom"},
{"InvoiceNo": "536408", "StockCode": "84375", "Description": "SET OF 20 KIDS COOKIE CUTTERS", "Quantity": "12", "InvoiceDate": "01-12-2010 11:41", "UnitPrice": "2.1", "CustomerID": "14307", "Country": "United Kingdom"},
{"InvoiceNo": "536408", "StockCode": "84879", "Description": "ASSORTED COLOUR BIRD ORNAMENT", "Quantity": "8", "InvoiceDate": "01-12-2010 11:41", "UnitPrice": "1.69", "CustomerID": "14307", "Country": "United Kingdom"},
{"InvoiceNo": "536408", "StockCode": "84949", "Description": "SILVER HANGING T-LIGHT HOLDER", "Quantity": "6", "InvoiceDate": "01-12-2010 11:41", "UnitPrice": "1.65", "CustomerID": "14307", "Country": "United Kingdom"},
{"InvoiceNo": "536408", "StockCode": "84029E", "Description": "RED WOOLLY HOTTIE WHITE HEART.", "Quantity": "4", "InvoiceDate": "01-12-2010 11:41", "UnitPrice": "3.75", "CustomerID": "14307", "Country": "United Kingdom"},
{"InvoiceNo": "536408", "StockCode": "84970L", "Description": "SINGLE HEART ZINC T-LIGHT HOLDER", "Quantity": "12", "InvoiceDate": "01-12-2010 11:41", "UnitPrice": "0.95", "CustomerID": "14307", "Country": "United Kingdom"},
{"InvoiceNo": "536408", "StockCode": "84997B", "Description": "RED 3 PIECE RETROSPOT CUTLERY SET", "Quantity": "6", "InvoiceDate": "01-12-2010 11:41", "UnitPrice": "3.75", "CustomerID": "14307", "Country": "United Kingdom"},
{"InvoiceNo": "536408", "StockCode": "85014A", "Description": "BLACK/BLUE POLKADOT UMBRELLA", "Quantity": "3", "InvoiceDate": "01-12-2010 11:41", "UnitPrice": "5.95", "CustomerID": "14307", "Country": "United Kingdom"},
{"InvoiceNo": "536408", "StockCode": "85014B", "Description": "RED RETROSPOT UMBRELLA", "Quantity": "3", "InvoiceDate": "01-12-2010 11:41", "UnitPrice": "5.95", "CustomerID": "14307", "Country": "United Kingdom"},
{"InvoiceNo": "536488", "StockCode": "20878", "Description": "SET/9 CHRISTMAS T-LIGHTS SCENTED ", "Quantity": "2", "InvoiceDate": "01-12-2010 12:31", "UnitPrice": "1.25", "CustomerID": "17897", "Country": "United Kingdom"},
{"InvoiceNo": "536488", "StockCode": "21034", "Description": "REX CASH+CARRY JUMBO SHOPPER", "Quantity": "1", "InvoiceDate": "01-12-2010 12:31", "UnitPrice": "0.95", "CustomerID": "17897", "Country": "United Kingdom"},
{"InvoiceNo": "536488", "StockCode": "21190", "Description": "PINK HEARTS PAPER GARLAND", "Quantity": "1", "InvoiceDate": "01-12-2010 12:31", "UnitPrice": "1.65", "CustomerID": "17897", "Country": "United Kingdom"},
{"InvoiceNo": "536488", "StockCode": "21367", "Description": "MIRRORED WALL ART GENTS", "Quantity": "1", "InvoiceDate": "01-12-2010 12:31", "UnitPrice": "2.55", "CustomerID": "17897", "Country": "United Kingdom"},
{"InvoiceNo": "536488", "StockCode": "21370", "Description": "MIRRORED WALL ART FOXY", "Quantity": "2", "InvoiceDate": "01-12-2010 12:31", "UnitPrice": "6.35", "CustomerID": "17897", "Country": "United Kingdom"},
{"InvoiceNo": "536488", "StockCode": "21577", "Description": "SAVE THE PLANET COTTON TOTE BAG", "Quantity": "1", "InvoiceDate": "01-12-2010 12:31", "UnitPrice": "2.25", "CustomerID": "17897", "Country": "United Kingdom"},
{"InvoiceNo": "536488", "StockCode": "21592", "Description": "RETROSPOT CIGAR BOX MATCHES ", "Quantity": "1", "InvoiceDate": "01-12-2010 12:31", "UnitPrice": "1.25", "CustomerID": "17897", "Country": "United Kingdom"},
{"InvoiceNo": "536488", "StockCode": "21621", "Description": "VINTAGE UNION JACK BUNTING", "Quantity": "1", "InvoiceDate": "01-12-2010 12:31", "UnitPrice": "8.5", "CustomerID": "17897", "Country": "United Kingdom"},
{"InvoiceNo": "536488", "StockCode": "21894", "Description": "POTTING SHED SEED ENVELOPES", "Quantity": "3", "InvoiceDate": "01-12-2010 12:31", "UnitPrice": "1.25", "CustomerID": "17897", "Country": "United Kingdom"},
{"InvoiceNo": "536488", "StockCode": "21895", "Description": "POTTING SHED SOW 'N' GROW SET", "Quantity": "1", "InvoiceDate": "01-12-2010 12:31", "UnitPrice": "4.25", "CustomerID": "17897", "Country": "United Kingdom"},
{"InvoiceNo": "536488", "StockCode": "22082", "Description": "RIBBON REEL STRIPES DESIGN ", "Quantity": "5", "InvoiceDate": "01-12-2010 12:31", "UnitPrice": "1.65", "CustomerID": "17897", "Country": "United Kingdom"},
{"InvoiceNo": "536488", "StockCode": "22087", "Description": "PAPER BUNTING WHITE LACE", "Quantity": "1", "InvoiceDate": "01-12-2010 12:31", "UnitPrice": "2.95", "CustomerID": "17897", "Country": "United Kingdom"},
{"InvoiceNo": "536488", "StockCode": "22144", "Description": "CHRISTMAS CRAFT LITTLE FRIENDS", "Quantity": "1", "InvoiceDate": "01-12-2010 12:31", "UnitPrice": "2.1", "CustomerID": "17897", "Country": "United Kingdom"},
{"InvoiceNo": "536488", "StockCode": "22144", "Description": "CHRISTMAS CRAFT LITTLE FRIENDS", "Quantity": "2", "InvoiceDate": "01-12-2010 12:31", "UnitPrice": "2.1", "CustomerID": "17897", "Country": "United Kingdom"},
{"InvoiceNo": "536488", "StockCode": "22149", "Description": "FELTCRAFT 6 FLOWER FRIENDS", "Quantity": "2", "InvoiceDate": "01-12-2010 12:31", "UnitPrice": "2.1", "CustomerID": "17897", "Country": "United Kingdom"},
{"InvoiceNo": "536488", "StockCode": "22150", "Description": "3 STRIPEY MICE FELTCRAFT", "Quantity": "1", "InvoiceDate": "01-12-2010 12:31", "UnitPrice": "1.95", "CustomerID": "17897", "Country": "United Kingdom"},
{"InvoiceNo": "536488", "StockCode": "22372", "Description": "AIRLINE BAG VINTAGE WORLD CHAMPION ", "Quantity": "1", "InvoiceDate": "01-12-2010 12:31", "UnitPrice": "4.25", "CustomerID": "17897", "Country": "United Kingdom"},
{"InvoiceNo": "536488", "StockCode": "22376", "Description": "AIRLINE BAG VINTAGE JET SET WHITE", "Quantity": "1", "InvoiceDate": "01-12-2010 12:31", "UnitPrice": "4.25", "CustomerID": "17897", "Country": "United Kingdom"},
{"InvoiceNo": "536488", "StockCode": "22468", "Description": "BABUSHKA LIGHTS STRING OF 10", "Quantity": "1", "InvoiceDate": "01-12-2010 12:31", "UnitPrice": "6.75", "CustomerID": "17897", "Country": "United Kingdom"},
{"InvoiceNo": "536488", "StockCode": "22651", "Description": "GENTLEMAN SHIRT REPAIR KIT ", "Quantity": "2", "InvoiceDate": "01-12-2010 12:31", "UnitPrice": "0.85", "CustomerID": "17897", "Country": "United Kingdom"},
{"InvoiceNo": "536488", "StockCode": "22713", "Description": "CARD I LOVE LONDON ", "Quantity": "12", "InvoiceDate": "01-12-2010 12:31", "UnitPrice": "0.42", "CustomerID": "17897", "Country": "United Kingdom"},
{"InvoiceNo": "536488", "StockCode": "22738", "Description": "RIBBON REEL SNOWY VILLAGE", "Quantity": "5", "InvoiceDate": "01-12-2010 12:31", "UnitPrice": "1.65", "CustomerID": "17897", "Country": "United Kingdom"},
{"InvoiceNo": "536488", "StockCode": "22867", "Description": "HAND WARMER BIRD DESIGN", "Quantity": "1", "InvoiceDate": "01-12-2010 12:31", "UnitPrice": "2.1", "CustomerID": "17897", "Country": "United Kingdom"},
{"InvoiceNo": "536488", "StockCode": "22909", "Description": "SET OF 20 VINTAGE CHRISTMAS NAPKINS", "Quantity": "1", "InvoiceDate": "01-12-2010 12:31", "UnitPrice": "0.85", "CustomerID": "17897", "Country": "United Kingdom"},
{"InvoiceNo": "536488", "StockCode": "22910", "Description": "PAPER CHAIN KIT VINTAGE CHRISTMAS", "Quantity": "1", "InvoiceDate": "01-12-2010 12:31", "UnitPrice": "2.95", "CustomerID": "17897", "Country": "United Kingdom"},
{"InvoiceNo": "536488", "StockCode": "22940", "Description": "FELTCRAFT CHRISTMAS FAIRY", "Quantity": "1", "InvoiceDate": "01-12-2010 12:31", "UnitPrice": "4.25", "CustomerID": "17897", "Country": "United Kingdom"},
{"InvoiceNo": "536488", "StockCode": "22960", "Description": "JAM MAKING SET WITH JARS", "Quantity": "8", "InvoiceDate": "01-12-2010 12:31", "UnitPrice": "4.25", "CustomerID": "17897", "Country": "United Kingdom"},
{"InvoiceNo": "536488", "StockCode": "22961", "Description": "JAM MAKING SET PRINTED", "Quantity": "1", "InvoiceDate": "01-12-2010 12:31", "UnitPrice": "1.45", "CustomerID": "17897", "Country": "United Kingdom"},
{"InvoiceNo": "536488", "StockCode": "70007", "Description": "HI TEC ALPINE HAND WARMER", "Quantity": "3", "InvoiceDate": "01-12-2010 12:31", "UnitPrice": "1.65", "CustomerID": "17897", "Country": "United Kingdom"},
{"InvoiceNo": "536488", "StockCode": "70007", "Description": "HI TEC ALPINE HAND WARMER", "Quantity": "1", "InvoiceDate": "01-12-2010 12:31", "UnitPrice": "1.65", "CustomerID": "17897", "Country": "United Kingdom"},
{"InvoiceNo": "536488", "StockCode": "84347", "Description": "ROTATING SILVER ANGELS T-LIGHT HLDR", "Quantity": "1", "InvoiceDate": "01-12-2010 12:31", "UnitPrice": "2.55", "CustomerID": "17897", "Country": "United Kingdom"},
{"InvoiceNo": "536488", "StockCode": "84347", "Description": "ROTATING SILVER ANGELS T-LIGHT HLDR", "Quantity": "1", "InvoiceDate": "01-12-2010 12:31", "UnitPrice": "2.55", "CustomerID": "17897", "Country": "United Kingdom"},
{"InvoiceNo": "536488", "StockCode": "84347", "Description": "ROTATING SILVER ANGELS T-LIGHT HLDR", "Quantity": "3", "InvoiceDate": "01-12-2010 12:31", "UnitPrice": "2.55", "CustomerID": "17897", "Country": "United Kingdom"},
{"InvoiceNo": "536488", "StockCode": "47563A", "Description": "RETRO LONGBOARD IRONING BOARD COVER", "Quantity": "1", "InvoiceDate": "01-12-2010 12:31", "UnitPrice": "3.75", "CustomerID": "17897", "Country": "United Kingdom"},
{"InvoiceNo": "536488", "StockCode": "84558A", "Description": "3D DOG PICTURE PLAYING CARDS", "Quantity": "1", "InvoiceDate": "01-12-2010 12:31", "UnitPrice": "2.95", "CustomerID": "17897", "Country": "United Kingdom"},
{"InvoiceNo": "536508", "StockCode": "21326", "Description": "AGED GLASS SILVER T-LIGHT HOLDER", "Quantity": "144", "InvoiceDate": "01-12-2010 12:38", "UnitPrice": "0.55", "CustomerID": "17181", "Country": "United Kingdom"},
{"InvoiceNo": "536508", "StockCode": "84947", "Description": "ANTIQUE SILVER TEA GLASS ENGRAVED", "Quantity": "72", "InvoiceDate": "01-12-2010 12:38", "UnitPrice": "1.06", "CustomerID": "17181", "Country": "United Kingdom"},
{"InvoiceNo": "536528", "StockCode": "21452", "Description": "TOADSTOOL MONEY BOX", "Quantity": "2", "InvoiceDate": "01-12-2010 13:17", "UnitPrice": "2.95", "CustomerID": "15525", "Country": "United Kingdom"},
{"InvoiceNo": "536528", "StockCode": "21587", "Description": "COSY HOUR GIANT TUBE MATCHES", "Quantity": "1", "InvoiceDate": "01-12-2010 13:17", "UnitPrice": "2.55", "CustomerID": "15525", "Country": "United Kingdom"},
{"InvoiceNo": "536528", "StockCode": "21731", "Description": "RED TOADSTOOL LED NIGHT LIGHT", "Quantity": "2", "InvoiceDate": "01-12-2010 13:17", "UnitPrice": "1.65", "CustomerID": "15525", "Country": "United Kingdom"},
{"InvoiceNo": "536528", "StockCode": "21992", "Description": "VINTAGE PAISLEY STATIONERY SET", "Quantity": "1", "InvoiceDate": "01-12-2010 13:17", "UnitPrice": "2.95", "CustomerID": "15525", "Country": "United Kingdom"},
{"InvoiceNo": "536528", "StockCode": "22077", "Description": "6 RIBBONS RUSTIC CHARM", "Quantity": "2", "InvoiceDate": "01-12-2010 13:17", "UnitPrice": "1.65", "CustomerID": "15525", "Country": "United Kingdom"},
{"InvoiceNo": "536528", "StockCode": "22082", "Description": "RIBBON REEL STRIPES DESIGN ", "Quantity": "1", "InvoiceDate": "01-12-2010 13:17", "UnitPrice": "1.65", "CustomerID": "15525", "Country": "United Kingdom"},
{"InvoiceNo": "536528", "StockCode": "22128", "Description": "PARTY CONES CANDY ASSORTED", "Quantity": "6", "InvoiceDate": "01-12-2010 13:17", "UnitPrice": "1.25", "CustomerID": "15525", "Country": "United Kingdom"},
{"InvoiceNo": "536528", "StockCode": "22130", "Description": "PARTY CONE CHRISTMAS DECORATION ", "Quantity": "12", "InvoiceDate": "01-12-2010 13:17", "UnitPrice": "0.85", "CustomerID": "15525", "Country": "United Kingdom"},
{"InvoiceNo": "536528", "StockCode": "22326", "Description": "ROUND SNACK BOXES SET OF4 WOODLAND ", "Quantity": "4", "InvoiceDate": "01-12-2010 13:17", "UnitPrice": "2.95", "CustomerID": "15525", "Country": "United Kingdom"},
{"InvoiceNo": "536528", "StockCode": "22411", "Description": "JUMBO SHOPPER VINTAGE RED PAISLEY", "Quantity": "1", "InvoiceDate": "01-12-2010 13:17", "UnitPrice": "1.95", "CustomerID": "15525", "Country": "United Kingdom"},
{"InvoiceNo": "536528", "StockCode": "22411", "Description": "JUMBO SHOPPER VINTAGE RED PAISLEY", "Quantity": "1", "InvoiceDate": "01-12-2010 13:17", "UnitPrice": "1.95", "CustomerID": "15525", "Country": "United Kingdom"},
{"InvoiceNo": "536528", "StockCode": "22423", "Description": "REGENCY CAKESTAND 3 TIER", "Quantity": "1", "InvoiceDate": "01-12-2010 13:17", "UnitPrice": "12.75", "CustomerID": "15525", "Country": "United Kingdom"},
{"InvoiceNo": "536528", "StockCode": "22445", "Description": "PENCIL CASE LIFE IS BEAUTIFUL", "Quantity": "4", "InvoiceDate": "01-12-2010 13:17", "UnitPrice": "2.95", "CustomerID": "15525", "Country": "United Kingdom"},
{"InvoiceNo": "536528", "StockCode": "22453", "Description": "MEASURING TAPE BABUSHKA BLUE", "Quantity": "1", "InvoiceDate": "01-12-2010 13:17", "UnitPrice": "2.95", "CustomerID": "15525", "Country": "United Kingdom"},
{"InvoiceNo": "536528", "StockCode": "22454", "Description": "MEASURING TAPE BABUSHKA RED", "Quantity": "1", "InvoiceDate": "01-12-2010 13:17", "UnitPrice": "2.95", "CustomerID": "15525", "Country": "United Kingdom"},
{"InvoiceNo": "536528", "StockCode": "22454", "Description": "MEASURING TAPE BABUSHKA RED", "Quantity": "2", "InvoiceDate": "01-12-2010 13:17", "UnitPrice": "2.95", "CustomerID": "15525", "Country": "United Kingdom"},
{"InvoiceNo": "536528", "StockCode": "22568", "Description": "FELTCRAFT CUSHION OWL", "Quantity": "3", "InvoiceDate": "01-12-2010 13:17", "UnitPrice": "3.75", "CustomerID": "15525", "Country": "United Kingdom"},
{"InvoiceNo": "536528", "StockCode": "22570", "Description": "FELTCRAFT CUSHION RABBIT", "Quantity": "1", "InvoiceDate": "01-12-2010 13:17", "UnitPrice": "3.75", "CustomerID": "15525", "Country": "United Kingdom"},
{"InvoiceNo": "536528", "StockCode": "22584", "Description": "PACK OF 6 PANNETONE GIFT BOXES", "Quantity": "2", "InvoiceDate": "01-12-2010 13:17", "UnitPrice": "2.55", "CustomerID": "15525", "Country": "United Kingdom"},
{"InvoiceNo": "536528", "StockCode": "22584", "Description": "PACK OF 6 PANNETONE GIFT BOXES", "Quantity": "2", "InvoiceDate": "01-12-2010 13:17", "UnitPrice": "2.55", "CustomerID": "15525", "Country": "United Kingdom"},
{"InvoiceNo": "536528", "StockCode": "22585", "Description": "PACK OF 6 BIRDY GIFT TAGS", "Quantity": "6", "InvoiceDate": "01-12-2010 13:17", "UnitPrice": "1.25", "CustomerID": "15525", "Country": "United Kingdom"},
{"InvoiceNo": "536528", "StockCode": "22585", "Description": "PACK OF 6 BIRDY GIFT TAGS", "Quantity": "5", "InvoiceDate": "01-12-2010 13:17", "UnitPrice": "1.25", "CustomerID": "15525", "Country": "United Kingdom"},
{"InvoiceNo": "536528", "StockCode": "22607", "Description": "WOODEN ROUNDERS GARDEN SET ", "Quantity": "1", "InvoiceDate": "01-12-2010 13:17", "UnitPrice": "9.95", "CustomerID": "15525", "Country": "United Kingdom"},
{"InvoiceNo": "536528", "StockCode": "22616", "Description": "PACK OF 12 LONDON TISSUES ", "Quantity": "1", "InvoiceDate": "01-12-2010 13:17", "UnitPrice": "0.29", "CustomerID": "15525", "Country": "United Kingdom"},
{"InvoiceNo": "536528", "StockCode": "22634", "Description": "CHILDS BREAKFAST SET SPACEBOY ", "Quantity": "1", "InvoiceDate": "01-12-2010 13:17", "UnitPrice": "9.95", "CustomerID": "15525", "Country": "United Kingdom"},
{"InvoiceNo": "536528", "StockCode": "22635", "Description": "CHILDS BREAKFAST SET DOLLY GIRL ", "Quantity": "1", "InvoiceDate": "01-12-2010 13:17", "UnitPrice": "9.95", "CustomerID": "15525", "Country": "United Kingdom"},
{"InvoiceNo": "536528", "StockCode": "22743", "Description": "MAKE YOUR OWN FLOWERPOWER CARD KIT", "Quantity": "1", "InvoiceDate": "01-12-2010 13:17", "UnitPrice": "2.95", "CustomerID": "15525", "Country": "United Kingdom"},
{"InvoiceNo": "536528", "StockCode": "22743", "Description": "MAKE YOUR OWN FLOWERPOWER CARD KIT", "Quantity": "1", "InvoiceDate": "01-12-2010 13:17", "UnitPrice": "2.95", "CustomerID": "15525", "Country": "United Kingdom"},
{"InvoiceNo": "536528", "StockCode": "22744", "Description": "MAKE YOUR OWN MONSOON CARD KIT", "Quantity": "2", "InvoiceDate": "01-12-2010 13:17", "UnitPrice": "2.95", "CustomerID": "15525", "Country": "United Kingdom"},
{"InvoiceNo": "536528", "StockCode": "22744", "Description": "MAKE YOUR OWN MONSOON CARD KIT", "Quantity": "2", "InvoiceDate": "01-12-2010 13:17", "UnitPrice": "2.95", "CustomerID": "15525", "Country": "United Kingdom"},
{"InvoiceNo": "536528", "StockCode": "22812", "Description": "PACK 3 BOXES CHRISTMAS PANNETONE", "Quantity": "3", "InvoiceDate": "01-12-2010 13:17", "UnitPrice": "1.95", "CustomerID": "15525", "Country": "United Kingdom"},
{"InvoiceNo": "536528", "StockCode": "22813", "Description": "PACK 3 BOXES BIRD PANNETONE ", "Quantity": "3", "InvoiceDate": "01-12-2010 13:17", "UnitPrice": "1.95", "CustomerID": "15525", "Country": "United Kingdom"},
{"InvoiceNo": "536528", "StockCode": "22815", "Description": "CARD PSYCHEDELIC APPLES", "Quantity": "12", "InvoiceDate": "01-12-2010 13:17", "UnitPrice": "0.42", "CustomerID": "15525", "Country": "United Kingdom"},
{"InvoiceNo": "536528", "StockCode": "22839", "Description": "3 TIER CAKE TIN GREEN AND CREAM", "Quantity": "1", "InvoiceDate": "01-12-2010 13:17", "UnitPrice": "14.95", "CustomerID": "15525", "Country": "United Kingdom"},
{"InvoiceNo": "536528", "StockCode": "22839", "Description": "3 TIER CAKE TIN GREEN AND CREAM", "Quantity": "1", "InvoiceDate": "01-12-2010 13:17", "UnitPrice": "14.95", "CustomerID": "15525", "Country": "United Kingdom"},
{"InvoiceNo": "536528", "StockCode": "22865", "Description": "HAND WARMER OWL DESIGN", "Quantity": "1", "InvoiceDate": "01-12-2010 13:17", "UnitPrice": "2.1", "CustomerID": "15525", "Country": "United Kingdom"},
{"InvoiceNo": "536528", "StockCode": "22865", "Description": "HAND WARMER OWL DESIGN", "Quantity": "1", "InvoiceDate": "01-12-2010 13:17", "UnitPrice": "2.1", "CustomerID": "15525", "Country": "United Kingdom"},
{"InvoiceNo": "536528", "StockCode": "22865", "Description": "HAND WARMER OWL DESIGN", "Quantity": "2", "InvoiceDate": "01-12-2010 13:17", "UnitPrice": "2.1", "CustomerID": "15525", "Country": "United Kingdom"},
{"InvoiceNo": "536528", "StockCode": "22867", "Description": "HAND WARMER BIRD DESIGN", "Quantity": "3", "InvoiceDate": "01-12-2010 13:17", "UnitPrice": "2.1", "CustomerID": "15525", "Country": "United Kingdom"},
{"InvoiceNo": "536528", "StockCode": "22900", "Description": " SET 2 TEA TOWELS I LOVE LONDON ", "Quantity": "1", "InvoiceDate": "01-12-2010 13:17", "UnitPrice": "2.95", "CustomerID": "15525", "Country": "United Kingdom"},
{"InvoiceNo": "536528", "StockCode": "22910", "Description": "PAPER CHAIN KIT VINTAGE CHRISTMAS", "Quantity": "3", "InvoiceDate": "01-12-2010 13:17", "UnitPrice": "2.95", "CustomerID": "15525", "Country": "United Kingdom"},
{"InvoiceNo": "536528", "StockCode": "22911", "Description": "PAPER CHAIN KIT LONDON", "Quantity": "1", "InvoiceDate": "01-12-2010 13:17", "UnitPrice": "2.95", "CustomerID": "15525", "Country": "United Kingdom"},
{"InvoiceNo": "536528", "StockCode": "22911", "Description": "PAPER CHAIN KIT LONDON", "Quantity": "1", "InvoiceDate": "01-12-2010 13:17", "UnitPrice": "2.95", "CustomerID": "15525", "Country": "United Kingdom"},
{"InvoiceNo": "536528", "StockCode": "22938", "Description": "CUPCAKE LACE PAPER SET 6", "Quantity": "3", "InvoiceDate": "01-12-2010 13:17", "UnitPrice": "1.95", "CustomerID": "15525", "Country": "United Kingdom"},
{"InvoiceNo": "536528", "StockCode": "22938", "Description": "CUPCAKE LACE PAPER SET 6", "Quantity": "1", "InvoiceDate": "01-12-2010 13:17", "UnitPrice": "1.95", "CustomerID": "15525", "Country": "United Kingdom"},
{"InvoiceNo": "536528", "StockCode": "22960", "Description": "JAM MAKING SET WITH JARS", "Quantity": "1", "InvoiceDate": "01-12-2010 13:17", "UnitPrice": "4.25", "CustomerID": "15525", "Country": "United Kingdom"},
{"InvoiceNo": "536528", "StockCode": "22961", "Description": "JAM MAKING SET PRINTED", "Quantity": "1", "InvoiceDate": "01-12-2010 13:17", "UnitPrice": "1.45", "CustomerID": "15525", "Country": "United Kingdom"},
{"InvoiceNo": "536528", "StockCode": "22963", "Description": "JAM JAR WITH GREEN LID", "Quantity": "2", "InvoiceDate": "01-12-2010 13:17", "UnitPrice": "0.85", "CustomerID": "15525", "Country": "United Kingdom"},
{"InvoiceNo": "536528", "StockCode": "22968", "Description": "ROSE COTTAGE KEEPSAKE BOX ", "Quantity": "3", "InvoiceDate": "01-12-2010 13:17", "UnitPrice": "9.95", "CustomerID": "15525", "Country": "United Kingdom"},
{"InvoiceNo": "536528", "StockCode": "22974", "Description": "CHILDRENS DOLLY GIRL MUG", "Quantity": "2", "InvoiceDate": "01-12-2010 13:17", "UnitPrice": "1.65", "CustomerID": "15525", "Country": "United Kingdom"},
{"InvoiceNo": "536528", "StockCode": "84985A", "Description": "SET OF 72 GREEN PAPER DOILIES", "Quantity": "1", "InvoiceDate": "01-12-2010 13:17", "UnitPrice": "1.45", "CustomerID": "15525", "Country": "United Kingdom"},
{"InvoiceNo": "536528", "StockCode": "84985A", "Description": "SET OF 72 GREEN PAPER DOILIES", "Quantity": "1", "InvoiceDate": "01-12-2010 13:17", "UnitPrice": "1.45", "CustomerID": "15525", "Country": "United Kingdom"},
{"InvoiceNo": "536528", "StockCode": "85049A", "Description": "TRADITIONAL CHRISTMAS RIBBONS", "Quantity": "1", "InvoiceDate": "01-12-2010 13:17", "UnitPrice": "1.25", "CustomerID": "15525", "Country": "United Kingdom"},
{"InvoiceNo": "536528", "StockCode": "85049E", "Description": "SCANDINAVIAN REDS RIBBONS", "Quantity": "1", "InvoiceDate": "01-12-2010 13:17", "UnitPrice": "1.25", "CustomerID": "15525", "Country": "United Kingdom"},
{"InvoiceNo": "536528", "StockCode": "85114B", "Description": "IVORY ENCHANTED FOREST PLACEMAT", "Quantity": "1", "InvoiceDate": "01-12-2010 13:17", "UnitPrice": "1.65", "CustomerID": "15525", "Country": "United Kingdom"},
{"InvoiceNo": "536528", "StockCode": "85114B", "Description": "IVORY ENCHANTED FOREST PLACEMAT", "Quantity": "1", "InvoiceDate": "01-12-2010 13:17", "UnitPrice": "1.65", "CustomerID": "15525", "Country": "United Kingdom"},
{"InvoiceNo": "536528", "StockCode": "85114C", "Description": "RED ENCHANTED FOREST PLACEMAT", "Quantity": "1", "InvoiceDate": "01-12-2010 13:17", "UnitPrice": "1.65", "CustomerID": "15525", "Country": "United Kingdom"},
{"InvoiceNo": "536538", "StockCode": "21143", "Description": "ANTIQUE GLASS HEART DECORATION ", "Quantity": "3", "InvoiceDate": "01-12-2010 13:54", "UnitPrice": "1.95", "CustomerID": "14594", "Country": "United Kingdom"},
{"InvoiceNo": "536538", "StockCode": "21466", "Description": "RED FLOWER CROCHET FOOD COVER", "Quantity": "1", "InvoiceDate": "01-12-2010 13:54", "UnitPrice": "3.75", "CustomerID": "14594", "Country": "United Kingdom"},
{"InvoiceNo": "536538", "StockCode": "21467", "Description": "CHERRY CROCHET FOOD COVER", "Quantity": "1", "InvoiceDate": "01-12-2010 13:54", "UnitPrice": "3.75", "CustomerID": "14594", "Country": "United Kingdom"},
{"InvoiceNo": "536538", "StockCode": "21469", "Description": "POLKA DOT RAFFIA FOOD COVER", "Quantity": "1", "InvoiceDate": "01-12-2010 13:54", "UnitPrice": "3.75", "CustomerID": "14594", "Country": "United Kingdom"},
{"InvoiceNo": "536538", "StockCode": "21471", "Description": "STRAWBERRY RAFFIA FOOD COVER", "Quantity": "1", "InvoiceDate": "01-12-2010 13:54", "UnitPrice": "3.75", "CustomerID": "14594", "Country": "United Kingdom"},
{"InvoiceNo": "536538", "StockCode": "21523", "Description": "DOORMAT FANCY FONT HOME SWEET HOME", "Quantity": "1", "InvoiceDate": "01-12-2010 13:54", "UnitPrice": "7.95", "CustomerID": "14594", "Country": "United Kingdom"},
{"InvoiceNo": "536538", "StockCode": "21524", "Description": "DOORMAT SPOTTY HOME SWEET HOME", "Quantity": "1", "InvoiceDate": "01-12-2010 13:54", "UnitPrice": "7.95", "CustomerID": "14594", "Country": "United Kingdom"},
{"InvoiceNo": "536538", "StockCode": "21690", "Description": "SILVER  CANDLEPOT JARDIN ", "Quantity": "4", "InvoiceDate": "01-12-2010 13:54", "UnitPrice": "3.75", "CustomerID": "14594", "Country": "United Kingdom"},
{"InvoiceNo": "536538", "StockCode": "22086", "Description": "PAPER CHAIN KIT 50'S CHRISTMAS ", "Quantity": "5", "InvoiceDate": "01-12-2010 13:54", "UnitPrice": "2.95", "CustomerID": "14594", "Country": "United Kingdom"},
{"InvoiceNo": "536538", "StockCode": "22088", "Description": "PAPER BUNTING COLOURED LACE", "Quantity": "1", "InvoiceDate": "01-12-2010 13:54", "UnitPrice": "2.95", "CustomerID": "14594", "Country": "United Kingdom"},
{"InvoiceNo": "536538", "StockCode": "22173", "Description": "METAL 4 HOOK HANGER FRENCH CHATEAU", "Quantity": "2", "InvoiceDate": "01-12-2010 13:54", "UnitPrice": "2.95", "CustomerID": "14594", "Country": "United Kingdom"},
{"InvoiceNo": "536538", "StockCode": "22195", "Description": "LARGE HEART MEASURING SPOONS", "Quantity": "5", "InvoiceDate": "01-12-2010 13:54", "UnitPrice": "1.65", "CustomerID": "14594", "Country": "United Kingdom"},
{"InvoiceNo": "536538", "StockCode": "22457", "Description": "NATURAL SLATE HEART CHALKBOARD ", "Quantity": "2", "InvoiceDate": "01-12-2010 13:54", "UnitPrice": "2.95", "CustomerID": "14594", "Country": "United Kingdom"},
{"InvoiceNo": "536538", "StockCode": "22469", "Description": "HEART OF WICKER SMALL", "Quantity": "8", "InvoiceDate": "01-12-2010 13:54", "UnitPrice": "1.65", "CustomerID": "14594", "Country": "United Kingdom"},
{"InvoiceNo": "536538", "StockCode": "22470", "Description": "HEART OF WICKER LARGE", "Quantity": "2", "InvoiceDate": "01-12-2010 13:54", "UnitPrice": "2.95", "CustomerID": "14594", "Country": "United Kingdom"},
{"InvoiceNo": "536538", "StockCode": "22573", "Description": "STAR WOODEN CHRISTMAS DECORATION", "Quantity": "10", "InvoiceDate": "01-12-2010 13:54", "UnitPrice": "0.85", "CustomerID": "14594", "Country": "United Kingdom"},
{"InvoiceNo": "536538", "StockCode": "22574", "Description": "HEART WOODEN CHRISTMAS DECORATION", "Quantity": "10", "InvoiceDate": "01-12-2010 13:54", "UnitPrice": "0.85", "CustomerID": "14594", "Country": "United Kingdom"},
{"InvoiceNo": "536538", "StockCode": "22583", "Description": "PACK OF 6 HANDBAG GIFT BOXES", "Quantity": "2", "InvoiceDate": "01-12-2010 13:54", "UnitPrice": "2.55", "CustomerID": "14594", "Country": "United Kingdom"},
{"InvoiceNo": "536538", "StockCode": "22584", "Description": "PACK OF 6 PANNETONE GIFT BOXES", "Quantity": "2", "InvoiceDate": "01-12-2010 13:54", "UnitPrice": "2.55", "CustomerID": "14594", "Country": "United Kingdom"},
{"InvoiceNo": "536538", "StockCode": "22600", "Description": "CHRISTMAS RETROSPOT STAR WOOD", "Quantity": "10", "InvoiceDate": "01-12-2010 13:54", "UnitPrice": "0.85", "CustomerID": "14594", "Country": "United Kingdom"},
{"InvoiceNo": "536538", "StockCode": "22601", "Description": "CHRISTMAS RETROSPOT ANGEL WOOD", "Quantity": "10", "InvoiceDate": "01-12-2010 13:54", "UnitPrice": "0.85", "CustomerID": "14594", "Country": "United Kingdom"},
{"InvoiceNo": "536538", "StockCode": "22603", "Description": "CHRISTMAS RETROSPOT TREE WOOD", "Quantity": "10", "InvoiceDate": "01-12-2010 13:54", "UnitPrice": "0.85", "CustomerID": "14594", "Country": "United Kingdom"},
{"InvoiceNo": "536538", "StockCode": "22752", "Description": "SET 7 BABUSHKA NESTING BOXES", "Quantity": "2", "InvoiceDate": "01-12-2010 13:54", "UnitPrice": "8.5", "CustomerID": "14594", "Country": "United Kingdom"},
{"InvoiceNo": "536538", "StockCode": "22791", "Description": "T-LIGHT GLASS FLUTED ANTIQUE", "Quantity": "12", "InvoiceDate": "01-12-2010 13:54", "UnitPrice": "1.25", "CustomerID": "14594", "Country": "United Kingdom"},
{"InvoiceNo": "536538", "StockCode": "22910", "Description": "PAPER CHAIN KIT VINTAGE CHRISTMAS", "Quantity": "5", "InvoiceDate": "01-12-2010 13:54", "UnitPrice": "2.95", "CustomerID": "14594", "Country": "United Kingdom"},
{"InvoiceNo": "536538", "StockCode": "37343", "Description": "POLKADOT MUG PINK ", "Quantity": "6", "InvoiceDate": "01-12-2010 13:54", "UnitPrice": "1.65", "CustomerID": "14594", "Country": "United Kingdom"},
{"InvoiceNo": "536538", "StockCode": "48129", "Description": "DOORMAT TOPIARY", "Quantity": "1", "InvoiceDate": "01-12-2010 13:54", "UnitPrice": "7.95", "CustomerID": "14594", "Country": "United Kingdom"},
{"InvoiceNo": "536538", "StockCode": "84944", "Description": "SET OF 6 KASHMIR FOLKART BAUBLES", "Quantity": "2", "InvoiceDate": "01-12-2010 13:54", "UnitPrice": "4.25", "CustomerID": "14594", "Country": "United Kingdom"},
{"InvoiceNo": "536538", "StockCode": "84949", "Description": "SILVER HANGING T-LIGHT HOLDER", "Quantity": "6", "InvoiceDate": "01-12-2010 13:54", "UnitPrice": "1.65", "CustomerID": "14594", "Country": "United Kingdom"},
{"InvoiceNo": "536538", "StockCode": "85199L", "Description": "LARGE HANGING IVORY & RED WOOD BIRD", "Quantity": "10", "InvoiceDate": "01-12-2010 13:54", "UnitPrice": "0.65", "CustomerID": "14594", "Country": "United Kingdom"},
{"InvoiceNo": "536538", "StockCode": "85199S", "Description": "SMALL HANGING IVORY/RED WOOD BIRD", "Quantity": "10", "InvoiceDate": "01-12-2010 13:54", "UnitPrice": "0.42", "CustomerID": "14594", "Country": "United Kingdom"},
{"InvoiceNo": "C536548", "StockCode": "20914", "Description": "SET/5 RED RETROSPOT LID GLASS BOWLS", "Quantity": "-1", "InvoiceDate": "01-12-2010 14:33", "UnitPrice": "2.95", "CustomerID": "12472", "Country": "Germany"},
{"InvoiceNo": "C536548", "StockCode": "20957", "Description": "PORCELAIN HANGING BELL SMALL", "Quantity": "-1", "InvoiceDate": "01-12-2010 14:33", "UnitPrice": "1.45", "CustomerID": "12472", "Country": "Germany"},
{"InvoiceNo": "C536548", "StockCode": "21218", "Description": "RED SPOTTY BISCUIT TIN", "Quantity": "-3", "InvoiceDate": "01-12-2010 14:33", "UnitPrice": "3.75", "CustomerID": "12472", "Country": "Germany"},
{"InvoiceNo": "C536548", "StockCode": "22077", "Description": "6 RIBBONS RUSTIC CHARM", "Quantity": "-6", "InvoiceDate": "01-12-2010 14:33", "UnitPrice": "1.65", "CustomerID": "12472", "Country": "Germany"},
{"InvoiceNo": "C536548", "StockCode": "22168", "Description": "ORGANISER WOOD ANTIQUE WHITE ", "Quantity": "-2", "InvoiceDate": "01-12-2010 14:33", "UnitPrice": "8.5", "CustomerID": "12472", "Country": "Germany"},
{"InvoiceNo": "C536548", "StockCode": "22242", "Description": "5 HOOK HANGER MAGIC TOADSTOOL", "Quantity": "-5", "InvoiceDate": "01-12-2010 14:33", "UnitPrice": "1.65", "CustomerID": "12472", "Country": "Germany"},
{"InvoiceNo": "C536548", "StockCode": "22244", "Description": "3 HOOK HANGER MAGIC GARDEN", "Quantity": "-4", "InvoiceDate": "01-12-2010 14:33", "UnitPrice": "1.95", "CustomerID": "12472", "Country": "Germany"},
{"InvoiceNo": "C536548", "StockCode": "22245", "Description": "HOOK, 1 HANGER ,MAGIC GARDEN", "Quantity": "-2", "InvoiceDate": "01-12-2010 14:33", "UnitPrice": "0.85", "CustomerID": "12472", "Country": "Germany"},
{"InvoiceNo": "C536548", "StockCode": "22333", "Description": "RETROSPOT PARTY BAG + STICKER SET", "Quantity": "-1", "InvoiceDate": "01-12-2010 14:33", "UnitPrice": "1.65", "CustomerID": "12472", "Country": "Germany"},
{"InvoiceNo": "C536548", "StockCode": "22580", "Description": "ADVENT CALENDAR GINGHAM SACK", "Quantity": "-4", "InvoiceDate": "01-12-2010 14:33", "UnitPrice": "5.95", "CustomerID": "12472", "Country": "Germany"},
{"InvoiceNo": "C536548", "StockCode": "22631", "Description": "CIRCUS PARADE LUNCH BOX ", "Quantity": "-1", "InvoiceDate": "01-12-2010 14:33", "UnitPrice": "1.95", "CustomerID": "12472", "Country": "Germany"},
{"InvoiceNo": "C536548", "StockCode": "22654", "Description": "DELUXE SEWING KIT ", "Quantity": "-1", "InvoiceDate": "01-12-2010 14:33", "UnitPrice": "5.95", "CustomerID": "12472", "Country": "Germany"},
{"InvoiceNo": "C536548", "StockCode": "22767", "Description": "TRIPLE PHOTO FRAME CORNICE ", "Quantity": "-2", "InvoiceDate": "01-12-2010 14:33", "UnitPrice": "9.95", "CustomerID": "12472", "Country": "Germany"},
{"InvoiceNo": "C536548", "StockCode": "22892", "Description": "SET OF SALT AND PEPPER TOADSTOOLS", "Quantity": "-7", "InvoiceDate": "01-12-2010 14:33", "UnitPrice": "1.25", "CustomerID": "12472", "Country": "Germany"},
{"InvoiceNo": "536558", "StockCode": "22802", "Description": "FAUX FUR CHOCOLATE THROW", "Quantity": "5", "InvoiceDate": "01-12-2010 14:48", "UnitPrice": "19.95", "CustomerID": "", "Country": "United Kingdom"},
{"InvoiceNo": "536568", "StockCode": "22915", "Description": "ASSORTED BOTTLE TOP  MAGNETS ", "Quantity": "12", "InvoiceDate": "01-12-2010 15:28", "UnitPrice": "0.42", "CustomerID": "16048", "Country": "United Kingdom"},
{"InvoiceNo": "536578", "StockCode": "21484", "Description": "CHICK GREY HOT WATER BOTTLE", "Quantity": "8", "InvoiceDate": "01-12-2010 16:15", "UnitPrice": "3.45", "CustomerID": "17690", "Country": "United Kingdom"},
{"InvoiceNo": "536578", "StockCode": "22726", "Description": "ALARM CLOCK BAKELIKE GREEN", "Quantity": "4", "InvoiceDate": "01-12-2010 16:15", "UnitPrice": "3.75", "CustomerID": "17690", "Country": "United Kingdom"},
{"InvoiceNo": "536578", "StockCode": "22728", "Description": "ALARM CLOCK BAKELIKE PINK", "Quantity": "4", "InvoiceDate": "01-12-2010 16:15", "UnitPrice": "3.75", "CustomerID": "17690", "Country": "United Kingdom"},
{"InvoiceNo": "536578", "StockCode": "22729", "Description": "ALARM CLOCK BAKELIKE ORANGE", "Quantity": "4", "InvoiceDate": "01-12-2010 16:15", "UnitPrice": "3.75", "CustomerID": "17690", "Country": "United Kingdom"},
{"InvoiceNo": "536578", "StockCode": "22834", "Description": "HAND WARMER BABUSHKA DESIGN", "Quantity": "24", "InvoiceDate": "01-12-2010 16:15", "UnitPrice": "2.1", "CustomerID": "17690", "Country": "United Kingdom"},
{"InvoiceNo": "536578", "StockCode": "22837", "Description": "HOT WATER BOTTLE BABUSHKA ", "Quantity": "12", "InvoiceDate": "01-12-2010 16:15", "UnitPrice": "4.65", "CustomerID": "17690", "Country": "United Kingdom"},
{"InvoiceNo": "536578", "StockCode": "22865", "Description": "HAND WARMER OWL DESIGN", "Quantity": "24", "InvoiceDate": "01-12-2010 16:15", "UnitPrice": "2.1", "CustomerID": "17690", "Country": "United Kingdom"},
{"InvoiceNo": "536578", "StockCode": "22866", "Description": "HAND WARMER SCOTTY DOG DESIGN", "Quantity": "24", "InvoiceDate": "01-12-2010 16:15", "UnitPrice": "2.1", "CustomerID": "17690", "Country": "United Kingdom"},
{"InvoiceNo": "536588", "StockCode": "21777", "Description": "RECIPE BOX WITH METAL HEART", "Quantity": "1", "InvoiceDate": "01-12-2010 16:49", "UnitPrice": "7.95", "CustomerID": "17069", "Country": "United Kingdom"},
{"InvoiceNo": "536588", "StockCode": "22666", "Description": "RECIPE BOX PANTRY YELLOW DESIGN", "Quantity": "12", "InvoiceDate": "01-12-2010 16:49", "UnitPrice": "2.95", "CustomerID": "17069", "Country": "United Kingdom"},
{"InvoiceNo": "536588", "StockCode": "22667", "Description": "RECIPE BOX RETROSPOT ", "Quantity": "12", "InvoiceDate": "01-12-2010 16:49", "UnitPrice": "2.95", "CustomerID": "17069", "Country": "United Kingdom"},
{"InvoiceNo": "536588", "StockCode": "22960", "Description": "JAM MAKING SET WITH JARS", "Quantity": "6", "InvoiceDate": "01-12-2010 16:49", "UnitPrice": "4.25", "CustomerID": "17069", "Country": "United Kingdom"},
{"InvoiceNo": "536588", "StockCode": "22961", "Description": "JAM MAKING SET PRINTED", "Quantity": "12", "InvoiceDate": "01-12-2010 16:49", "UnitPrice": "1.45", "CustomerID": "17069", "Country": "United Kingdom"},
{"InvoiceNo": "536588", "StockCode": "22962", "Description": "JAM JAR WITH PINK LID", "Quantity": "12", "InvoiceDate": "01-12-2010 16:49", "UnitPrice": "0.85", "CustomerID": "17069", "Country": "United Kingdom"},
{"InvoiceNo": "536588", "StockCode": "22963", "Description": "JAM JAR WITH GREEN LID", "Quantity": "12", "InvoiceDate": "01-12-2010 16:49", "UnitPrice": "0.85", "CustomerID": "17069", "Country": "United Kingdom"},
{"InvoiceNo": "536588", "StockCode": "84997A", "Description": "GREEN 3 PIECE POLKADOT CUTLERY SET", "Quantity": "6", "InvoiceDate": "01-12-2010 16:49", "UnitPrice": "3.75", "CustomerID": "17069", "Country": "United Kingdom"},
{"InvoiceNo": "536588", "StockCode": "84997B", "Description": "RED 3 PIECE RETROSPOT CUTLERY SET", "Quantity": "6", "InvoiceDate": "01-12-2010 16:49", "UnitPrice": "3.75", "CustomerID": "17069", "Country": "United Kingdom"},
{"InvoiceNo": "536588", "StockCode": "84997C", "Description": "BLUE 3 PIECE POLKADOT CUTLERY SET", "Quantity": "12", "InvoiceDate": "01-12-2010 16:49", "UnitPrice": "3.75", "CustomerID": "17069", "Country": "United Kingdom"},
{"InvoiceNo": "536588", "StockCode": "84997D", "Description": "PINK 3 PIECE POLKADOT CUTLERY SET", "Quantity": "12", "InvoiceDate": "01-12-2010 16:49", "UnitPrice": "3.75", "CustomerID": "17069", "Country": "United Kingdom"}
]