[{"InvoiceNo": "536367", "StockCode": "21754", "Description": "HOME BUILDING BLOCK WORD", "Quantity": "3", "InvoiceDate": "01-12-2010 8:34", "UnitPrice": "5.95", "CustomerID": "13047", "Country": "United Kingdom"},
{"InvoiceNo": "536367", "StockCode": "21755", "Description": "LOVE BUILDING BLOCK WORD", "Quantity": "3", "InvoiceDate": "01-12-2010 8:34", "UnitPrice": "5.95", "CustomerID": "13047", "Country": "United Kingdom"},
{"InvoiceNo": "536367", "StockCode": "21777", "Description": "RECIPE BOX WITH METAL HEART", "Quantity": "4", "InvoiceDate": "01-12-2010 8:34", "UnitPrice": "7.95", "CustomerID": "13047", "Country": "United Kingdom"},
{"InvoiceNo": "536367", "StockCode": "22310", "Description": "IVORY KNITTED MUG COSY ", "Quantity": "6", "InvoiceDate": "01-12-2010 8:34", "UnitPrice": "1.65", "CustomerID": "13047", "Country": "United Kingdom"},
{"InvoiceNo": "536367", "StockCode": "22622", "Description": "BOX OF VINTAGE ALPHABET BLOCKS", "Quantity": "2", "InvoiceDate": "01-12-2010 8:34", "UnitPrice": "9.95", "CustomerID": "13047", "Country": "United Kingdom"},
{"InvoiceNo": "536367", "StockCode": "22623", "Description": "BOX OF VINTAGE JIGSAW BLOCKS ", "Quantity": "3", "InvoiceDate": "01-12-2010 8:34", "UnitPrice": "4.95", "CustomerID": "13047", "Country": "United Kingdom"},
{"InvoiceNo": "536367", "StockCode": "22745", "Description": "POPPY'S PLAYHOUSE BEDROOM ", "Quantity": "6", "InvoiceDate": "01-12-2010 8:34", "UnitPrice": "2.1", "CustomerID": "13047", "Country": "United Kingdom"},
{"InvoiceNo": "536367", "StockCode": "22748", "Description": "POPPY'S PLAYHOUSE KITCHEN", "Quantity": "6", "InvoiceDate": "01-12-2010 8:34", "UnitPrice": "2.1", "CustomerID": "13047", "Country": "United Kingdom"},
{"InvoiceNo": "536367", "StockCode": "22749", "Description": "FELTCRAFT PRINCESS CHARLOTTE DOLL", "Quantity": "8", "InvoiceDate": "01-12-2010 8:34", "UnitPrice": "3.75", "CustomerID": "13047", "Country": "United Kingdom"},
{"InvoiceNo": "536367", "StockCode": "48187", "Description": "DOORMAT NEW ENGLAND", "Quantity": "4", "InvoiceDate": "01-12-2010 8:34", "UnitPrice": "7.95", "CustomerID": "13047", "Country": "United Kingdom"},
{"InvoiceNo": "536367", "StockCode": "84879", "Description": "ASSORTED COLOUR BIRD ORNAMENT", "Quantity": "32", "InvoiceDate": "01-12-2010 8:34", "UnitPrice": "1.69", "CustomerID": "13047", "Country": "United Kingdom"},
{"InvoiceNo": "536367", "StockCode": "84969", "Description": "BOX OF 6 ASSORTED COLOUR TEASPOONS", "Quantity": "6", "InvoiceDate": "01-12-2010 8:34", "UnitPrice": "4.25", "CustomerID": "13047", "Country": "United Kingdom"},
{"InvoiceNo": "536377", "StockCode": "22632", "Description": "HAND WARMER RED POLKA DOT", "Quantity": "6", "InvoiceDate": "01-12-2010 9:34", "UnitPrice": "1.85", "CustomerID": "17850", "Country": "United Kingdom"},
{"InvoiceNo": "536377", "StockCode": "22633", "Description": "HAND WARMER UNION JACK", "Quantity": "6", "InvoiceDate": "01-12-2010 9:34", "UnitPrice": "1.85", "CustomerID": "17850", "Country": "United Kingdom"},
{"InvoiceNo": "536387", "StockCode": "21731", "Description": "RED TOADSTOOL LED NIGHT LIGHT", "Quantity": "432", "InvoiceDate": "01-12-2010 9:58", "UnitPrice": "1.25", "CustomerID": "16029", "Country": "United Kingdom"},
{"InvoiceNo": "536387", "StockCode": "22466", "Description": "FAIRY TALE COTTAGE NIGHTLIGHT", "Quantity": "432", "InvoiceDate": "01-12-2010 9:58", "UnitPrice": "1.45", "CustomerID": "16029", "Country": "United Kingdom"},
{"InvoiceNo": "536387", "StockCode": "22779", "Description": "WOODEN OWLS LIGHT GARLAND ", "Quantity": "192", "InvoiceDate": "01-12-2010 9:58", "UnitPrice": "3.37", "CustomerID": "16029", "Country": "United Kingdom"},
{"InvoiceNo": "536387", "StockCode": "22780", "Description": "LIGHT GARLAND BUTTERFILES PINK", "Quantity": "192", "InvoiceDate": "01-12-2010 9:58", "UnitPrice": "3.37", "CustomerID": "16029", "Country": "United Kingdom"},
{"InvoiceNo": "536387", "StockCode": "79321", "Description": "CHILLI LIGHTS", "Quantity": "192", "InvoiceDate": "01-12-2010 9:58", "UnitPrice": "3.82", "CustomerID": "16029", "Country": "United Kingdom"},
{"InvoiceNo": "536397", "StockCode": "35004B", "Description": "SET OF 3 BLACK FLYING DUCKS", "Quantity": "12", "InvoiceDate": "01-12-2010 10:51", "UnitPrice": "4.65", "CustomerID": "17924", "Country": "United Kingdom"},
{"InvoiceNo": "536397", "StockCode": "35004C", "Description": "SET OF 3 COLOURED  FLYING DUCKS", "Quantity": "48", "InvoiceDate": "01-12-2010 10:51", "UnitPrice": "4.65", "CustomerID": "17924", "Country": "United Kingdom"},
{"InvoiceNo": "536407", "StockCode": "22632", "Description": "HAND WARMER RED POLKA DOT", "Quantity": "6", "InvoiceDate": "01-12-2010 11:34", "UnitPrice": "1.85", "CustomerID": "17850", "Country": "United Kingdom"},
{"InvoiceNo": "536407", "StockCode": "22633", "Description": "HAND WARMER UNION JACK", "Quantity": "6", "InvoiceDate": "01-12-2010 11:34", "UnitPrice": "1.85", "CustomerID": "17850", "Country": "United Kingdom"},
{"InvoiceNo": "536437", "StockCode": "17021", "Description": "NAMASTE SWAGAT INCENSE", "Quantity": "600", "InvoiceDate": "01-12-2010 12:12", "UnitPrice": "0.24", "CustomerID": "13694", "Country": "United Kingdom"},
{"InvoiceNo": "536437", "StockCode": "21154", "Description": "RED RETROSPOT OVEN GLOVE ", "Quantity": "200", "InvoiceDate": "01-12-2010 12:12", "UnitPrice": "1.06", "CustomerID": "13694", "Country": "United Kingdom"},
{"InvoiceNo": "536437", "StockCode": "22059", "Description": "CERAMIC STRAWBERRY DESIGN MUG", "Quantity": "48", "InvoiceDate": "01-12-2010 12:12", "UnitPrice": "1.25", "CustomerID": "13694", "Country": "United Kingdom"},
{"InvoiceNo": "536437", "StockCode": "22188", "Description": "BLACK HEART CARD HOLDER", "Quantity": "36", "InvoiceDate": "01-12-2010 12:12", "UnitPrice": "3.39", "CustomerID": "13694", "Country": "United Kingdom"},
{"InvoiceNo": "536437", "StockCode": "22189", "Description": "CREAM HEART CARD HOLDER", "Quantity": "72", "InvoiceDate": "01-12-2010 12:12", "UnitPrice": "3.39", "CustomerID": "13694", "Country": "United Kingdom"},
{"InvoiceNo": "536437", "StockCode": "84678", "Description": "CLASSICAL ROSE SMALL VASE", "Quantity": "48", "InvoiceDate": "01-12-2010 12:12", "UnitPrice": "1.25", "CustomerID": "13694", "Country": "United Kingdom"},
{"InvoiceNo": "536477", "StockCode": "20977", "Description": "36 PENCILS TUBE WOODLAND", "Quantity": "16", "InvoiceDate": "01-12-2010 12:27", "UnitPrice": "1.25", "CustomerID": "16210", "Country": "United Kingdom"},
{"InvoiceNo": "536477", "StockCode": "20979", "Description": "36 PENCILS TUBE RED RETROSPOT", "Quantity": "16", "InvoiceDate": "01-12-2010 12:27", "UnitPrice": "1.25", "CustomerID": "16210", "Country": "United Kingdom"},
{"InvoiceNo": "536477", "StockCode": "21137", "Description": "BLACK RECORD COVER FRAME", "Quantity": "480", "InvoiceDate": "01-12-2010 12:27", "UnitPrice": "3.39", "CustomerID": "16210", "Country": "United Kingdom"},
{"InvoiceNo": "536477", "StockCode": "21314", "Description": "SMALL GLASS HEART TRINKET POT", "Quantity": "48", "InvoiceDate": "01-12-2010 12:27", "UnitPrice": "1.85", "CustomerID": "16210", "Country": "United Kingdom"},
{"InvoiceNo": "536477", "StockCode": "22041", "Description": "RECORD FRAME 7\" SINGLE SIZE ", "Quantity": "48", "InvoiceDate": "01-12-2010 12:27", "UnitPrice": "2.1", "CustomerID": "16210", "Country": "United Kingdom"},
{"InvoiceNo": "536477", "StockCode": "22411", "Description": "JUMBO SHOPPER VINTAGE RED PAISLEY", "Quantity": "10", "InvoiceDate": "01-12-2010 12:27", "UnitPrice": "1.95", "CustomerID": "16210", "Country": "United Kingdom"},
{"InvoiceNo": "536477", "StockCode": "22423", "Description": "REGENCY CAKESTAND 3 TIER", "Quantity": "16", "InvoiceDate": "01-12-2010 12:27", "UnitPrice": "10.95", "CustomerID": "16210", "Country": "United Kingdom"},
{"InvoiceNo": "536477", "StockCode": "22571", "Description": "ROCKING HORSE RED CHRISTMAS ", "Quantity": "96", "InvoiceDate": "01-12-2010 12:27", "UnitPrice": "0.72", "CustomerID": "16210", "Country": "United Kingdom"},
{"InvoiceNo": "536477", "StockCode": "22593", "Description": "CHRISTMAS GINGHAM STAR", "Quantity": "144", "InvoiceDate": "01-12-2010 12:27", "UnitPrice": "0.72", "CustomerID": "16210", "Country": "United Kingdom"},
{"InvoiceNo": "536477", "StockCode": "22595", "Description": "CHRISTMAS GINGHAM HEART", "Quantity": "144", "InvoiceDate": "01-12-2010 12:27", "UnitPrice": "0.72", "CustomerID": "16210", "Country": "United Kingdom"},
{"InvoiceNo": "536477", "StockCode": "22619", "Description": "SET OF 6 SOLDIER SKITTLES", "Quantity": "4", "InvoiceDate": "01-12-2010 12:27", "UnitPrice": "3.75", "CustomerID": "16210", "Country": "United Kingdom"},
{"InvoiceNo": "536477", "StockCode": "22632", "Description": "HAND WARMER RED RETROSPOT", "Quantity": "12", "InvoiceDate": "01-12-2010 12:27", "UnitPrice": "2.1", "CustomerID": "16210", "Country": "United Kingdom"},
{"InvoiceNo": "536477", "StockCode": "22633", "Description": "HAND WARMER UNION JACK", "Quantity": "12", "InvoiceDate": "01-12-2010 12:27", "UnitPrice": "2.1", "CustomerID": "16210", "Country": "United Kingdom"},
{"InvoiceNo": "536477", "StockCode": "84029E", "Description": "RED WOOLLY HOTTIE WHITE HEART.", "Quantity": "24", "InvoiceDate": "01-12-2010 12:27", "UnitPrice": "3.39", "CustomerID": "16210", "Country": "United Kingdom"},
{"InvoiceNo": "536527", "StockCode": "20712", "Description": "JUMBO BAG WOODLAND ANIMALS", "Quantity": "10", "InvoiceDate": "01-12-2010 13:04", "UnitPrice": "1.95", "CustomerID": "12662", "Country": "Germany"},
{"InvoiceNo": "536527", "StockCode": "20713", "Description": "JUMBO BAG OWLS", "Quantity": "10", "InvoiceDate": "01-12-2010 13:04", "UnitPrice": "1.95", "CustomerID": "12662", "Country": "Germany"},
{"InvoiceNo": "536527", "StockCode": "22242", "Description": "5 HOOK HANGER MAGIC TOADSTOOL", "Quantity": "12", "InvoiceDate": "01-12-2010 13:04", "UnitPrice": "1.65", "CustomerID": "12662", "Country": "Germany"},
{"InvoiceNo": "536527", "StockCode": "22243", "Description": "5 HOOK HANGER RED MAGIC TOADSTOOL", "Quantity": "12", "InvoiceDate": "01-12-2010 13:04", "UnitPrice": "1.65", "CustomerID": "12662", "Country": "Germany"},
{"InvoiceNo": "536527", "StockCode": "22244", "Description": "3 HOOK HANGER MAGIC GARDEN", "Quantity": "12", "InvoiceDate": "01-12-2010 13:04", "UnitPrice": "1.95", "CustomerID": "12662", "Country": "Germany"},
{"InvoiceNo": "536527", "StockCode": "22549", "Description": "PICTURE DOMINOES", "Quantity": "12", "InvoiceDate": "01-12-2010 13:04", "UnitPrice": "1.45", "CustomerID": "12662", "Country": "Germany"},
{"InvoiceNo": "536527", "StockCode": "22809", "Description": "SET OF 6 T-LIGHTS SANTA", "Quantity": "6", "InvoiceDate": "01-12-2010 13:04", "UnitPrice": "2.95", "CustomerID": "12662", "Country": "Germany"},
{"InvoiceNo": "536527", "StockCode": "22837", "Description": "HOT WATER BOTTLE BABUSHKA ", "Quantity": "4", "InvoiceDate": "01-12-2010 13:04", "UnitPrice": "4.65", "CustomerID": "12662", "Country": "Germany"},
{"InvoiceNo": "536527", "StockCode": "22969", "Description": "HOMEMADE JAM SCENTED CANDLES", "Quantity": "12", "InvoiceDate": "01-12-2010 13:04", "UnitPrice": "1.45", "CustomerID": "12662", "Country": "Germany"},
{"InvoiceNo": "536527", "StockCode": "22973", "Description": "CHILDREN'S CIRCUS PARADE MUG", "Quantity": "12", "InvoiceDate": "01-12-2010 13:04", "UnitPrice": "1.65", "CustomerID": "12662", "Country": "Germany"},
{"InvoiceNo": "536527", "StockCode": "47421", "Description": "ASSORTED COLOUR LIZARD SUCTION HOOK", "Quantity": "24", "InvoiceDate": "01-12-2010 13:04", "UnitPrice": "0.42", "CustomerID": "12662", "Country": "Germany"},
{"InvoiceNo": "536527", "StockCode": "84347", "Description": "ROTATING SILVER ANGELS T-LIGHT HLDR", "Quantity": "6", "InvoiceDate": "01-12-2010 13:04", "UnitPrice": "2.55", "CustomerID": "12662", "Country": "Germany"},
{"InvoiceNo": "536527", "StockCode": "84945", "Description": "MULTI COLOUR SILVER T-LIGHT HOLDER", "Quantity": "12", "InvoiceDate": "01-12-2010 13:04", "UnitPrice": "0.85", "CustomerID": "12662", "Country": "Germany"},
{"InvoiceNo": "536527", "StockCode": "84569B", "Description": "PACK 3 FIRE ENGINE/CAR PATCHES", "Quantity": "12", "InvoiceDate": "01-12-2010 13:04", "UnitPrice": "1.25", "CustomerID": "12662", "Country": "Germany"},
{"InvoiceNo": "536527", "StockCode": "POST", "Description": "POSTAGE", "Quantity": "1", "InvoiceDate": "01-12-2010 13:04", "UnitPrice": "18", "CustomerID": "12662", "Country": "Germany"},
{"InvoiceNo": "536537", "StockCode": "20867", "Description": "PINK ROSE FABRIC MIRROR", "Quantity": "36", "InvoiceDate": "01-12-2010 13:51", "UnitPrice": "1.25", "CustomerID": "15922", "Country": "United Kingdom"},
{"InvoiceNo": "536537", "StockCode": "21688", "Description": "SILVER PLATE CANDLE BOWL SMALL", "Quantity": "12", "InvoiceDate": "01-12-2010 13:51", "UnitPrice": "2.95", "CustomerID": "15922", "Country": "United Kingdom"},
{"InvoiceNo": "536537", "StockCode": "21694", "Description": "SMALL REGAL  SILVER CANDLEPOT ", "Quantity": "12", "InvoiceDate": "01-12-2010 13:51", "UnitPrice": "2.95", "CustomerID": "15922", "Country": "United Kingdom"},
{"InvoiceNo": "536537", "StockCode": "22183", "Description": "CAKE STAND VICTORIAN FILIGREE MED", "Quantity": "6", "InvoiceDate": "01-12-2010 13:51", "UnitPrice": "6.75", "CustomerID": "15922", "Country": "United Kingdom"},
{"InvoiceNo": "536537", "StockCode": "22277", "Description": "COSMETIC BAG VINTAGE ROSE PAISLEY", "Quantity": "36", "InvoiceDate": "01-12-2010 13:51", "UnitPrice": "2.1", "CustomerID": "15922", "Country": "United Kingdom"},
{"InvoiceNo": "536537", "StockCode": "22333", "Description": "RETROSPOT PARTY BAG + STICKER SET", "Quantity": "8", "InvoiceDate": "01-12-2010 13:51", "UnitPrice": "1.65", "CustomerID": "15922", "Country": "United Kingdom"},
{"InvoiceNo": "536537", "StockCode": "22423", "Description": "REGENCY CAKESTAND 3 TIER", "Quantity": "2", "InvoiceDate": "01-12-2010 13:51", "UnitPrice": "12.75", "CustomerID": "15922", "Country": "United Kingdom"},
{"InvoiceNo": "536537", "StockCode": "22781", "Description": "GUMBALL MAGAZINE RACK", "Quantity": "2", "InvoiceDate": "01-12-2010 13:51", "UnitPrice": "7.65", "CustomerID": "15922", "Country": "United Kingdom"},
{"InvoiceNo": "536537", "StockCode": "22798", "Description": "ANTIQUE GLASS DRESSING TABLE POT", "Quantity": "8", "InvoiceDate": "01-12-2010 13:51", "UnitPrice": "2.95", "CustomerID": "15922", "Country": "United Kingdom"},
{"InvoiceNo": "536537", "StockCode": "22800", "Description": "ANTIQUE TALL SWIRLGLASS TRINKET POT", "Quantity": "8", "InvoiceDate": "01-12-2010 13:51", "UnitPrice": "3.75", "CustomerID": "15922", "Country": "United Kingdom"},
{"InvoiceNo": "536537", "StockCode": "22801", "Description": "ANTIQUE GLASS PEDESTAL BOWL", "Quantity": "8", "InvoiceDate": "01-12-2010 13:51", "UnitPrice": "3.75", "CustomerID": "15922", "Country": "United Kingdom"},
{"InvoiceNo": "536547", "StockCode": "37509", "Description": "", "Quantity": "1", "InvoiceDate": "01-12-2010 14:33", "UnitPrice": "0", "CustomerID": "", "Country": "United Kingdom"},
{"InvoiceNo": "536557", "StockCode": "20616", "Description": "CHERRY BLOSSOM PASSPORT COVER", "Quantity": "2", "InvoiceDate": "01-12-2010 14:41", "UnitPrice": "2.1", "CustomerID": "17841", "Country": "United Kingdom"},
{"InvoiceNo": "536557", "StockCode": "20668", "Description": "DISCO BALL CHRISTMAS DECORATION", "Quantity": "24", "InvoiceDate": "01-12-2010 14:41", "UnitPrice": "0.12", "CustomerID": "17841", "Country": "United Kingdom"},
{"InvoiceNo": "536557", "StockCode": "20749", "Description": "ASSORTED COLOUR MINI CASES", "Quantity": "1", "InvoiceDate": "01-12-2010 14:41", "UnitPrice": "7.95", "CustomerID": "17841", "Country": "United Kingdom"},
{"InvoiceNo": "536557", "StockCode": "20963", "Description": "APPLE BATH SPONGE", "Quantity": "1", "InvoiceDate": "01-12-2010 14:41", "UnitPrice": "1.25", "CustomerID": "17841", "Country": "United Kingdom"},
{"InvoiceNo": "536557", "StockCode": "20972", "Description": "PINK CREAM FELT CRAFT TRINKET BOX ", "Quantity": "2", "InvoiceDate": "01-12-2010 14:41", "UnitPrice": "1.25", "CustomerID": "17841", "Country": "United Kingdom"},
{"InvoiceNo": "536557", "StockCode": "21041", "Description": "RED RETROSPOT OVEN GLOVE DOUBLE", "Quantity": "1", "InvoiceDate": "01-12-2010 14:41", "UnitPrice": "2.95", "CustomerID": "17841", "Country": "United Kingdom"},
{"InvoiceNo": "536557", "StockCode": "21098", "Description": "CHRISTMAS TOILET ROLL", "Quantity": "2", "InvoiceDate": "01-12-2010 14:41", "UnitPrice": "1.25", "CustomerID": "17841", "Country": "United Kingdom"},
{"InvoiceNo": "536557", "StockCode": "21258", "Description": "VICTORIAN SEWING BOX LARGE", "Quantity": "1", "InvoiceDate": "01-12-2010 14:41", "UnitPrice": "12.75", "CustomerID": "17841", "Country": "United Kingdom"},
{"InvoiceNo": "536557", "StockCode": "21259", "Description": "VICTORIAN SEWING BOX SMALL ", "Quantity": "4", "InvoiceDate": "01-12-2010 14:41", "UnitPrice": "5.95", "CustomerID": "17841", "Country": "United Kingdom"},
{"InvoiceNo": "536557", "StockCode": "21363", "Description": "HOME SMALL WOOD LETTERS", "Quantity": "1", "InvoiceDate": "01-12-2010 14:41", "UnitPrice": "4.95", "CustomerID": "17841", "Country": "United Kingdom"},
{"InvoiceNo": "536557", "StockCode": "21479", "Description": "WHITE SKULL HOT WATER BOTTLE ", "Quantity": "5", "InvoiceDate": "01-12-2010 14:41", "UnitPrice": "3.75", "CustomerID": "17841", "Country": "United Kingdom"},
{"InvoiceNo": "536557", "StockCode": "21485", "Description": "RETROSPOT HEART HOT WATER BOTTLE", "Quantity": "1", "InvoiceDate": "01-12-2010 14:41", "UnitPrice": "4.95", "CustomerID": "17841", "Country": "United Kingdom"},
{"InvoiceNo": "536557", "StockCode": "21485", "Description": "RETROSPOT HEART HOT WATER BOTTLE", "Quantity": "2", "InvoiceDate": "01-12-2010 14:41", "UnitPrice": "4.95", "CustomerID": "17841", "Country": "United Kingdom"},
{"InvoiceNo": "536557", "StockCode": "21486", "Description": "PINK HEART DOTS HOT WATER BOTTLE", "Quantity": "2", "InvoiceDate": "01-12-2010 14:41", "UnitPrice": "3.75", "CustomerID": "17841", "Country": "United Kingdom"},
{"InvoiceNo": "536557", "StockCode": "21495", "Description": "SKULLS AND CROSSBONES WRAP", "Quantity": "25", "InvoiceDate": "01-12-2010 14:41", "UnitPrice": "0.42", "CustomerID": "17841", "Country": "United Kingdom"},
{"InvoiceNo": "536557", "StockCode": "21670", "Description": "BLUE SPOT CERAMIC DRAWER KNOB", "Quantity": "6", "InvoiceDate": "01-12-2010 14:41", "UnitPrice": "1.25", "CustomerID": "17841", "Country": "United Kingdom"},
{"InvoiceNo": "536557", "StockCode": "21672", "Description": "WHITE SPOT RED CERAMIC DRAWER KNOB", "Quantity": "1", "InvoiceDate": "01-12-2010 14:41", "UnitPrice": "1.25", "CustomerID": "17841", "Country": "United Kingdom"},
{"InvoiceNo": "536557", "StockCode": "21935", "Description": "SUKI  SHOULDER BAG", "Quantity": "4", "InvoiceDate": "01-12-2010 14:41", "UnitPrice": "1.65", "CustomerID": "17841", "Country": "United Kingdom"},
{"InvoiceNo": "536557", "StockCode": "22041", "Description": "RECORD FRAME 7\" SINGLE SIZE ", "Quantity": "4", "InvoiceDate": "01-12-2010 14:41", "UnitPrice": "2.55", "CustomerID": "17841", "Country": "United Kingdom"},
{"InvoiceNo": "536557", "StockCode": "22111", "Description": "SCOTTIE DOG HOT WATER BOTTLE", "Quantity": "7", "InvoiceDate": "01-12-2010 14:41", "UnitPrice": "4.95", "CustomerID": "17841", "Country": "United Kingdom"},
{"InvoiceNo": "536557", "StockCode": "22112", "Description": "CHOCOLATE HOT WATER BOTTLE", "Quantity": "2", "InvoiceDate": "01-12-2010 14:41", "UnitPrice": "4.95", "CustomerID": "17841", "Country": "United Kingdom"},
{"InvoiceNo": "536557", "StockCode": "22114", "Description": "HOT WATER BOTTLE TEA AND SYMPATHY", "Quantity": "2", "InvoiceDate": "01-12-2010 14:41", "UnitPrice": "3.95", "CustomerID": "17841", "Country": "United Kingdom"},
{"InvoiceNo": "536557", "StockCode": "22114", "Description": "HOT WATER BOTTLE TEA AND SYMPATHY", "Quantity": "1", "InvoiceDate": "01-12-2010 14:41", "UnitPrice": "3.95", "CustomerID": "17841", "Country": "United Kingdom"},
{"InvoiceNo": "536557", "StockCode": "22173", "Description": "METAL 4 HOOK HANGER FRENCH CHATEAU", "Quantity": "1", "InvoiceDate": "01-12-2010 14:41", "UnitPrice": "2.95", "CustomerID": "17841", "Country": "United Kingdom"},
{"InvoiceNo": "536557", "StockCode": "22212", "Description": "FOUR HOOK  WHITE LOVEBIRDS", "Quantity": "1", "InvoiceDate": "01-12-2010 14:41", "UnitPrice": "2.1", "CustomerID": "17841", "Country": "United Kingdom"},
{"InvoiceNo": "536557", "StockCode": "22278", "Description": "OVERNIGHT BAG VINTAGE ROSE PAISLEY", "Quantity": "1", "InvoiceDate": "01-12-2010 14:41", "UnitPrice": "4.95", "CustomerID": "17841", "Country": "United Kingdom"},
{"InvoiceNo": "536557", "StockCode": "22451", "Description": "SILK PURSE BABUSHKA RED", "Quantity": "3", "InvoiceDate": "01-12-2010 14:41", "UnitPrice": "3.35", "CustomerID": "17841", "Country": "United Kingdom"},
{"InvoiceNo": "536557", "StockCode": "22468", "Description": "BABUSHKA LIGHTS STRING OF 10", "Quantity": "1", "InvoiceDate": "01-12-2010 14:41", "UnitPrice": "6.75", "CustomerID": "17841", "Country": "United Kingdom"},
{"InvoiceNo": "536557", "StockCode": "22470", "Description": "HEART OF WICKER LARGE", "Quantity": "2", "InvoiceDate": "01-12-2010 14:41", "UnitPrice": "2.95", "CustomerID": "17841", "Country": "United Kingdom"},
{"InvoiceNo": "536557", "StockCode": "22471", "Description": "TV DINNER TRAY AIR HOSTESS ", "Quantity": "1", "InvoiceDate": "01-12-2010 14:41", "UnitPrice": "4.95", "CustomerID": "17841", "Country": "United Kingdom"},
{"InvoiceNo": "536557", "StockCode": "22553", "Description": "PLASTERS IN TIN SKULLS", "Quantity": "1", "InvoiceDate": "01-12-2010 14:41", "UnitPrice": "1.65", "CustomerID": "17841", "Country": "United Kingdom"},
{"InvoiceNo": "536557", "StockCode": "22568", "Description": "FELTCRAFT CUSHION OWL", "Quantity": "1", "InvoiceDate": "01-12-2010 14:41", "UnitPrice": "3.75", "CustomerID": "17841", "Country": "United Kingdom"},
{"InvoiceNo": "536557", "StockCode": "22570", "Description": "FELTCRAFT CUSHION RABBIT", "Quantity": "1", "InvoiceDate": "01-12-2010 14:41", "UnitPrice": "3.75", "CustomerID": "17841", "Country": "United Kingdom"},
{"InvoiceNo": "536557", "StockCode": "22592", "Description": "CARDHOLDER HOLLY WREATH METAL", "Quantity": "1", "InvoiceDate": "01-12-2010 14:41", "UnitPrice": "3.75", "CustomerID": "17841", "Country": "United Kingdom"},
{"InvoiceNo": "536557", "StockCode": "22666", "Description": "RECIPE BOX PANTRY YELLOW DESIGN", "Quantity": "1", "InvoiceDate": "01-12-2010 14:41", "UnitPrice": "2.95", "CustomerID": "17841", "Country": "United Kingdom"},
{"InvoiceNo": "536557", "StockCode": "22667", "Description": "RECIPE BOX RETROSPOT ", "Quantity": "1", "InvoiceDate": "01-12-2010 14:41", "UnitPrice": "2.95", "CustomerID": "17841", "Country": "United Kingdom"},
{"InvoiceNo": "536557", "StockCode": "22678", "Description": "FRENCH BLUE METAL DOOR SIGN 3", "Quantity": "3", "InvoiceDate": "01-12-2010 14:41", "UnitPrice": "1.25", "CustomerID": "17841", "Country": "United Kingdom"},
{"InvoiceNo": "536557", "StockCode": "22686", "Description": "FRENCH BLUE METAL DOOR SIGN No", "Quantity": "1", "InvoiceDate": "01-12-2010 14:41", "UnitPrice": "1.25", "CustomerID": "17841", "Country": "United Kingdom"},
{"InvoiceNo": "536557", "StockCode": "22694", "Description": "WICKER STAR ", "Quantity": "2", "InvoiceDate": "01-12-2010 14:41", "UnitPrice": "2.1", "CustomerID": "17841", "Country": "United Kingdom"},
{"InvoiceNo": "536557", "StockCode": "22730", "Description": "ALARM CLOCK BAKELIKE IVORY", "Quantity": "1", "InvoiceDate": "01-12-2010 14:41", "UnitPrice": "3.75", "CustomerID": "17841", "Country": "United Kingdom"},
{"InvoiceNo": "536557", "StockCode": "22731", "Description": "3D CHRISTMAS STAMPS STICKERS ", "Quantity": "1", "InvoiceDate": "01-12-2010 14:41", "UnitPrice": "1.25", "CustomerID": "17841", "Country": "United Kingdom"},
{"InvoiceNo": "536557", "StockCode": "22753", "Description": "SMALL YELLOW BABUSHKA NOTEBOOK ", "Quantity": "9", "InvoiceDate": "01-12-2010 14:41", "UnitPrice": "0.85", "CustomerID": "17841", "Country": "United Kingdom"},
{"InvoiceNo": "536557", "StockCode": "22755", "Description": "SMALL PURPLE BABUSHKA NOTEBOOK ", "Quantity": "11", "InvoiceDate": "01-12-2010 14:41", "UnitPrice": "0.85", "CustomerID": "17841", "Country": "United Kingdom"},
{"InvoiceNo": "536557", "StockCode": "22785", "Description": "SQUARECUSHION COVER PINK UNION FLAG", "Quantity": "1", "InvoiceDate": "01-12-2010 14:41", "UnitPrice": "6.75", "CustomerID": "17841", "Country": "United Kingdom"},
{"InvoiceNo": "536557", "StockCode": "22786", "Description": "CUSHION COVER PINK UNION JACK", "Quantity": "2", "InvoiceDate": "01-12-2010 14:41", "UnitPrice": "5.95", "CustomerID": "17841", "Country": "United Kingdom"},
{"InvoiceNo": "536557", "StockCode": "22794", "Description": "SWEETHEART WIRE MAGAZINE RACK", "Quantity": "1", "InvoiceDate": "01-12-2010 14:41", "UnitPrice": "7.95", "CustomerID": "17841", "Country": "United Kingdom"},
{"InvoiceNo": "536557", "StockCode": "22795", "Description": "SWEETHEART RECIPE BOOK STAND", "Quantity": "2", "InvoiceDate": "01-12-2010 14:41", "UnitPrice": "6.75", "CustomerID": "17841", "Country": "United Kingdom"},
{"InvoiceNo": "536557", "StockCode": "22835", "Description": "HOT WATER BOTTLE I AM SO POORLY", "Quantity": "1", "InvoiceDate": "01-12-2010 14:41", "UnitPrice": "4.65", "CustomerID": "17841", "Country": "United Kingdom"},
{"InvoiceNo": "536557", "StockCode": "22837", "Description": "HOT WATER BOTTLE BABUSHKA ", "Quantity": "5", "InvoiceDate": "01-12-2010 14:41", "UnitPrice": "4.65", "CustomerID": "17841", "Country": "United Kingdom"},
{"InvoiceNo": "536557", "StockCode": "22941", "Description": "CHRISTMAS LIGHTS 10 REINDEER", "Quantity": "1", "InvoiceDate": "01-12-2010 14:41", "UnitPrice": "8.5", "CustomerID": "17841", "Country": "United Kingdom"},
{"InvoiceNo": "536557", "StockCode": "22953", "Description": "BIRTHDAY PARTY CORDON BARRIER TAPE", "Quantity": "1", "InvoiceDate": "01-12-2010 14:41", "UnitPrice": "1.25", "CustomerID": "17841", "Country": "United Kingdom"},
{"InvoiceNo": "536557", "StockCode": "79321", "Description": "CHILLI LIGHTS", "Quantity": "24", "InvoiceDate": "01-12-2010 14:41", "UnitPrice": "4.25", "CustomerID": "17841", "Country": "United Kingdom"},
{"InvoiceNo": "536557", "StockCode": "82484", "Description": "WOOD BLACK BOARD ANT WHITE FINISH", "Quantity": "1", "InvoiceDate": "01-12-2010 14:41", "UnitPrice": "6.45", "CustomerID": "17841", "Country": "United Kingdom"},
{"InvoiceNo": "536557", "StockCode": "84352", "Description": "SILVER CHRISTMAS TREE BAUBLE STAND ", "Quantity": "1", "InvoiceDate": "01-12-2010 14:41", "UnitPrice": "16.95", "CustomerID": "17841", "Country": "United Kingdom"},
{"InvoiceNo": "536557", "StockCode": "84685", "Description": "BEACH HUT KEY CABINET", "Quantity": "1", "InvoiceDate": "01-12-2010 14:41", "UnitPrice": "3.75", "CustomerID": "17841", "Country": "United Kingdom"},
{"InvoiceNo": "536557", "StockCode": "84920", "Description": "PINK FLOWER FABRIC PONY", "Quantity": "1", "InvoiceDate": "01-12-2010 14:41", "UnitPrice": "3.75", "CustomerID": "17841", "Country": "United Kingdom"},
{"InvoiceNo": "536557", "StockCode": "85064", "Description": "CREAM SWEETHEART LETTER RACK", "Quantity": "2", "InvoiceDate": "01-12-2010 14:41", "UnitPrice": "5.45", "CustomerID": "17841", "Country": "United Kingdom"},
{"InvoiceNo": "536557", "StockCode": "46000R", "Description": "POLYESTER FILLER PAD 45x30cm", "Quantity": "2", "InvoiceDate": "01-12-2010 14:41", "UnitPrice": "1.45", "CustomerID": "17841", "Country": "United Kingdom"},
{"InvoiceNo": "536557", "StockCode": "46000S", "Description": "POLYESTER FILLER PAD 40x40cm", "Quantity": "1", "InvoiceDate": "01-12-2010 14:41", "UnitPrice": "1.45", "CustomerID": "17841", "Country": "United Kingdom"},
{"InvoiceNo": "536557", "StockCode": "79066K", "Description": "RETRO MOD TRAY", "Quantity": "1", "InvoiceDate": "01-12-2010 14:41", "UnitPrice": "0.85", "CustomerID": "17841", "Country": "United Kingdom"},
{"InvoiceNo": "536557", "StockCode": "84029E", "Description": "RED WOOLLY HOTTIE WHITE HEART.", "Quantity": "1", "InvoiceDate": "01-12-2010 14:41", "UnitPrice": "3.75", "CustomerID": "17841", "Country": "United Kingdom"},
{"InvoiceNo": "536557", "StockCode": "84029G", "Description": "KNITTED UNION FLAG HOT WATER BOTTLE", "Quantity": "2", "InvoiceDate": "01-12-2010 14:41", "UnitPrice": "3.75", "CustomerID": "17841", "Country": "United Kingdom"},
{"InvoiceNo": "536557", "StockCode": "84508A", "Description": "CAMOUFLAGE DESIGN TEDDY", "Quantity": "1", "InvoiceDate": "01-12-2010 14:41", "UnitPrice": "2.55", "CustomerID": "17841", "Country": "United Kingdom"},
{"InvoiceNo": "536557", "StockCode": "85232B", "Description": "SET OF 3 BABUSHKA STACKING TINS", "Quantity": "1", "InvoiceDate": "01-12-2010 14:41", "UnitPrice": "4.95", "CustomerID": "17841", "Country": "United Kingdom"},
{"InvoiceNo": "536557", "StockCode": "85232B", "Description": "SET OF 3 BABUSHKA STACKING TINS", "Quantity": "1", "InvoiceDate": "01-12-2010 14:41", "UnitPrice": "4.95", "CustomerID": "17841", "Country": "United Kingdom"},
{"InvoiceNo": "536567", "StockCode": "21231", "Description": "SWEETHEART CERAMIC TRINKET BOX", "Quantity": "12", "InvoiceDate": "01-12-2010 15:27", "UnitPrice": "1.25", "CustomerID": "16048", "Country": "United Kingdom"},
{"InvoiceNo": "536567", "StockCode": "22632", "Description": "HAND WARMER RED RETROSPOT", "Quantity": "24", "InvoiceDate": "01-12-2010 15:27", "UnitPrice": "2.1", "CustomerID": "16048", "Country": "United Kingdom"},
{"InvoiceNo": "536567", "StockCode": "22645", "Description": "CERAMIC HEART FAIRY CAKE MONEY BANK", "Quantity": "12", "InvoiceDate": "01-12-2010 15:27", "UnitPrice": "1.45", "CustomerID": "16048", "Country": "United Kingdom"},
{"InvoiceNo": "536567", "StockCode": "22646", "Description": "CERAMIC STRAWBERRY CAKE MONEY BANK", "Quantity": "12", "InvoiceDate": "01-12-2010 15:27", "UnitPrice": "1.45", "CustomerID": "16048", "Country": "United Kingdom"},
{"InvoiceNo": "536567", "StockCode": "22865", "Description": "HAND WARMER OWL DESIGN", "Quantity": "24", "InvoiceDate": "01-12-2010 15:27", "UnitPrice": "2.1", "CustomerID": "16048", "Country": "United Kingdom"},
{"InvoiceNo": "536567", "StockCode": "22866", "Description": "HAND WARMER SCOTTY DOG DESIGN", "Quantity": "24", "InvoiceDate": "01-12-2010 15:27", "UnitPrice": "2.1", "CustomerID": "16048", "Country": "United Kingdom"},
{"InvoiceNo": "536567", "StockCode": "22867", "Description": "HAND WARMER BIRD DESIGN", "Quantity": "24", "InvoiceDate": "01-12-2010 15:27", "UnitPrice": "2.1", "CustomerID": "16048", "Country": "United Kingdom"},
{"InvoiceNo": "536577", "StockCode": "20725", "Description": "LUNCH BAG RED RETROSPOT", "Quantity": "60", "InvoiceDate": "01-12-2010 16:13", "UnitPrice": "1.45", "CustomerID": "13777", "Country": "United Kingdom"},
{"InvoiceNo": "536577", "StockCode": "21232", "Description": "STRAWBERRY CERAMIC TRINKET BOX", "Quantity": "144", "InvoiceDate": "01-12-2010 16:13", "UnitPrice": "1.25", "CustomerID": "13777", "Country": "United Kingdom"},
{"InvoiceNo": "536577", "StockCode": "22147", "Description": "FELTCRAFT BUTTERFLY HEARTS", "Quantity": "40", "InvoiceDate": "01-12-2010 16:13", "UnitPrice": "1.25", "CustomerID": "13777", "Country": "United Kingdom"},
{"InvoiceNo": "536577", "StockCode": "22646", "Description": "CERAMIC STRAWBERRY CAKE MONEY BANK", "Quantity": "144", "InvoiceDate": "01-12-2010 16:13", "UnitPrice": "1.25", "CustomerID": "13777", "Country": "United Kingdom"},
{"InvoiceNo": "536587", "StockCode": "16237", "Description": "SLEEPING CAT ERASERS", "Quantity": "30", "InvoiceDate": "01-12-2010 16:33", "UnitPrice": "0.21", "CustomerID": "14142", "Country": "United Kingdom"},
{"InvoiceNo": "536587", "StockCode": "17003", "Description": "BROCADE RING PURSE ", "Quantity": "36", "InvoiceDate": "01-12-2010 16:33", "UnitPrice": "0.21", "CustomerID": "14142", "Country": "United Kingdom"},
{"InvoiceNo": "536587", "StockCode": "21098", "Description": "CHRISTMAS TOILET ROLL", "Quantity": "12", "InvoiceDate": "01-12-2010 16:33", "UnitPrice": "1.25", "CustomerID": "14142", "Country": "United Kingdom"},
{"InvoiceNo": "536587", "StockCode": "21108", "Description": "FAIRY CAKE FLANNEL ASSORTED COLOUR", "Quantity": "9", "InvoiceDate": "01-12-2010 16:33", "UnitPrice": "2.55", "CustomerID": "14142", "Country": "United Kingdom"},
{"InvoiceNo": "536587", "StockCode": "21232", "Description": "STRAWBERRY CERAMIC TRINKET BOX", "Quantity": "12", "InvoiceDate": "01-12-2010 16:33", "UnitPrice": "1.25", "CustomerID": "14142", "Country": "United Kingdom"},
{"InvoiceNo": "536587", "StockCode": "21790", "Description": "VINTAGE SNAP CARDS", "Quantity": "12", "InvoiceDate": "01-12-2010 16:33", "UnitPrice": "0.85", "CustomerID": "14142", "Country": "United Kingdom"},
{"InvoiceNo": "536587", "StockCode": "21982", "Description": "PACK OF 12 SUKI TISSUES ", "Quantity": "24", "InvoiceDate": "01-12-2010 16:33", "UnitPrice": "0.29", "CustomerID": "14142", "Country": "United Kingdom"},
{"InvoiceNo": "536587", "StockCode": "21986", "Description": "PACK OF 12 PINK POLKADOT TISSUES", "Quantity": "24", "InvoiceDate": "01-12-2010 16:33", "UnitPrice": "0.29", "CustomerID": "14142", "Country": "United Kingdom"},
{"InvoiceNo": "536587", "StockCode": "22114", "Description": "HOT WATER BOTTLE TEA AND SYMPATHY", "Quantity": "4", "InvoiceDate": "01-12-2010 16:33", "UnitPrice": "3.95", "CustomerID": "14142", "Country": "United Kingdom"},
{"InvoiceNo": "536587", "StockCode": "22355", "Description": "CHARLOTTE BAG SUKI DESIGN", "Quantity": "10", "InvoiceDate": "01-12-2010 16:33", "UnitPrice": "0.85", "CustomerID": "14142", "Country": "United Kingdom"},
{"InvoiceNo": "536587", "StockCode": "22421", "Description": "LIPSTICK PEN FUSCHIA", "Quantity": "12", "InvoiceDate": "01-12-2010 16:33", "UnitPrice": "0.42", "CustomerID": "14142", "Country": "United Kingdom"},
{"InvoiceNo": "536587", "StockCode": "22449", "Description": "SILK PURSE BABUSHKA PINK", "Quantity": "6", "InvoiceDate": "01-12-2010 16:33", "UnitPrice": "3.35", "CustomerID": "14142", "Country": "United Kingdom"},
{"InvoiceNo": "536587", "StockCode": "22466", "Description": "FAIRY TALE COTTAGE NIGHTLIGHT", "Quantity": "12", "InvoiceDate": "01-12-2010 16:33", "UnitPrice": "1.95", "CustomerID": "14142", "Country": "United Kingdom"},
{"InvoiceNo": "536587", "StockCode": "22531", "Description": "MAGIC DRAWING SLATE CIRCUS PARADE  ", "Quantity": "24", "InvoiceDate": "01-12-2010 16:33", "UnitPrice": "0.42", "CustomerID": "14142", "Country": "United Kingdom"},
{"InvoiceNo": "536587", "StockCode": "22540", "Description": "MINI JIGSAW CIRCUS PARADE ", "Quantity": "24", "InvoiceDate": "01-12-2010 16:33", "UnitPrice": "0.42", "CustomerID": "14142", "Country": "United Kingdom"},
{"InvoiceNo": "536587", "StockCode": "22548", "Description": "HEADS AND TAILS SPORTING FUN", "Quantity": "12", "InvoiceDate": "01-12-2010 16:33", "UnitPrice": "1.25", "CustomerID": "14142", "Country": "United Kingdom"},
{"InvoiceNo": "536587", "StockCode": "22646", "Description": "CERAMIC STRAWBERRY CAKE MONEY BANK", "Quantity": "12", "InvoiceDate": "01-12-2010 16:33", "UnitPrice": "1.45", "CustomerID": "14142", "Country": "United Kingdom"},
{"InvoiceNo": "536587", "StockCode": "22743", "Description": "MAKE YOUR OWN FLOWERPOWER CARD KIT", "Quantity": "6", "InvoiceDate": "01-12-2010 16:33", "UnitPrice": "2.95", "CustomerID": "14142", "Country": "United Kingdom"},
{"InvoiceNo": "536587", "StockCode": "22744", "Description": "MAKE YOUR OWN MONSOON CARD KIT", "Quantity": "6", "InvoiceDate": "01-12-2010 16:33", "UnitPrice": "2.95", "CustomerID": "14142", "Country": "United Kingdom"},
{"InvoiceNo": "536587", "StockCode": "22752", "Description": "SET 7 BABUSHKA NESTING BOXES", "Quantity": "2", "InvoiceDate": "01-12-2010 16:33", "UnitPrice": "8.5", "CustomerID": "14142", "Country": "United Kingdom"},
{"InvoiceNo": "536587", "StockCode": "22867", "Description": "HAND WARMER BIRD DESIGN", "Quantity": "12", "InvoiceDate": "01-12-2010 16:33", "UnitPrice": "2.1", "CustomerID": "14142", "Country": "United Kingdom"},
{"InvoiceNo": "536587", "StockCode": "37448", "Description": "CERAMIC CAKE DESIGN SPOTTED MUG", "Quantity": "12", "InvoiceDate": "01-12-2010 16:33", "UnitPrice": "1.49", "CustomerID": "14142", "Country": "United Kingdom"},
{"InvoiceNo": "536597", "StockCode": "20682", "Description": "RED RETROSPOT CHILDRENS UMBRELLA", "Quantity": "1", "InvoiceDate": "01-12-2010 17:35", "UnitPrice": "3.25", "CustomerID": "18011", "Country": "United Kingdom"},
{"InvoiceNo": "536597", "StockCode": "20726", "Description": "LUNCH BAG WOODLAND", "Quantity": "1", "InvoiceDate": "01-12-2010 17:35", "UnitPrice": "1.65", "CustomerID": "18011", "Country": "United Kingdom"},
{"InvoiceNo": "536597", "StockCode": "20755", "Description": "BLUE PAISLEY POCKET BOOK", "Quantity": "6", "InvoiceDate": "01-12-2010 17:35", "UnitPrice": "0.85", "CustomerID": "18011", "Country": "United Kingdom"},
{"InvoiceNo": "536597", "StockCode": "21221", "Description": "SET/4 BADGES CUTE CREATURES", "Quantity": "5", "InvoiceDate": "01-12-2010 17:35", "UnitPrice": "1.25", "CustomerID": "18011", "Country": "United Kingdom"},
{"InvoiceNo": "536597", "StockCode": "21380", "Description": "WOODEN HAPPY BIRTHDAY GARLAND", "Quantity": "1", "InvoiceDate": "01-12-2010 17:35", "UnitPrice": "2.95", "CustomerID": "18011", "Country": "United Kingdom"},
{"InvoiceNo": "536597", "StockCode": "21703", "Description": "BAG 125g SWIRLY MARBLES", "Quantity": "4", "InvoiceDate": "01-12-2010 17:35", "UnitPrice": "0.42", "CustomerID": "18011", "Country": "United Kingdom"},
{"InvoiceNo": "536597", "StockCode": "21704", "Description": "BAG 250g SWIRLY MARBLES", "Quantity": "1", "InvoiceDate": "01-12-2010 17:35", "UnitPrice": "0.85", "CustomerID": "18011", "Country": "United Kingdom"},
{"InvoiceNo": "536597", "StockCode": "21705", "Description": "BAG 500g SWIRLY MARBLES", "Quantity": "2", "InvoiceDate": "01-12-2010 17:35", "UnitPrice": "1.65", "CustomerID": "18011", "Country": "United Kingdom"},
{"InvoiceNo": "536597", "StockCode": "21709", "Description": "FOLDING UMBRELLA CHOCOLATE POLKADOT", "Quantity": "1", "InvoiceDate": "01-12-2010 17:35", "UnitPrice": "4.95", "CustomerID": "18011", "Country": "United Kingdom"},
{"InvoiceNo": "536597", "StockCode": "21739", "Description": "COSY SLIPPER SHOES SMALL GREEN", "Quantity": "1", "InvoiceDate": "01-12-2010 17:35", "UnitPrice": "2.95", "CustomerID": "18011", "Country": "United Kingdom"},
{"InvoiceNo": "536597", "StockCode": "22086", "Description": "PAPER CHAIN KIT 50'S CHRISTMAS ", "Quantity": "1", "InvoiceDate": "01-12-2010 17:35", "UnitPrice": "2.95", "CustomerID": "18011", "Country": "United Kingdom"},
{"InvoiceNo": "536597", "StockCode": "22197", "Description": "SMALL POPCORN HOLDER", "Quantity": "6", "InvoiceDate": "01-12-2010 17:35", "UnitPrice": "0.85", "CustomerID": "18011", "Country": "United Kingdom"},
{"InvoiceNo": "536597", "StockCode": "22220", "Description": "CAKE STAND LOVEBIRD 2 TIER WHITE", "Quantity": "1", "InvoiceDate": "01-12-2010 17:35", "UnitPrice": "9.95", "CustomerID": "18011", "Country": "United Kingdom"},
{"InvoiceNo": "536597", "StockCode": "22384", "Description": "LUNCH BAG PINK POLKADOT", "Quantity": "1", "InvoiceDate": "01-12-2010 17:35", "UnitPrice": "1.65", "CustomerID": "18011", "Country": "United Kingdom"},
{"InvoiceNo": "536597", "StockCode": "22583", "Description": "PACK OF 6 HANDBAG GIFT BOXES", "Quantity": "2", "InvoiceDate": "01-12-2010 17:35", "UnitPrice": "2.55", "CustomerID": "18011", "Country": "United Kingdom"},
{"InvoiceNo": "536597", "StockCode": "22731", "Description": "3D CHRISTMAS STAMPS STICKERS ", "Quantity": "1", "InvoiceDate": "01-12-2010 17:35", "UnitPrice": "1.25", "CustomerID": "18011", "Country": "United Kingdom"},
{"InvoiceNo": "536597", "StockCode": "22909", "Description": "SET OF 20 VINTAGE CHRISTMAS NAPKINS", "Quantity": "1", "InvoiceDate": "01-12-2010 17:35", "UnitPrice": "0.85", "CustomerID": "18011", "Country": "United Kingdom"},
{"InvoiceNo": "536597", "StockCode": "22910", "Description": "PAPER CHAIN KIT VINTAGE CHRISTMAS", "Quantity": "1", "InvoiceDate": "01-12-2010 17:35", "UnitPrice": "2.95", "CustomerID": "18011", "Country": "United Kingdom"},
{"InvoiceNo": "536597", "StockCode": "22952", "Description": "60 CAKE CASES VINTAGE CHRISTMAS", "Quantity": "4", "InvoiceDate": "01-12-2010 17:35", "UnitPrice": "0.55", "CustomerID": "18011", "Country": "United Kingdom"},
{"InvoiceNo": "536597", "StockCode": "40001", "Description": "WHITE BAMBOO RIBS LAMPSHADE", "Quantity": "4", "InvoiceDate": "01-12-2010 17:35", "UnitPrice": "0.85", "CustomerID": "18011", "Country": "United Kingdom"},
{"InvoiceNo": "536597", "StockCode": "72818", "Description": "CHRISTMAS DECOUPAGE CANDLE", "Quantity": "4", "InvoiceDate": "01-12-2010 17:35", "UnitPrice": "0.85", "CustomerID": "18011", "Country": "United Kingdom"},
{"InvoiceNo": "536597", "StockCode": "84744", "Description": "S/6 SEW ON CROCHET FLOWERS", "Quantity": "1", "InvoiceDate": "01-12-2010 17:35", "UnitPrice": "1.25", "CustomerID": "18011", "Country": "United Kingdom"},
{"InvoiceNo": "536597", "StockCode": "35271S", "Description": "GOLD PRINT PAPER BAG", "Quantity": "14", "InvoiceDate": "01-12-2010 17:35", "UnitPrice": "0.19", "CustomerID": "18011", "Country": "United Kingdom"},
{"InvoiceNo": "536597", "StockCode": "72798C", "Description": "SET/4 GARDEN ROSE DINNER CANDLE", "Quantity": "1", "InvoiceDate": "01-12-2010 17:35", "UnitPrice": "1.65", "CustomerID": "18011", "Country": "United Kingdom"},
{"InvoiceNo": "536597", "StockCode": "72802C", "Description": "VANILLA SCENT CANDLE JEWELLED BOX", "Quantity": "3", "InvoiceDate": "01-12-2010 17:35", "UnitPrice": "4.25", "CustomerID": "18011", "Country": "United Kingdom"},
{"InvoiceNo": "536597", "StockCode": "72803A", "Description": "ROSE SCENT CANDLE JEWELLED DRAWER", "Quantity": "1", "InvoiceDate": "01-12-2010 17:35", "UnitPrice": "4.25", "CustomerID": "18011", "Country": "United Kingdom"},
{"InvoiceNo": "536597", "StockCode": "85034A", "Description": "3 GARDENIA MORRIS BOXED CANDLES", "Quantity": "1", "InvoiceDate": "01-12-2010 17:35", "UnitPrice": "4.25", "CustomerID": "18011", "Country": "United Kingdom"},
{"InvoiceNo": "536597", "StockCode": "85035C", "Description": "ROSE 3 WICK MORRIS BOX CANDLE", "Quantity": "1", "InvoiceDate": "01-12-2010 17:35", "UnitPrice": "4.25", "CustomerID": "18011", "Country": "United Kingdom"}
]