[{"InvoiceNo": "536371", "StockCode": "22086", "Description": "PAPER CHAIN KIT 50'S CHRISTMAS ", "Quantity": "80", "InvoiceDate": "01-12-2010 9:00", "UnitPrice": "2.55", "CustomerID": "13748", "Country": "United Kingdom"},
{"InvoiceNo": "536381", "StockCode": "21166", "Description": "COOK WITH WINE METAL SIGN ", "Quantity": "1", "InvoiceDate": "01-12-2010 9:41", "UnitPrice": "1.95", "CustomerID": "15311", "Country": "United Kingdom"},
{"InvoiceNo": "536381", "StockCode": "21169", "Description": "YOU'RE CONFUSING ME METAL SIGN ", "Quantity": "3", "InvoiceDate": "01-12-2010 9:41", "UnitPrice": "1.69", "CustomerID": "15311", "Country": "United Kingdom"},
{"InvoiceNo": "536381", "StockCode": "21175", "Description": "GIN + TONIC DIET METAL SIGN", "Quantity": "2", "InvoiceDate": "01-12-2010 9:41", "UnitPrice": "2.1", "CustomerID": "15311", "Country": "United Kingdom"},
{"InvoiceNo": "536381", "StockCode": "21523", "Description": "DOORMAT FANCY FONT HOME SWEET HOME", "Quantity": "10", "InvoiceDate": "01-12-2010 9:41", "UnitPrice": "6.75", "CustomerID": "15311", "Country": "United Kingdom"},
{"InvoiceNo": "536381", "StockCode": "21533", "Description": "RETROSPOT LARGE MILK JUG", "Quantity": "1", "InvoiceDate": "01-12-2010 9:41", "UnitPrice": "4.95", "CustomerID": "15311", "Country": "United Kingdom"},
{"InvoiceNo": "536381", "StockCode": "21557", "Description": "SET OF 6 FUNKY BEAKERS", "Quantity": "2", "InvoiceDate": "01-12-2010 9:41", "UnitPrice": "2.95", "CustomerID": "15311", "Country": "United Kingdom"},
{"InvoiceNo": "536381", "StockCode": "21672", "Description": "WHITE SPOT RED CERAMIC DRAWER KNOB", "Quantity": "6", "InvoiceDate": "01-12-2010 9:41", "UnitPrice": "1.25", "CustomerID": "15311", "Country": "United Kingdom"},
{"InvoiceNo": "536381", "StockCode": "21731", "Description": "RED TOADSTOOL LED NIGHT LIGHT", "Quantity": "2", "InvoiceDate": "01-12-2010 9:41", "UnitPrice": "1.65", "CustomerID": "15311", "Country": "United Kingdom"},
{"InvoiceNo": "536381", "StockCode": "21934", "Description": "SKULL SHOULDER BAG", "Quantity": "10", "InvoiceDate": "01-12-2010 9:41", "UnitPrice": "1.65", "CustomerID": "15311", "Country": "United Kingdom"},
{"InvoiceNo": "536381", "StockCode": "22083", "Description": "PAPER CHAIN KIT RETROSPOT", "Quantity": "1", "InvoiceDate": "01-12-2010 9:41", "UnitPrice": "2.95", "CustomerID": "15311", "Country": "United Kingdom"},
{"InvoiceNo": "536381", "StockCode": "22086", "Description": "PAPER CHAIN KIT 50'S CHRISTMAS ", "Quantity": "4", "InvoiceDate": "01-12-2010 9:41", "UnitPrice": "2.95", "CustomerID": "15311", "Country": "United Kingdom"},
{"InvoiceNo": "536381", "StockCode": "22139", "Description": "RETROSPOT TEA SET CERAMIC 11 PC ", "Quantity": "23", "InvoiceDate": "01-12-2010 9:41", "UnitPrice": "4.25", "CustomerID": "15311", "Country": "United Kingdom"},
{"InvoiceNo": "536381", "StockCode": "22176", "Description": "BLUE OWL SOFT TOY", "Quantity": "1", "InvoiceDate": "01-12-2010 9:41", "UnitPrice": "2.95", "CustomerID": "15311", "Country": "United Kingdom"},
{"InvoiceNo": "536381", "StockCode": "22261", "Description": "FELT EGG COSY WHITE RABBIT ", "Quantity": "1", "InvoiceDate": "01-12-2010 9:41", "UnitPrice": "0.85", "CustomerID": "15311", "Country": "United Kingdom"},
{"InvoiceNo": "536381", "StockCode": "22262", "Description": "FELT EGG COSY CHICKEN", "Quantity": "1", "InvoiceDate": "01-12-2010 9:41", "UnitPrice": "0.85", "CustomerID": "15311", "Country": "United Kingdom"},
{"InvoiceNo": "536381", "StockCode": "22411", "Description": "JUMBO SHOPPER VINTAGE RED PAISLEY", "Quantity": "10", "InvoiceDate": "01-12-2010 9:41", "UnitPrice": "1.95", "CustomerID": "15311", "Country": "United Kingdom"},
{"InvoiceNo": "536381", "StockCode": "22438", "Description": "BALLOON ART MAKE YOUR OWN FLOWERS", "Quantity": "1", "InvoiceDate": "01-12-2010 9:41", "UnitPrice": "1.95", "CustomerID": "15311", "Country": "United Kingdom"},
{"InvoiceNo": "536381", "StockCode": "22637", "Description": "PIGGY BANK RETROSPOT ", "Quantity": "1", "InvoiceDate": "01-12-2010 9:41", "UnitPrice": "2.55", "CustomerID": "15311", "Country": "United Kingdom"},
{"InvoiceNo": "536381", "StockCode": "22644", "Description": "CERAMIC CHERRY CAKE MONEY BANK", "Quantity": "1", "InvoiceDate": "01-12-2010 9:41", "UnitPrice": "1.45", "CustomerID": "15311", "Country": "United Kingdom"},
{"InvoiceNo": "536381", "StockCode": "22646", "Description": "CERAMIC STRAWBERRY CAKE MONEY BANK", "Quantity": "4", "InvoiceDate": "01-12-2010 9:41", "UnitPrice": "1.45", "CustomerID": "15311", "Country": "United Kingdom"},
{"InvoiceNo": "536381", "StockCode": "22719", "Description": "GUMBALL MONOCHROME COAT RACK", "Quantity": "36", "InvoiceDate": "01-12-2010 9:41", "UnitPrice": "1.06", "CustomerID": "15311", "Country": "United Kingdom"},
{"InvoiceNo": "536381", "StockCode": "22771", "Description": "CLEAR DRAWER KNOB ACRYLIC EDWARDIAN", "Quantity": "24", "InvoiceDate": "01-12-2010 9:41", "UnitPrice": "1.25", "CustomerID": "15311", "Country": "United Kingdom"},
{"InvoiceNo": "536381", "StockCode": "22774", "Description": "RED DRAWER KNOB ACRYLIC EDWARDIAN", "Quantity": "24", "InvoiceDate": "01-12-2010 9:41", "UnitPrice": "1.25", "CustomerID": "15311", "Country": "United Kingdom"},
{"InvoiceNo": "536381", "StockCode": "22778", "Description": "GLASS CLOCHE SMALL", "Quantity": "3", "InvoiceDate": "01-12-2010 9:41", "UnitPrice": "3.95", "CustomerID": "15311", "Country": "United Kingdom"},
{"InvoiceNo": "536381", "StockCode": "47580", "Description": "TEA TIME DES TEA COSY", "Quantity": "2", "InvoiceDate": "01-12-2010 9:41", "UnitPrice": "2.55", "CustomerID": "15311", "Country": "United Kingdom"},
{"InvoiceNo": "536381", "StockCode": "71270", "Description": "PHOTO CLIP LINE", "Quantity": "1", "InvoiceDate": "01-12-2010 9:41", "UnitPrice": "1.25", "CustomerID": "15311", "Country": "United Kingdom"},
{"InvoiceNo": "536381", "StockCode": "71270", "Description": "PHOTO CLIP LINE", "Quantity": "3", "InvoiceDate": "01-12-2010 9:41", "UnitPrice": "1.25", "CustomerID": "15311", "Country": "United Kingdom"},
{"InvoiceNo": "536381", "StockCode": "82567", "Description": "AIRLINE LOUNGE,METAL SIGN", "Quantity": "2", "InvoiceDate": "01-12-2010 9:41", "UnitPrice": "2.1", "CustomerID": "15311", "Country": "United Kingdom"},
{"InvoiceNo": "536381", "StockCode": "84832", "Description": "ZINC WILLIE WINKIE  CANDLE STICK", "Quantity": "1", "InvoiceDate": "01-12-2010 9:41", "UnitPrice": "0.85", "CustomerID": "15311", "Country": "United Kingdom"},
{"InvoiceNo": "536381", "StockCode": "84854", "Description": "GIRLY PINK TOOL SET", "Quantity": "5", "InvoiceDate": "01-12-2010 9:41", "UnitPrice": "4.95", "CustomerID": "15311", "Country": "United Kingdom"},
{"InvoiceNo": "536381", "StockCode": "15056BL", "Description": "EDWARDIAN PARASOL BLACK", "Quantity": "2", "InvoiceDate": "01-12-2010 9:41", "UnitPrice": "5.95", "CustomerID": "15311", "Country": "United Kingdom"},
{"InvoiceNo": "536381", "StockCode": "15056N", "Description": "EDWARDIAN PARASOL NATURAL", "Quantity": "2", "InvoiceDate": "01-12-2010 9:41", "UnitPrice": "5.95", "CustomerID": "15311", "Country": "United Kingdom"},
{"InvoiceNo": "536381", "StockCode": "37444A", "Description": "YELLOW BREAKFAST CUP AND SAUCER", "Quantity": "1", "InvoiceDate": "01-12-2010 9:41", "UnitPrice": "2.95", "CustomerID": "15311", "Country": "United Kingdom"},
{"InvoiceNo": "536381", "StockCode": "37444C", "Description": "PINK BREAKFAST CUP AND SAUCER ", "Quantity": "1", "InvoiceDate": "01-12-2010 9:41", "UnitPrice": "2.95", "CustomerID": "15311", "Country": "United Kingdom"},
{"InvoiceNo": "536381", "StockCode": "84971S", "Description": "SMALL HEART FLOWERS HOOK ", "Quantity": "6", "InvoiceDate": "01-12-2010 9:41", "UnitPrice": "0.85", "CustomerID": "15311", "Country": "United Kingdom"},
{"InvoiceNo": "C536391", "StockCode": "21484", "Description": "CHICK GREY HOT WATER BOTTLE", "Quantity": "-12", "InvoiceDate": "01-12-2010 10:24", "UnitPrice": "3.45", "CustomerID": "17548", "Country": "United Kingdom"},
{"InvoiceNo": "C536391", "StockCode": "21980", "Description": "PACK OF 12 RED RETROSPOT TISSUES ", "Quantity": "-24", "InvoiceDate": "01-12-2010 10:24", "UnitPrice": "0.29", "CustomerID": "17548", "Country": "United Kingdom"},
{"InvoiceNo": "C536391", "StockCode": "21983", "Description": "PACK OF 12 BLUE PAISLEY TISSUES ", "Quantity": "-24", "InvoiceDate": "01-12-2010 10:24", "UnitPrice": "0.29", "CustomerID": "17548", "Country": "United Kingdom"},
{"InvoiceNo": "C536391", "StockCode": "21984", "Description": "PACK OF 12 PINK PAISLEY TISSUES ", "Quantity": "-24", "InvoiceDate": "01-12-2010 10:24", "UnitPrice": "0.29", "CustomerID": "17548", "Country": "United Kingdom"},
{"InvoiceNo": "C536391", "StockCode": "22553", "Description": "PLASTERS IN TIN SKULLS", "Quantity": "-24", "InvoiceDate": "01-12-2010 10:24", "UnitPrice": "1.65", "CustomerID": "17548", "Country": "United Kingdom"},
{"InvoiceNo": "C536391", "StockCode": "22556", "Description": "PLASTERS IN TIN CIRCUS PARADE ", "Quantity": "-12", "InvoiceDate": "01-12-2010 10:24", "UnitPrice": "1.65", "CustomerID": "17548", "Country": "United Kingdom"},
{"InvoiceNo": "C536391", "StockCode": "22557", "Description": "PLASTERS IN TIN VINTAGE PAISLEY ", "Quantity": "-12", "InvoiceDate": "01-12-2010 10:24", "UnitPrice": "1.65", "CustomerID": "17548", "Country": "United Kingdom"},
{"InvoiceNo": "536401", "StockCode": "20725", "Description": "LUNCH BAG RED RETROSPOT", "Quantity": "1", "InvoiceDate": "01-12-2010 11:21", "UnitPrice": "1.65", "CustomerID": "15862", "Country": "United Kingdom"},
{"InvoiceNo": "536401", "StockCode": "20726", "Description": "LUNCH BAG WOODLAND", "Quantity": "1", "InvoiceDate": "01-12-2010 11:21", "UnitPrice": "1.65", "CustomerID": "15862", "Country": "United Kingdom"},
{"InvoiceNo": "536401", "StockCode": "20749", "Description": "ASSORTED COLOUR MINI CASES", "Quantity": "1", "InvoiceDate": "01-12-2010 11:21", "UnitPrice": "7.95", "CustomerID": "15862", "Country": "United Kingdom"},
{"InvoiceNo": "536401", "StockCode": "20820", "Description": "SILVER LOOKING MIRROR", "Quantity": "3", "InvoiceDate": "01-12-2010 11:21", "UnitPrice": "4.95", "CustomerID": "15862", "Country": "United Kingdom"},
{"InvoiceNo": "536401", "StockCode": "20961", "Description": "STRAWBERRY BATH SPONGE ", "Quantity": "1", "InvoiceDate": "01-12-2010 11:21", "UnitPrice": "1.25", "CustomerID": "15862", "Country": "United Kingdom"},
{"InvoiceNo": "536401", "StockCode": "20963", "Description": "APPLE BATH SPONGE", "Quantity": "1", "InvoiceDate": "01-12-2010 11:21", "UnitPrice": "1.25", "CustomerID": "15862", "Country": "United Kingdom"},
{"InvoiceNo": "536401", "StockCode": "20966", "Description": "SANDWICH BATH SPONGE", "Quantity": "3", "InvoiceDate": "01-12-2010 11:21", "UnitPrice": "1.25", "CustomerID": "15862", "Country": "United Kingdom"},
{"InvoiceNo": "536401", "StockCode": "20992", "Description": "JAZZ HEARTS PURSE NOTEBOOK", "Quantity": "9", "InvoiceDate": "01-12-2010 11:21", "UnitPrice": "0.85", "CustomerID": "15862", "Country": "United Kingdom"},
{"InvoiceNo": "536401", "StockCode": "21033", "Description": "JUMBO BAG CHARLIE AND LOLA TOYS", "Quantity": "4", "InvoiceDate": "01-12-2010 11:21", "UnitPrice": "2.95", "CustomerID": "15862", "Country": "United Kingdom"},
{"InvoiceNo": "536401", "StockCode": "21108", "Description": "FAIRY CAKE FLANNEL ASSORTED COLOUR", "Quantity": "9", "InvoiceDate": "01-12-2010 11:21", "UnitPrice": "2.55", "CustomerID": "15862", "Country": "United Kingdom"},
{"InvoiceNo": "536401", "StockCode": "21122", "Description": "SET/10 PINK POLKADOT PARTY CANDLES", "Quantity": "1", "InvoiceDate": "01-12-2010 11:21", "UnitPrice": "1.25", "CustomerID": "15862", "Country": "United Kingdom"},
{"InvoiceNo": "536401", "StockCode": "21169", "Description": "YOU'RE CONFUSING ME METAL SIGN ", "Quantity": "2", "InvoiceDate": "01-12-2010 11:21", "UnitPrice": "1.69", "CustomerID": "15862", "Country": "United Kingdom"},
{"InvoiceNo": "536401", "StockCode": "21328", "Description": "BALLOONS  WRITING SET ", "Quantity": "1", "InvoiceDate": "01-12-2010 11:21", "UnitPrice": "1.65", "CustomerID": "15862", "Country": "United Kingdom"},
{"InvoiceNo": "536401", "StockCode": "21463", "Description": "MIRRORED DISCO BALL ", "Quantity": "1", "InvoiceDate": "01-12-2010 11:21", "UnitPrice": "5.95", "CustomerID": "15862", "Country": "United Kingdom"},
{"InvoiceNo": "536401", "StockCode": "21464", "Description": "DISCO BALL ROTATOR BATTERY OPERATED", "Quantity": "1", "InvoiceDate": "01-12-2010 11:21", "UnitPrice": "4.25", "CustomerID": "15862", "Country": "United Kingdom"},
{"InvoiceNo": "536401", "StockCode": "21587", "Description": "COSY HOUR GIANT TUBE MATCHES", "Quantity": "2", "InvoiceDate": "01-12-2010 11:21", "UnitPrice": "2.55", "CustomerID": "15862", "Country": "United Kingdom"},
{"InvoiceNo": "536401", "StockCode": "21592", "Description": "RETROSPOT CIGAR BOX MATCHES ", "Quantity": "1", "InvoiceDate": "01-12-2010 11:21", "UnitPrice": "1.25", "CustomerID": "15862", "Country": "United Kingdom"},
{"InvoiceNo": "536401", "StockCode": "21743", "Description": "STAR PORTABLE TABLE LIGHT ", "Quantity": "2", "InvoiceDate": "01-12-2010 11:21", "UnitPrice": "2.95", "CustomerID": "15862", "Country": "United Kingdom"},
{"InvoiceNo": "536401", "StockCode": "21744", "Description": "SNOWFLAKE PORTABLE TABLE LIGHT ", "Quantity": "2", "InvoiceDate": "01-12-2010 11:21", "UnitPrice": "2.95", "CustomerID": "15862", "Country": "United Kingdom"},
{"InvoiceNo": "536401", "StockCode": "21907", "Description": "I'M ON HOLIDAY METAL SIGN", "Quantity": "2", "InvoiceDate": "01-12-2010 11:21", "UnitPrice": "2.1", "CustomerID": "15862", "Country": "United Kingdom"},
{"InvoiceNo": "536401", "StockCode": "22068", "Description": "BLACK PIRATE TREASURE CHEST", "Quantity": "2", "InvoiceDate": "01-12-2010 11:21", "UnitPrice": "1.65", "CustomerID": "15862", "Country": "United Kingdom"},
{"InvoiceNo": "536401", "StockCode": "22098", "Description": "BOUDOIR SQUARE TISSUE BOX", "Quantity": "1", "InvoiceDate": "01-12-2010 11:21", "UnitPrice": "1.25", "CustomerID": "15862", "Country": "United Kingdom"},
{"InvoiceNo": "536401", "StockCode": "22100", "Description": "SKULLS SQUARE TISSUE BOX", "Quantity": "2", "InvoiceDate": "01-12-2010 11:21", "UnitPrice": "1.25", "CustomerID": "15862", "Country": "United Kingdom"},
{"InvoiceNo": "536401", "StockCode": "22110", "Description": "BIRD HOUSE HOT WATER BOTTLE", "Quantity": "1", "InvoiceDate": "01-12-2010 11:21", "UnitPrice": "2.55", "CustomerID": "15862", "Country": "United Kingdom"},
{"InvoiceNo": "536401", "StockCode": "22117", "Description": "METAL SIGN HER DINNER IS SERVED ", "Quantity": "1", "InvoiceDate": "01-12-2010 11:21", "UnitPrice": "2.95", "CustomerID": "15862", "Country": "United Kingdom"},
{"InvoiceNo": "536401", "StockCode": "22382", "Description": "LUNCH BAG SPACEBOY DESIGN ", "Quantity": "2", "InvoiceDate": "01-12-2010 11:21", "UnitPrice": "1.65", "CustomerID": "15862", "Country": "United Kingdom"},
{"InvoiceNo": "536401", "StockCode": "22384", "Description": "LUNCH BAG PINK POLKADOT", "Quantity": "1", "InvoiceDate": "01-12-2010 11:21", "UnitPrice": "1.65", "CustomerID": "15862", "Country": "United Kingdom"},
{"InvoiceNo": "536401", "StockCode": "22413", "Description": "METAL SIGN TAKE IT OR LEAVE IT ", "Quantity": "4", "InvoiceDate": "01-12-2010 11:21", "UnitPrice": "2.95", "CustomerID": "15862", "Country": "United Kingdom"},
{"InvoiceNo": "536401", "StockCode": "22428", "Description": "ENAMEL FIRE BUCKET CREAM", "Quantity": "2", "InvoiceDate": "01-12-2010 11:21", "UnitPrice": "6.95", "CustomerID": "15862", "Country": "United Kingdom"},
{"InvoiceNo": "536401", "StockCode": "22435", "Description": "SET OF 9 HEART SHAPED BALLOONS", "Quantity": "2", "InvoiceDate": "01-12-2010 11:21", "UnitPrice": "1.25", "CustomerID": "15862", "Country": "United Kingdom"},
{"InvoiceNo": "536401", "StockCode": "22441", "Description": "GROW YOUR OWN BASIL IN ENAMEL MUG", "Quantity": "1", "InvoiceDate": "01-12-2010 11:21", "UnitPrice": "2.1", "CustomerID": "15862", "Country": "United Kingdom"},
{"InvoiceNo": "536401", "StockCode": "22451", "Description": "SILK PURSE BABUSHKA RED", "Quantity": "1", "InvoiceDate": "01-12-2010 11:21", "UnitPrice": "3.35", "CustomerID": "15862", "Country": "United Kingdom"},
{"InvoiceNo": "536401", "StockCode": "22467", "Description": "GUMBALL COAT RACK", "Quantity": "5", "InvoiceDate": "01-12-2010 11:21", "UnitPrice": "2.55", "CustomerID": "15862", "Country": "United Kingdom"},
{"InvoiceNo": "536401", "StockCode": "22473", "Description": "TV DINNER TRAY VINTAGE PAISLEY", "Quantity": "1", "InvoiceDate": "01-12-2010 11:21", "UnitPrice": "4.95", "CustomerID": "15862", "Country": "United Kingdom"},
{"InvoiceNo": "536401", "StockCode": "22502", "Description": "PICNIC BASKET WICKER SMALL", "Quantity": "2", "InvoiceDate": "01-12-2010 11:21", "UnitPrice": "5.95", "CustomerID": "15862", "Country": "United Kingdom"},
{"InvoiceNo": "536401", "StockCode": "22549", "Description": "PICTURE DOMINOES", "Quantity": "1", "InvoiceDate": "01-12-2010 11:21", "UnitPrice": "1.45", "CustomerID": "15862", "Country": "United Kingdom"},
{"InvoiceNo": "536401", "StockCode": "22662", "Description": "LUNCH BAG DOLLY GIRL DESIGN", "Quantity": "1", "InvoiceDate": "01-12-2010 11:21", "UnitPrice": "1.65", "CustomerID": "15862", "Country": "United Kingdom"},
{"InvoiceNo": "536401", "StockCode": "22766", "Description": "PHOTO FRAME CORNICE", "Quantity": "1", "InvoiceDate": "01-12-2010 11:21", "UnitPrice": "2.95", "CustomerID": "15862", "Country": "United Kingdom"},
{"InvoiceNo": "536401", "StockCode": "22767", "Description": "TRIPLE PHOTO FRAME CORNICE ", "Quantity": "2", "InvoiceDate": "01-12-2010 11:21", "UnitPrice": "9.95", "CustomerID": "15862", "Country": "United Kingdom"},
{"InvoiceNo": "536401", "StockCode": "22768", "Description": "FAMILY PHOTO FRAME CORNICE", "Quantity": "1", "InvoiceDate": "01-12-2010 11:21", "UnitPrice": "9.95", "CustomerID": "15862", "Country": "United Kingdom"},
{"InvoiceNo": "536401", "StockCode": "22804", "Description": "CANDLEHOLDER PINK HANGING HEART", "Quantity": "3", "InvoiceDate": "01-12-2010 11:21", "UnitPrice": "2.95", "CustomerID": "15862", "Country": "United Kingdom"},
{"InvoiceNo": "536401", "StockCode": "22809", "Description": "SET OF 6 T-LIGHTS SANTA", "Quantity": "1", "InvoiceDate": "01-12-2010 11:21", "UnitPrice": "2.95", "CustomerID": "15862", "Country": "United Kingdom"},
{"InvoiceNo": "536401", "StockCode": "22810", "Description": "SET OF 6 T-LIGHTS SNOWMEN", "Quantity": "1", "InvoiceDate": "01-12-2010 11:21", "UnitPrice": "2.95", "CustomerID": "15862", "Country": "United Kingdom"},
{"InvoiceNo": "536401", "StockCode": "22848", "Description": "BREAD BIN DINER STYLE PINK", "Quantity": "1", "InvoiceDate": "01-12-2010 11:21", "UnitPrice": "16.95", "CustomerID": "15862", "Country": "United Kingdom"},
{"InvoiceNo": "536401", "StockCode": "22851", "Description": "SET 20 NAPKINS FAIRY CAKES DESIGN ", "Quantity": "1", "InvoiceDate": "01-12-2010 11:21", "UnitPrice": "0.85", "CustomerID": "15862", "Country": "United Kingdom"},
{"InvoiceNo": "536401", "StockCode": "22961", "Description": "JAM MAKING SET PRINTED", "Quantity": "4", "InvoiceDate": "01-12-2010 11:21", "UnitPrice": "1.45", "CustomerID": "15862", "Country": "United Kingdom"},
{"InvoiceNo": "536401", "StockCode": "48129", "Description": "DOORMAT TOPIARY", "Quantity": "1", "InvoiceDate": "01-12-2010 11:21", "UnitPrice": "7.95", "CustomerID": "15862", "Country": "United Kingdom"},
{"InvoiceNo": "536401", "StockCode": "82483", "Description": "WOOD 2 DRAWER CABINET WHITE FINISH", "Quantity": "1", "InvoiceDate": "01-12-2010 11:21", "UnitPrice": "5.95", "CustomerID": "15862", "Country": "United Kingdom"},
{"InvoiceNo": "536401", "StockCode": "82578", "Description": "KITCHEN METAL SIGN", "Quantity": "1", "InvoiceDate": "01-12-2010 11:21", "UnitPrice": "0.55", "CustomerID": "15862", "Country": "United Kingdom"},
{"InvoiceNo": "536401", "StockCode": "82580", "Description": "BATHROOM METAL SIGN", "Quantity": "1", "InvoiceDate": "01-12-2010 11:21", "UnitPrice": "0.55", "CustomerID": "15862", "Country": "United Kingdom"},
{"InvoiceNo": "536401", "StockCode": "82581", "Description": "TOILET METAL SIGN", "Quantity": "2", "InvoiceDate": "01-12-2010 11:21", "UnitPrice": "0.55", "CustomerID": "15862", "Country": "United Kingdom"},
{"InvoiceNo": "536401", "StockCode": "84744", "Description": "S/6 SEW ON CROCHET FLOWERS", "Quantity": "1", "InvoiceDate": "01-12-2010 11:21", "UnitPrice": "1.25", "CustomerID": "15862", "Country": "United Kingdom"},
{"InvoiceNo": "536401", "StockCode": "84991", "Description": "60 TEATIME FAIRY CAKE CASES", "Quantity": "3", "InvoiceDate": "01-12-2010 11:21", "UnitPrice": "0.55", "CustomerID": "15862", "Country": "United Kingdom"},
{"InvoiceNo": "536401", "StockCode": "85150", "Description": "LADIES & GENTLEMEN METAL SIGN", "Quantity": "1", "InvoiceDate": "01-12-2010 11:21", "UnitPrice": "2.55", "CustomerID": "15862", "Country": "United Kingdom"},
{"InvoiceNo": "536401", "StockCode": "17091A", "Description": "LAVENDER INCENSE IN TIN", "Quantity": "1", "InvoiceDate": "01-12-2010 11:21", "UnitPrice": "1.25", "CustomerID": "15862", "Country": "United Kingdom"},
{"InvoiceNo": "536401", "StockCode": "47570B", "Description": "TEA TIME TABLE CLOTH", "Quantity": "1", "InvoiceDate": "01-12-2010 11:21", "UnitPrice": "10.65", "CustomerID": "15862", "Country": "United Kingdom"},
{"InvoiceNo": "536401", "StockCode": "84030E", "Description": "ENGLISH ROSE HOT WATER BOTTLE", "Quantity": "1", "InvoiceDate": "01-12-2010 11:21", "UnitPrice": "4.25", "CustomerID": "15862", "Country": "United Kingdom"},
{"InvoiceNo": "536401", "StockCode": "84509A", "Description": "SET OF 4 ENGLISH ROSE PLACEMATS", "Quantity": "2", "InvoiceDate": "01-12-2010 11:21", "UnitPrice": "3.75", "CustomerID": "15862", "Country": "United Kingdom"},
{"InvoiceNo": "536401", "StockCode": "84510A", "Description": "SET OF 4 ENGLISH ROSE COASTERS", "Quantity": "2", "InvoiceDate": "01-12-2010 11:21", "UnitPrice": "1.25", "CustomerID": "15862", "Country": "United Kingdom"},
{"InvoiceNo": "536401", "StockCode": "84625A", "Description": "PINK NEW BAROQUECANDLESTICK CANDLE", "Quantity": "3", "InvoiceDate": "01-12-2010 11:21", "UnitPrice": "2.95", "CustomerID": "15862", "Country": "United Kingdom"},
{"InvoiceNo": "536401", "StockCode": "84625C", "Description": "BLUE NEW BAROQUE CANDLESTICK CANDLE", "Quantity": "3", "InvoiceDate": "01-12-2010 11:21", "UnitPrice": "2.95", "CustomerID": "15862", "Country": "United Kingdom"},
{"InvoiceNo": "536401", "StockCode": "84709B", "Description": "PINK OVAL JEWELLED MIRROR", "Quantity": "1", "InvoiceDate": "01-12-2010 11:21", "UnitPrice": "5.95", "CustomerID": "15862", "Country": "United Kingdom"},
{"InvoiceNo": "536401", "StockCode": "85049E", "Description": "SCANDINAVIAN REDS RIBBONS", "Quantity": "2", "InvoiceDate": "01-12-2010 11:21", "UnitPrice": "1.25", "CustomerID": "15862", "Country": "United Kingdom"},
{"InvoiceNo": "536401", "StockCode": "85123A", "Description": "WHITE HANGING HEART T-LIGHT HOLDER", "Quantity": "4", "InvoiceDate": "01-12-2010 11:21", "UnitPrice": "2.95", "CustomerID": "15862", "Country": "United Kingdom"},
{"InvoiceNo": "536521", "StockCode": "22854", "Description": "CREAM SWEETHEART EGG HOLDER", "Quantity": "1", "InvoiceDate": "01-12-2010 12:48", "UnitPrice": "4.95", "CustomerID": "12748", "Country": "United Kingdom"},
{"InvoiceNo": "536531", "StockCode": "20679", "Description": "EDWARDIAN PARASOL RED", "Quantity": "12", "InvoiceDate": "01-12-2010 13:23", "UnitPrice": "5.95", "CustomerID": "15485", "Country": "United Kingdom"},
{"InvoiceNo": "536531", "StockCode": "21333", "Description": "CLASSIC WHITE FRAME", "Quantity": "12", "InvoiceDate": "01-12-2010 13:23", "UnitPrice": "2.95", "CustomerID": "15485", "Country": "United Kingdom"},
{"InvoiceNo": "536531", "StockCode": "21497", "Description": "FANCY FONTS BIRTHDAY WRAP", "Quantity": "25", "InvoiceDate": "01-12-2010 13:23", "UnitPrice": "0.42", "CustomerID": "15485", "Country": "United Kingdom"},
{"InvoiceNo": "536531", "StockCode": "21498", "Description": "RED RETROSPOT WRAP ", "Quantity": "25", "InvoiceDate": "01-12-2010 13:23", "UnitPrice": "0.42", "CustomerID": "15485", "Country": "United Kingdom"},
{"InvoiceNo": "536531", "StockCode": "21498", "Description": "RED RETROSPOT WRAP ", "Quantity": "25", "InvoiceDate": "01-12-2010 13:23", "UnitPrice": "0.42", "CustomerID": "15485", "Country": "United Kingdom"},
{"InvoiceNo": "536531", "StockCode": "21506", "Description": "FANCY FONT BIRTHDAY CARD, ", "Quantity": "24", "InvoiceDate": "01-12-2010 13:23", "UnitPrice": "0.42", "CustomerID": "15485", "Country": "United Kingdom"},
{"InvoiceNo": "536531", "StockCode": "21519", "Description": "GIN & TONIC DIET GREETING CARD ", "Quantity": "24", "InvoiceDate": "01-12-2010 13:23", "UnitPrice": "0.42", "CustomerID": "15485", "Country": "United Kingdom"},
{"InvoiceNo": "536531", "StockCode": "22049", "Description": "WRAP CHRISTMAS SCREEN PRINT", "Quantity": "25", "InvoiceDate": "01-12-2010 13:23", "UnitPrice": "0.42", "CustomerID": "15485", "Country": "United Kingdom"},
{"InvoiceNo": "536531", "StockCode": "22086", "Description": "PAPER CHAIN KIT 50'S CHRISTMAS ", "Quantity": "80", "InvoiceDate": "01-12-2010 13:23", "UnitPrice": "2.55", "CustomerID": "15485", "Country": "United Kingdom"},
{"InvoiceNo": "536531", "StockCode": "22191", "Description": "IVORY DINER WALL CLOCK", "Quantity": "4", "InvoiceDate": "01-12-2010 13:23", "UnitPrice": "8.5", "CustomerID": "15485", "Country": "United Kingdom"},
{"InvoiceNo": "536531", "StockCode": "22192", "Description": "BLUE DINER WALL CLOCK", "Quantity": "4", "InvoiceDate": "01-12-2010 13:23", "UnitPrice": "8.5", "CustomerID": "15485", "Country": "United Kingdom"},
{"InvoiceNo": "536531", "StockCode": "22193", "Description": "RED DINER WALL CLOCK", "Quantity": "4", "InvoiceDate": "01-12-2010 13:23", "UnitPrice": "8.5", "CustomerID": "15485", "Country": "United Kingdom"},
{"InvoiceNo": "536531", "StockCode": "22194", "Description": "BLACK DINER WALL CLOCK", "Quantity": "2", "InvoiceDate": "01-12-2010 13:23", "UnitPrice": "8.5", "CustomerID": "15485", "Country": "United Kingdom"},
{"InvoiceNo": "536531", "StockCode": "22688", "Description": "DOORMAT PEACE ON EARTH BLUE", "Quantity": "4", "InvoiceDate": "01-12-2010 13:23", "UnitPrice": "7.95", "CustomerID": "15485", "Country": "United Kingdom"},
{"InvoiceNo": "536531", "StockCode": "22704", "Description": "WRAP RED APPLES ", "Quantity": "25", "InvoiceDate": "01-12-2010 13:23", "UnitPrice": "0.42", "CustomerID": "15485", "Country": "United Kingdom"},
{"InvoiceNo": "536531", "StockCode": "22726", "Description": "ALARM CLOCK BAKELIKE GREEN", "Quantity": "9", "InvoiceDate": "01-12-2010 13:23", "UnitPrice": "3.75", "CustomerID": "15485", "Country": "United Kingdom"},
{"InvoiceNo": "536531", "StockCode": "22727", "Description": "ALARM CLOCK BAKELIKE RED ", "Quantity": "9", "InvoiceDate": "01-12-2010 13:23", "UnitPrice": "3.75", "CustomerID": "15485", "Country": "United Kingdom"},
{"InvoiceNo": "536531", "StockCode": "22730", "Description": "ALARM CLOCK BAKELIKE IVORY", "Quantity": "9", "InvoiceDate": "01-12-2010 13:23", "UnitPrice": "3.75", "CustomerID": "15485", "Country": "United Kingdom"},
{"InvoiceNo": "536531", "StockCode": "22768", "Description": "FAMILY PHOTO FRAME CORNICE", "Quantity": "6", "InvoiceDate": "01-12-2010 13:23", "UnitPrice": "9.95", "CustomerID": "15485", "Country": "United Kingdom"},
{"InvoiceNo": "536531", "StockCode": "22819", "Description": "BIRTHDAY CARD, RETRO SPOT", "Quantity": "24", "InvoiceDate": "01-12-2010 13:23", "UnitPrice": "0.42", "CustomerID": "15485", "Country": "United Kingdom"},
{"InvoiceNo": "536531", "StockCode": "22910", "Description": "PAPER CHAIN KIT VINTAGE CHRISTMAS", "Quantity": "40", "InvoiceDate": "01-12-2010 13:23", "UnitPrice": "2.55", "CustomerID": "15485", "Country": "United Kingdom"},
{"InvoiceNo": "536531", "StockCode": "15056BL", "Description": "EDWARDIAN PARASOL BLACK", "Quantity": "12", "InvoiceDate": "01-12-2010 13:23", "UnitPrice": "5.95", "CustomerID": "15485", "Country": "United Kingdom"},
{"InvoiceNo": "536531", "StockCode": "15056N", "Description": "EDWARDIAN PARASOL NATURAL", "Quantity": "12", "InvoiceDate": "01-12-2010 13:23", "UnitPrice": "5.95", "CustomerID": "15485", "Country": "United Kingdom"},
{"InvoiceNo": "536541", "StockCode": "21915", "Description": "RED  HARMONICA IN BOX ", "Quantity": "12", "InvoiceDate": "01-12-2010 14:05", "UnitPrice": "1.25", "CustomerID": "14911", "Country": "EIRE"},
{"InvoiceNo": "536551", "StockCode": "20914", "Description": "SET/5 RED RETROSPOT LID GLASS BOWLS", "Quantity": "3", "InvoiceDate": "01-12-2010 14:34", "UnitPrice": "2.95", "CustomerID": "17346", "Country": "United Kingdom"},
{"InvoiceNo": "536551", "StockCode": "21326", "Description": "AGED GLASS SILVER T-LIGHT HOLDER", "Quantity": "12", "InvoiceDate": "01-12-2010 14:34", "UnitPrice": "0.65", "CustomerID": "17346", "Country": "United Kingdom"},
{"InvoiceNo": "536551", "StockCode": "21592", "Description": "RETROSPOT CIGAR BOX MATCHES ", "Quantity": "2", "InvoiceDate": "01-12-2010 14:34", "UnitPrice": "1.25", "CustomerID": "17346", "Country": "United Kingdom"},
{"InvoiceNo": "536551", "StockCode": "21592", "Description": "RETROSPOT CIGAR BOX MATCHES ", "Quantity": "1", "InvoiceDate": "01-12-2010 14:34", "UnitPrice": "1.25", "CustomerID": "17346", "Country": "United Kingdom"},
{"InvoiceNo": "536551", "StockCode": "21916", "Description": "SET 12 RETRO WHITE CHALK STICKS", "Quantity": "3", "InvoiceDate": "01-12-2010 14:34", "UnitPrice": "0.42", "CustomerID": "17346", "Country": "United Kingdom"},
{"InvoiceNo": "536551", "StockCode": "21917", "Description": "SET 12 KIDS  WHITE CHALK STICKS", "Quantity": "1", "InvoiceDate": "01-12-2010 14:34", "UnitPrice": "0.42", "CustomerID": "17346", "Country": "United Kingdom"},
{"InvoiceNo": "536551", "StockCode": "22111", "Description": "SCOTTIE DOG HOT WATER BOTTLE", "Quantity": "1", "InvoiceDate": "01-12-2010 14:34", "UnitPrice": "4.95", "CustomerID": "17346", "Country": "United Kingdom"},
{"InvoiceNo": "536551", "StockCode": "22112", "Description": "CHOCOLATE HOT WATER BOTTLE", "Quantity": "1", "InvoiceDate": "01-12-2010 14:34", "UnitPrice": "4.95", "CustomerID": "17346", "Country": "United Kingdom"},
{"InvoiceNo": "536551", "StockCode": "22112", "Description": "CHOCOLATE HOT WATER BOTTLE", "Quantity": "1", "InvoiceDate": "01-12-2010 14:34", "UnitPrice": "4.95", "CustomerID": "17346", "Country": "United Kingdom"},
{"InvoiceNo": "536551", "StockCode": "22174", "Description": "PHOTO CUBE", "Quantity": "3", "InvoiceDate": "01-12-2010 14:34", "UnitPrice": "1.65", "CustomerID": "17346", "Country": "United Kingdom"},
{"InvoiceNo": "536551", "StockCode": "22310", "Description": "IVORY KNITTED MUG COSY ", "Quantity": "2", "InvoiceDate": "01-12-2010 14:34", "UnitPrice": "1.65", "CustomerID": "17346", "Country": "United Kingdom"},
{"InvoiceNo": "536551", "StockCode": "22310", "Description": "IVORY KNITTED MUG COSY ", "Quantity": "4", "InvoiceDate": "01-12-2010 14:34", "UnitPrice": "1.65", "CustomerID": "17346", "Country": "United Kingdom"},
{"InvoiceNo": "536551", "StockCode": "22466", "Description": "FAIRY TALE COTTAGE NIGHTLIGHT", "Quantity": "6", "InvoiceDate": "01-12-2010 14:34", "UnitPrice": "1.95", "CustomerID": "17346", "Country": "United Kingdom"},
{"InvoiceNo": "536551", "StockCode": "22480", "Description": "RED TEA TOWEL CLASSIC DESIGN", "Quantity": "2", "InvoiceDate": "01-12-2010 14:34", "UnitPrice": "1.25", "CustomerID": "17346", "Country": "United Kingdom"},
{"InvoiceNo": "536551", "StockCode": "22481", "Description": "BLACK TEA TOWEL CLASSIC DESIGN", "Quantity": "2", "InvoiceDate": "01-12-2010 14:34", "UnitPrice": "1.25", "CustomerID": "17346", "Country": "United Kingdom"},
{"InvoiceNo": "536551", "StockCode": "22482", "Description": "BLUE TEA TOWEL CLASSIC DESIGN", "Quantity": "2", "InvoiceDate": "01-12-2010 14:34", "UnitPrice": "1.25", "CustomerID": "17346", "Country": "United Kingdom"},
{"InvoiceNo": "536551", "StockCode": "22551", "Description": "PLASTERS IN TIN SPACEBOY", "Quantity": "1", "InvoiceDate": "01-12-2010 14:34", "UnitPrice": "1.65", "CustomerID": "17346", "Country": "United Kingdom"},
{"InvoiceNo": "536551", "StockCode": "22551", "Description": "PLASTERS IN TIN SPACEBOY", "Quantity": "1", "InvoiceDate": "01-12-2010 14:34", "UnitPrice": "1.65", "CustomerID": "17346", "Country": "United Kingdom"},
{"InvoiceNo": "536551", "StockCode": "22555", "Description": "PLASTERS IN TIN STRONGMAN", "Quantity": "1", "InvoiceDate": "01-12-2010 14:34", "UnitPrice": "1.65", "CustomerID": "17346", "Country": "United Kingdom"},
{"InvoiceNo": "536551", "StockCode": "22557", "Description": "PLASTERS IN TIN VINTAGE PAISLEY ", "Quantity": "1", "InvoiceDate": "01-12-2010 14:34", "UnitPrice": "1.65", "CustomerID": "17346", "Country": "United Kingdom"},
{"InvoiceNo": "536551", "StockCode": "22625", "Description": "RED KITCHEN SCALES", "Quantity": "1", "InvoiceDate": "01-12-2010 14:34", "UnitPrice": "8.5", "CustomerID": "17346", "Country": "United Kingdom"},
{"InvoiceNo": "536551", "StockCode": "22629", "Description": "SPACEBOY LUNCH BOX ", "Quantity": "1", "InvoiceDate": "01-12-2010 14:34", "UnitPrice": "1.95", "CustomerID": "17346", "Country": "United Kingdom"},
{"InvoiceNo": "536551", "StockCode": "22659", "Description": "LUNCH BOX I LOVE LONDON", "Quantity": "1", "InvoiceDate": "01-12-2010 14:34", "UnitPrice": "1.95", "CustomerID": "17346", "Country": "United Kingdom"},
{"InvoiceNo": "536551", "StockCode": "22663", "Description": "JUMBO BAG DOLLY GIRL DESIGN", "Quantity": "4", "InvoiceDate": "01-12-2010 14:34", "UnitPrice": "1.95", "CustomerID": "17346", "Country": "United Kingdom"},
{"InvoiceNo": "536551", "StockCode": "22713", "Description": "CARD I LOVE LONDON ", "Quantity": "12", "InvoiceDate": "01-12-2010 14:34", "UnitPrice": "0.42", "CustomerID": "17346", "Country": "United Kingdom"},
{"InvoiceNo": "536551", "StockCode": "22835", "Description": "HOT WATER BOTTLE I AM SO POORLY", "Quantity": "2", "InvoiceDate": "01-12-2010 14:34", "UnitPrice": "4.65", "CustomerID": "17346", "Country": "United Kingdom"},
{"InvoiceNo": "536551", "StockCode": "22837", "Description": "HOT WATER BOTTLE BABUSHKA ", "Quantity": "2", "InvoiceDate": "01-12-2010 14:34", "UnitPrice": "4.65", "CustomerID": "17346", "Country": "United Kingdom"},
{"InvoiceNo": "536551", "StockCode": "22895", "Description": "SET OF 2 TEA TOWELS APPLE AND PEARS", "Quantity": "1", "InvoiceDate": "01-12-2010 14:34", "UnitPrice": "2.95", "CustomerID": "17346", "Country": "United Kingdom"},
{"InvoiceNo": "536551", "StockCode": "22895", "Description": "SET OF 2 TEA TOWELS APPLE AND PEARS", "Quantity": "1", "InvoiceDate": "01-12-2010 14:34", "UnitPrice": "2.95", "CustomerID": "17346", "Country": "United Kingdom"},
{"InvoiceNo": "536551", "StockCode": "22900", "Description": " SET 2 TEA TOWELS I LOVE LONDON ", "Quantity": "1", "InvoiceDate": "01-12-2010 14:34", "UnitPrice": "2.95", "CustomerID": "17346", "Country": "United Kingdom"},
{"InvoiceNo": "536551", "StockCode": "22900", "Description": " SET 2 TEA TOWELS I LOVE LONDON ", "Quantity": "1", "InvoiceDate": "01-12-2010 14:34", "UnitPrice": "2.95", "CustomerID": "17346", "Country": "United Kingdom"},
{"InvoiceNo": "536551", "StockCode": "84949", "Description": "SILVER HANGING T-LIGHT HOLDER", "Quantity": "6", "InvoiceDate": "01-12-2010 14:34", "UnitPrice": "1.65", "CustomerID": "17346", "Country": "United Kingdom"},
{"InvoiceNo": "536551", "StockCode": "79144B", "Description": "PAINTED LIGHTBULB STAR+ MOON", "Quantity": "2", "InvoiceDate": "01-12-2010 14:34", "UnitPrice": "0.42", "CustomerID": "17346", "Country": "United Kingdom"},
{"InvoiceNo": "536551", "StockCode": "84970L", "Description": "SINGLE HEART ZINC T-LIGHT HOLDER", "Quantity": "1", "InvoiceDate": "01-12-2010 14:34", "UnitPrice": "0.95", "CustomerID": "17346", "Country": "United Kingdom"},
{"InvoiceNo": "536551", "StockCode": "84970S", "Description": "HANGING HEART ZINC T-LIGHT HOLDER", "Quantity": "2", "InvoiceDate": "01-12-2010 14:34", "UnitPrice": "0.85", "CustomerID": "17346", "Country": "United Kingdom"},
{"InvoiceNo": "536561", "StockCode": "20972", "Description": "PINK CREAM FELT CRAFT TRINKET BOX ", "Quantity": "12", "InvoiceDate": "01-12-2010 15:06", "UnitPrice": "1.25", "CustomerID": "12921", "Country": "United Kingdom"},
{"InvoiceNo": "536561", "StockCode": "21731", "Description": "RED TOADSTOOL LED NIGHT LIGHT", "Quantity": "12", "InvoiceDate": "01-12-2010 15:06", "UnitPrice": "1.65", "CustomerID": "12921", "Country": "United Kingdom"},
{"InvoiceNo": "536561", "StockCode": "22274", "Description": "FELTCRAFT DOLL EMILY", "Quantity": "6", "InvoiceDate": "01-12-2010 15:06", "UnitPrice": "2.95", "CustomerID": "12921", "Country": "United Kingdom"},
{"InvoiceNo": "536561", "StockCode": "22318", "Description": "FIVE HEART HANGING DECORATION", "Quantity": "6", "InvoiceDate": "01-12-2010 15:06", "UnitPrice": "2.95", "CustomerID": "12921", "Country": "United Kingdom"},
{"InvoiceNo": "536561", "StockCode": "22466", "Description": "FAIRY TALE COTTAGE NIGHTLIGHT", "Quantity": "12", "InvoiceDate": "01-12-2010 15:06", "UnitPrice": "1.95", "CustomerID": "12921", "Country": "United Kingdom"},
{"InvoiceNo": "536561", "StockCode": "22551", "Description": "PLASTERS IN TIN SPACEBOY", "Quantity": "12", "InvoiceDate": "01-12-2010 15:06", "UnitPrice": "1.65", "CustomerID": "12921", "Country": "United Kingdom"},
{"InvoiceNo": "536561", "StockCode": "22632", "Description": "HAND WARMER RED RETROSPOT", "Quantity": "12", "InvoiceDate": "01-12-2010 15:06", "UnitPrice": "2.1", "CustomerID": "12921", "Country": "United Kingdom"},
{"InvoiceNo": "536561", "StockCode": "22745", "Description": "POPPY'S PLAYHOUSE BEDROOM ", "Quantity": "6", "InvoiceDate": "01-12-2010 15:06", "UnitPrice": "2.1", "CustomerID": "12921", "Country": "United Kingdom"},
{"InvoiceNo": "536561", "StockCode": "22748", "Description": "POPPY'S PLAYHOUSE KITCHEN", "Quantity": "6", "InvoiceDate": "01-12-2010 15:06", "UnitPrice": "2.1", "CustomerID": "12921", "Country": "United Kingdom"},
{"InvoiceNo": "536561", "StockCode": "22750", "Description": "FELTCRAFT PRINCESS LOLA DOLL", "Quantity": "4", "InvoiceDate": "01-12-2010 15:06", "UnitPrice": "3.75", "CustomerID": "12921", "Country": "United Kingdom"},
{"InvoiceNo": "536561", "StockCode": "22779", "Description": "WOODEN OWLS LIGHT GARLAND ", "Quantity": "8", "InvoiceDate": "01-12-2010 15:06", "UnitPrice": "4.25", "CustomerID": "12921", "Country": "United Kingdom"},
{"InvoiceNo": "536561", "StockCode": "22780", "Description": "LIGHT GARLAND BUTTERFILES PINK", "Quantity": "8", "InvoiceDate": "01-12-2010 15:06", "UnitPrice": "4.25", "CustomerID": "12921", "Country": "United Kingdom"},
{"InvoiceNo": "536561", "StockCode": "22865", "Description": "HAND WARMER OWL DESIGN", "Quantity": "12", "InvoiceDate": "01-12-2010 15:06", "UnitPrice": "2.1", "CustomerID": "12921", "Country": "United Kingdom"},
{"InvoiceNo": "536561", "StockCode": "22866", "Description": "HAND WARMER SCOTTY DOG DESIGN", "Quantity": "12", "InvoiceDate": "01-12-2010 15:06", "UnitPrice": "2.1", "CustomerID": "12921", "Country": "United Kingdom"},
{"InvoiceNo": "536561", "StockCode": "22867", "Description": "HAND WARMER BIRD DESIGN", "Quantity": "12", "InvoiceDate": "01-12-2010 15:06", "UnitPrice": "2.1", "CustomerID": "12921", "Country": "United Kingdom"},
{"InvoiceNo": "536571", "StockCode": "21352", "Description": "EUCALYPTUS & PINECONE  WREATH", "Quantity": "2", "InvoiceDate": "01-12-2010 15:37", "UnitPrice": "6.75", "CustomerID": "14696", "Country": "United Kingdom"},
{"InvoiceNo": "536571", "StockCode": "21790", "Description": "VINTAGE SNAP CARDS", "Quantity": "12", "InvoiceDate": "01-12-2010 15:37", "UnitPrice": "0.85", "CustomerID": "14696", "Country": "United Kingdom"},
{"InvoiceNo": "536571", "StockCode": "22065", "Description": "CHRISTMAS PUDDING TRINKET POT ", "Quantity": "12", "InvoiceDate": "01-12-2010 15:37", "UnitPrice": "1.45", "CustomerID": "14696", "Country": "United Kingdom"},
{"InvoiceNo": "536571", "StockCode": "22444", "Description": "GROW YOUR OWN PLANT IN A CAN ", "Quantity": "24", "InvoiceDate": "01-12-2010 15:37", "UnitPrice": "1.25", "CustomerID": "14696", "Country": "United Kingdom"},
{"InvoiceNo": "536571", "StockCode": "22696", "Description": "WICKER WREATH LARGE", "Quantity": "6", "InvoiceDate": "01-12-2010 15:37", "UnitPrice": "1.95", "CustomerID": "14696", "Country": "United Kingdom"},
{"InvoiceNo": "536571", "StockCode": "22952", "Description": "60 CAKE CASES VINTAGE CHRISTMAS", "Quantity": "24", "InvoiceDate": "01-12-2010 15:37", "UnitPrice": "0.55", "CustomerID": "14696", "Country": "United Kingdom"},
{"InvoiceNo": "536571", "StockCode": "35954", "Description": "SMALL FOLKART STAR CHRISTMAS DEC", "Quantity": "48", "InvoiceDate": "01-12-2010 15:37", "UnitPrice": "0.42", "CustomerID": "14696", "Country": "United Kingdom"},
{"InvoiceNo": "536571", "StockCode": "35957", "Description": "SMALLFOLKART BAUBLE CHRISTMAS DEC", "Quantity": "48", "InvoiceDate": "01-12-2010 15:37", "UnitPrice": "0.42", "CustomerID": "14696", "Country": "United Kingdom"},
{"InvoiceNo": "536571", "StockCode": "72816", "Description": "SET/3 CHRISTMAS DECOUPAGE CANDLES", "Quantity": "12", "InvoiceDate": "01-12-2010 15:37", "UnitPrice": "1.25", "CustomerID": "14696", "Country": "United Kingdom"},
{"InvoiceNo": "536571", "StockCode": "84360", "Description": "TABLE LAMP WHITE SHADE WOOD BASE", "Quantity": "2", "InvoiceDate": "01-12-2010 15:37", "UnitPrice": "5.95", "CustomerID": "14696", "Country": "United Kingdom"},
{"InvoiceNo": "536571", "StockCode": "84754", "Description": "S/15 SILVER GLASS BAUBLES IN BAG", "Quantity": "12", "InvoiceDate": "01-12-2010 15:37", "UnitPrice": "1.25", "CustomerID": "14696", "Country": "United Kingdom"},
{"InvoiceNo": "536571", "StockCode": "85045", "Description": "GREEN CHRISTMAS TREE STRING 20LIGHT", "Quantity": "4", "InvoiceDate": "01-12-2010 15:37", "UnitPrice": "4.95", "CustomerID": "14696", "Country": "United Kingdom"},
{"InvoiceNo": "536571", "StockCode": "85048", "Description": "15CM CHRISTMAS GLASS BALL 20 LIGHTS", "Quantity": "2", "InvoiceDate": "01-12-2010 15:37", "UnitPrice": "7.95", "CustomerID": "14696", "Country": "United Kingdom"},
{"InvoiceNo": "536571", "StockCode": "35598B", "Description": "BLACK CHRISTMAS TREE 60CM", "Quantity": "24", "InvoiceDate": "01-12-2010 15:37", "UnitPrice": "0.65", "CustomerID": "14696", "Country": "United Kingdom"},
{"InvoiceNo": "536571", "StockCode": "35598D", "Description": "PINK/WHITE CHRISTMAS TREE 60CM", "Quantity": "24", "InvoiceDate": "01-12-2010 15:37", "UnitPrice": "0.65", "CustomerID": "14696", "Country": "United Kingdom"},
{"InvoiceNo": "536571", "StockCode": "84760S", "Description": "SMALL HANGING GLASS+ZINC LANTERN", "Quantity": "12", "InvoiceDate": "01-12-2010 15:37", "UnitPrice": "1.45", "CustomerID": "14696", "Country": "United Kingdom"},
{"InvoiceNo": "536571", "StockCode": "85032D", "Description": "YULETIDE IMAGES GIFT WRAP SET", "Quantity": "6", "InvoiceDate": "01-12-2010 15:37", "UnitPrice": "2.1", "CustomerID": "14696", "Country": "United Kingdom"},
{"InvoiceNo": "536571", "StockCode": "85099C", "Description": "JUMBO  BAG BAROQUE BLACK WHITE", "Quantity": "10", "InvoiceDate": "01-12-2010 15:37", "UnitPrice": "1.95", "CustomerID": "14696", "Country": "United Kingdom"},
{"InvoiceNo": "536581", "StockCode": "85099B", "Description": "JUMBO BAG RED RETROSPOT", "Quantity": "200", "InvoiceDate": "01-12-2010 16:19", "UnitPrice": "1.65", "CustomerID": "13777", "Country": "United Kingdom"},
{"InvoiceNo": "536591", "StockCode": "20750", "Description": "RED RETROSPOT MINI CASES", "Quantity": "1", "InvoiceDate": "01-12-2010 16:57", "UnitPrice": "7.95", "CustomerID": "14606", "Country": "United Kingdom"},
{"InvoiceNo": "536591", "StockCode": "20768", "Description": "GREEN FERN JOURNAL ", "Quantity": "1", "InvoiceDate": "01-12-2010 16:57", "UnitPrice": "2.55", "CustomerID": "14606", "Country": "United Kingdom"},
{"InvoiceNo": "536591", "StockCode": "20780", "Description": "BLACK EAR MUFF HEADPHONES", "Quantity": "1", "InvoiceDate": "01-12-2010 16:57", "UnitPrice": "5.49", "CustomerID": "14606", "Country": "United Kingdom"},
{"InvoiceNo": "536591", "StockCode": "20978", "Description": "36 PENCILS TUBE SKULLS", "Quantity": "2", "InvoiceDate": "01-12-2010 16:57", "UnitPrice": "1.25", "CustomerID": "14606", "Country": "United Kingdom"},
{"InvoiceNo": "536591", "StockCode": "21035", "Description": "SET/2 RED RETROSPOT TEA TOWELS ", "Quantity": "1", "InvoiceDate": "01-12-2010 16:57", "UnitPrice": "2.95", "CustomerID": "14606", "Country": "United Kingdom"},
{"InvoiceNo": "536591", "StockCode": "21041", "Description": "RED RETROSPOT OVEN GLOVE DOUBLE", "Quantity": "1", "InvoiceDate": "01-12-2010 16:57", "UnitPrice": "2.95", "CustomerID": "14606", "Country": "United Kingdom"},
{"InvoiceNo": "536591", "StockCode": "21238", "Description": "RED RETROSPOT CUP", "Quantity": "1", "InvoiceDate": "01-12-2010 16:57", "UnitPrice": "0.85", "CustomerID": "14606", "Country": "United Kingdom"},
{"InvoiceNo": "536591", "StockCode": "21398", "Description": "RED POLKADOT COFFEE  MUG", "Quantity": "1", "InvoiceDate": "01-12-2010 16:57", "UnitPrice": "2.1", "CustomerID": "14606", "Country": "United Kingdom"},
{"InvoiceNo": "536591", "StockCode": "21427", "Description": "SKULLS STORAGE BOX SMALL", "Quantity": "1", "InvoiceDate": "01-12-2010 16:57", "UnitPrice": "2.1", "CustomerID": "14606", "Country": "United Kingdom"},
{"InvoiceNo": "536591", "StockCode": "21620", "Description": "SET OF 4 ROSE BOTANICAL CANDLES", "Quantity": "1", "InvoiceDate": "01-12-2010 16:57", "UnitPrice": "3.75", "CustomerID": "14606", "Country": "United Kingdom"},
{"InvoiceNo": "536591", "StockCode": "21629", "Description": "SQUARE FLOOR CUSHION VINTAGE RED", "Quantity": "1", "InvoiceDate": "01-12-2010 16:57", "UnitPrice": "7.95", "CustomerID": "14606", "Country": "United Kingdom"},
{"InvoiceNo": "536591", "StockCode": "21643", "Description": "ASSORTED TUTTI FRUTTI MIRROR", "Quantity": "3", "InvoiceDate": "01-12-2010 16:57", "UnitPrice": "1.25", "CustomerID": "14606", "Country": "United Kingdom"},
{"InvoiceNo": "536591", "StockCode": "21789", "Description": "KIDS RAIN MAC PINK", "Quantity": "1", "InvoiceDate": "01-12-2010 16:57", "UnitPrice": "0.85", "CustomerID": "14606", "Country": "United Kingdom"},
{"InvoiceNo": "536591", "StockCode": "21850", "Description": "BLUE  DIAMANTE PEN IN GIFT BOX", "Quantity": "1", "InvoiceDate": "01-12-2010 16:57", "UnitPrice": "4.95", "CustomerID": "14606", "Country": "United Kingdom"},
{"InvoiceNo": "536591", "StockCode": "21888", "Description": "BINGO SET", "Quantity": "1", "InvoiceDate": "01-12-2010 16:57", "UnitPrice": "3.75", "CustomerID": "14606", "Country": "United Kingdom"},
{"InvoiceNo": "536591", "StockCode": "22081", "Description": "RIBBON REEL FLORA + FAUNA ", "Quantity": "1", "InvoiceDate": "01-12-2010 16:57", "UnitPrice": "1.65", "CustomerID": "14606", "Country": "United Kingdom"},
{"InvoiceNo": "536591", "StockCode": "22135", "Description": "LADLE LOVE HEART PINK", "Quantity": "1", "InvoiceDate": "01-12-2010 16:57", "UnitPrice": "0.42", "CustomerID": "14606", "Country": "United Kingdom"},
{"InvoiceNo": "536591", "StockCode": "22136", "Description": "LOVE HEART SOCK HANGER", "Quantity": "1", "InvoiceDate": "01-12-2010 16:57", "UnitPrice": "1.65", "CustomerID": "14606", "Country": "United Kingdom"},
{"InvoiceNo": "536591", "StockCode": "22260", "Description": "FELT EGG COSY BLUE RABBIT ", "Quantity": "5", "InvoiceDate": "01-12-2010 16:57", "UnitPrice": "0.85", "CustomerID": "14606", "Country": "United Kingdom"},
{"InvoiceNo": "536591", "StockCode": "22321", "Description": "BIRD DECORATION RED RETROSPOT", "Quantity": "1", "InvoiceDate": "01-12-2010 16:57", "UnitPrice": "0.85", "CustomerID": "14606", "Country": "United Kingdom"},
{"InvoiceNo": "536591", "StockCode": "22378", "Description": "WALL TIDY RETROSPOT ", "Quantity": "1", "InvoiceDate": "01-12-2010 16:57", "UnitPrice": "2.1", "CustomerID": "14606", "Country": "United Kingdom"},
{"InvoiceNo": "536591", "StockCode": "22379", "Description": "RECYCLING BAG RETROSPOT ", "Quantity": "1", "InvoiceDate": "01-12-2010 16:57", "UnitPrice": "2.1", "CustomerID": "14606", "Country": "United Kingdom"},
{"InvoiceNo": "536591", "StockCode": "22386", "Description": "JUMBO BAG PINK POLKADOT", "Quantity": "1", "InvoiceDate": "01-12-2010 16:57", "UnitPrice": "1.95", "CustomerID": "14606", "Country": "United Kingdom"},
{"InvoiceNo": "536591", "StockCode": "22476", "Description": "EMPIRE UNION JACK TV DINNER TRAY", "Quantity": "2", "InvoiceDate": "01-12-2010 16:57", "UnitPrice": "4.95", "CustomerID": "14606", "Country": "United Kingdom"},
{"InvoiceNo": "536591", "StockCode": "22497", "Description": "SET OF 2 TINS VINTAGE BATHROOM ", "Quantity": "1", "InvoiceDate": "01-12-2010 16:57", "UnitPrice": "4.25", "CustomerID": "14606", "Country": "United Kingdom"},
{"InvoiceNo": "536591", "StockCode": "37449", "Description": "CERAMIC CAKE STAND + HANGING CAKES", "Quantity": "1", "InvoiceDate": "01-12-2010 16:57", "UnitPrice": "9.95", "CustomerID": "14606", "Country": "United Kingdom"},
{"InvoiceNo": "536591", "StockCode": "72741", "Description": "GRAND CHOCOLATECANDLE", "Quantity": "27", "InvoiceDate": "01-12-2010 16:57", "UnitPrice": "1.45", "CustomerID": "14606", "Country": "United Kingdom"},
{"InvoiceNo": "536591", "StockCode": "47591B", "Description": "SCOTTIES CHILDRENS APRON", "Quantity": "1", "InvoiceDate": "01-12-2010 16:57", "UnitPrice": "1.65", "CustomerID": "14606", "Country": "United Kingdom"},
{"InvoiceNo": "536591", "StockCode": "51014C", "Description": "FEATHER PEN,COAL BLACK", "Quantity": "12", "InvoiceDate": "01-12-2010 16:57", "UnitPrice": "0.85", "CustomerID": "14606", "Country": "United Kingdom"},
{"InvoiceNo": "536591", "StockCode": "72807C", "Description": "SET/3 VANILLA SCENTED CANDLE IN BOX", "Quantity": "2", "InvoiceDate": "01-12-2010 16:57", "UnitPrice": "4.25", "CustomerID": "14606", "Country": "United Kingdom"},
{"InvoiceNo": "536591", "StockCode": "90214J", "Description": "LETTER \"J\" BLING KEY RING", "Quantity": "2", "InvoiceDate": "01-12-2010 16:57", "UnitPrice": "1.25", "CustomerID": "14606", "Country": "United Kingdom"},
{"InvoiceNo": "536591", "StockCode": "90214M", "Description": "LETTER \"M\" BLING KEY RING", "Quantity": "1", "InvoiceDate": "01-12-2010 16:57", "UnitPrice": "1.25", "CustomerID": "14606", "Country": "United Kingdom"},
{"InvoiceNo": "536591", "StockCode": "90214S", "Description": "LETTER \"S\" BLING KEY RING", "Quantity": "1", "InvoiceDate": "01-12-2010 16:57", "UnitPrice": "1.25", "CustomerID": "14606", "Country": "United Kingdom"},
{"InvoiceNo": "536591", "StockCode": "90214V", "Description": "LETTER \"V\" BLING KEY RING", "Quantity": "1", "InvoiceDate": "01-12-2010 16:57", "UnitPrice": "1.25", "CustomerID": "14606", "Country": "United Kingdom"},
{"InvoiceNo": "536591", "StockCode": "21484", "Description": "CHICK GREY HOT WATER BOTTLE", "Quantity": "2", "InvoiceDate": "01-12-2010 16:58", "UnitPrice": "3.45", "CustomerID": "14606", "Country": "United Kingdom"},
{"InvoiceNo": "536591", "StockCode": "21488", "Description": "RED WHITE SCARF  HOT WATER BOTTLE", "Quantity": "1", "InvoiceDate": "01-12-2010 16:58", "UnitPrice": "3.95", "CustomerID": "14606", "Country": "United Kingdom"},
{"InvoiceNo": "536591", "StockCode": "21985", "Description": "PACK OF 12 HEARTS DESIGN TISSUES ", "Quantity": "4", "InvoiceDate": "01-12-2010 16:58", "UnitPrice": "0.29", "CustomerID": "14606", "Country": "United Kingdom"},
{"InvoiceNo": "536591", "StockCode": "22121", "Description": "NOEL WOODEN BLOCK LETTERS ", "Quantity": "2", "InvoiceDate": "01-12-2010 16:58", "UnitPrice": "5.95", "CustomerID": "14606", "Country": "United Kingdom"},
{"InvoiceNo": "536591", "StockCode": "22357", "Description": "KINGS CHOICE BISCUIT TIN", "Quantity": "1", "InvoiceDate": "01-12-2010 16:58", "UnitPrice": "4.25", "CustomerID": "14606", "Country": "United Kingdom"},
{"InvoiceNo": "536591", "StockCode": "85064", "Description": "CREAM SWEETHEART LETTER RACK", "Quantity": "2", "InvoiceDate": "01-12-2010 16:58", "UnitPrice": "5.45", "CustomerID": "14606", "Country": "United Kingdom"}
]