[{"InvoiceNo": "536366", "StockCode": "22632", "Description": "HAND WARMER RED POLKA DOT", "Quantity": "6", "InvoiceDate": "01-12-2010 8:28", "UnitPrice": "1.85", "CustomerID": "17850", "Country": "United Kingdom"},
{"InvoiceNo": "536366", "StockCode": "22633", "Description": "HAND WARMER UNION JACK", "Quantity": "6", "InvoiceDate": "01-12-2010 8:28", "UnitPrice": "1.85", "CustomerID": "17850", "Country": "United Kingdom"},
{"InvoiceNo": "536376", "StockCode": "21733", "Description": "RED HANGING HEART T-LIGHT HOLDER", "Quantity": "64", "InvoiceDate": "01-12-2010 9:32", "UnitPrice": "2.55", "CustomerID": "15291", "Country": "United Kingdom"},
{"InvoiceNo": "536376", "StockCode": "22114", "Description": "HOT WATER BOTTLE TEA AND SYMPATHY", "Quantity": "48", "InvoiceDate": "01-12-2010 9:32", "UnitPrice": "3.45", "CustomerID": "15291", "Country": "United Kingdom"},
{"InvoiceNo": "536386", "StockCode": "84880", "Description": "WHITE WIRE EGG HOLDER", "Quantity": "36", "InvoiceDate": "01-12-2010 9:57", "UnitPrice": "4.95", "CustomerID": "16029", "Country": "United Kingdom"},
{"InvoiceNo": "536386", "StockCode": "85099B", "Description": "JUMBO BAG RED RETROSPOT", "Quantity": "100", "InvoiceDate": "01-12-2010 9:57", "UnitPrice": "1.65", "CustomerID": "16029", "Country": "United Kingdom"},
{"InvoiceNo": "536386", "StockCode": "85099C", "Description": "JUMBO  BAG BAROQUE BLACK WHITE", "Quantity": "100", "InvoiceDate": "01-12-2010 9:57", "UnitPrice": "1.65", "CustomerID": "16029", "Country": "United Kingdom"},
{"InvoiceNo": "536396", "StockCode": "20679", "Description": "EDWARDIAN PARASOL RED", "Quantity": "6", "InvoiceDate": "01-12-2010 10:51", "UnitPrice": "4.95", "CustomerID": "17850", "Country": "United Kingdom"},
{"InvoiceNo": "536396", "StockCode": "21068", "Description": "VINTAGE BILLBOARD LOVE/HATE MUG", "Quantity": "6", "InvoiceDate": "01-12-2010 10:51", "UnitPrice": "1.06", "CustomerID": "17850", "Country": "United Kingdom"},
{"InvoiceNo": "536396", "StockCode": "21071", "Description": "VINTAGE BILLBOARD DRINK ME MUG", "Quantity": "6", "InvoiceDate": "01-12-2010 10:51", "UnitPrice": "1.06", "CustomerID": "17850", "Country": "United Kingdom"},
{"InvoiceNo": "536396", "StockCode": "21730", "Description": "GLASS STAR FROSTED T-LIGHT HOLDER", "Quantity": "6", "InvoiceDate": "01-12-2010 10:51", "UnitPrice": "4.25", "CustomerID": "17850", "Country": "United Kingdom"},
{"InvoiceNo": "536396", "StockCode": "21871", "Description": "SAVE THE PLANET MUG", "Quantity": "6", "InvoiceDate": "01-12-2010 10:51", "UnitPrice": "1.06", "CustomerID": "17850", "Country": "United Kingdom"},
{"InvoiceNo": "536396", "StockCode": "22752", "Description": "SET 7 BABUSHKA NESTING BOXES", "Quantity": "2", "InvoiceDate": "01-12-2010 10:51", "UnitPrice": "7.65", "CustomerID": "17850", "Country": "United Kingdom"},
{"InvoiceNo": "536396", "StockCode": "22803", "Description": "IVORY EMBROIDERED QUILT ", "Quantity": "2", "InvoiceDate": "01-12-2010 10:51", "UnitPrice": "35.75", "CustomerID": "17850", "Country": "United Kingdom"},
{"InvoiceNo": "536396", "StockCode": "37370", "Description": "RETRO COFFEE MUGS ASSORTED", "Quantity": "6", "InvoiceDate": "01-12-2010 10:51", "UnitPrice": "1.06", "CustomerID": "17850", "Country": "United Kingdom"},
{"InvoiceNo": "536396", "StockCode": "71053", "Description": "WHITE METAL LANTERN", "Quantity": "6", "InvoiceDate": "01-12-2010 10:51", "UnitPrice": "3.39", "CustomerID": "17850", "Country": "United Kingdom"},
{"InvoiceNo": "536396", "StockCode": "82482", "Description": "WOODEN PICTURE FRAME WHITE FINISH", "Quantity": "6", "InvoiceDate": "01-12-2010 10:51", "UnitPrice": "2.1", "CustomerID": "17850", "Country": "United Kingdom"},
{"InvoiceNo": "536396", "StockCode": "82483", "Description": "WOOD 2 DRAWER CABINET WHITE FINISH", "Quantity": "2", "InvoiceDate": "01-12-2010 10:51", "UnitPrice": "4.95", "CustomerID": "17850", "Country": "United Kingdom"},
{"InvoiceNo": "536396", "StockCode": "82486", "Description": "WOOD S/3 CABINET ANT WHITE FINISH", "Quantity": "4", "InvoiceDate": "01-12-2010 10:51", "UnitPrice": "6.95", "CustomerID": "17850", "Country": "United Kingdom"},
{"InvoiceNo": "536396", "StockCode": "15056BL", "Description": "EDWARDIAN PARASOL BLACK", "Quantity": "6", "InvoiceDate": "01-12-2010 10:51", "UnitPrice": "4.95", "CustomerID": "17850", "Country": "United Kingdom"},
{"InvoiceNo": "536396", "StockCode": "82494L", "Description": "WOODEN FRAME ANTIQUE WHITE ", "Quantity": "12", "InvoiceDate": "01-12-2010 10:51", "UnitPrice": "2.55", "CustomerID": "17850", "Country": "United Kingdom"},
{"InvoiceNo": "536396", "StockCode": "84029E", "Description": "RED WOOLLY HOTTIE WHITE HEART.", "Quantity": "6", "InvoiceDate": "01-12-2010 10:51", "UnitPrice": "3.39", "CustomerID": "17850", "Country": "United Kingdom"},
{"InvoiceNo": "536396", "StockCode": "84029G", "Description": "KNITTED UNION FLAG HOT WATER BOTTLE", "Quantity": "6", "InvoiceDate": "01-12-2010 10:51", "UnitPrice": "3.39", "CustomerID": "17850", "Country": "United Kingdom"},
{"InvoiceNo": "536396", "StockCode": "84406B", "Description": "CREAM CUPID HEARTS COAT HANGER", "Quantity": "8", "InvoiceDate": "01-12-2010 10:51", "UnitPrice": "2.75", "CustomerID": "17850", "Country": "United Kingdom"},
{"InvoiceNo": "536396", "StockCode": "85123A", "Description": "WHITE HANGING HEART T-LIGHT HOLDER", "Quantity": "6", "InvoiceDate": "01-12-2010 10:51", "UnitPrice": "2.55", "CustomerID": "17850", "Country": "United Kingdom"},
{"InvoiceNo": "536406", "StockCode": "20679", "Description": "EDWARDIAN PARASOL RED", "Quantity": "6", "InvoiceDate": "01-12-2010 11:33", "UnitPrice": "4.95", "CustomerID": "17850", "Country": "United Kingdom"},
{"InvoiceNo": "536406", "StockCode": "21068", "Description": "VINTAGE BILLBOARD LOVE/HATE MUG", "Quantity": "6", "InvoiceDate": "01-12-2010 11:33", "UnitPrice": "1.06", "CustomerID": "17850", "Country": "United Kingdom"},
{"InvoiceNo": "536406", "StockCode": "21071", "Description": "VINTAGE BILLBOARD DRINK ME MUG", "Quantity": "6", "InvoiceDate": "01-12-2010 11:33", "UnitPrice": "1.06", "CustomerID": "17850", "Country": "United Kingdom"},
{"InvoiceNo": "536406", "StockCode": "21730", "Description": "GLASS STAR FROSTED T-LIGHT HOLDER", "Quantity": "6", "InvoiceDate": "01-12-2010 11:33", "UnitPrice": "4.25", "CustomerID": "17850", "Country": "United Kingdom"},
{"InvoiceNo": "536406", "StockCode": "21871", "Description": "SAVE THE PLANET MUG", "Quantity": "6", "InvoiceDate": "01-12-2010 11:33", "UnitPrice": "1.06", "CustomerID": "17850", "Country": "United Kingdom"},
{"InvoiceNo": "536406", "StockCode": "22752", "Description": "SET 7 BABUSHKA NESTING BOXES", "Quantity": "2", "InvoiceDate": "01-12-2010 11:33", "UnitPrice": "7.65", "CustomerID": "17850", "Country": "United Kingdom"},
{"InvoiceNo": "536406", "StockCode": "22803", "Description": "IVORY EMBROIDERED QUILT ", "Quantity": "2", "InvoiceDate": "01-12-2010 11:33", "UnitPrice": "35.75", "CustomerID": "17850", "Country": "United Kingdom"},
{"InvoiceNo": "536406", "StockCode": "37370", "Description": "RETRO COFFEE MUGS ASSORTED", "Quantity": "6", "InvoiceDate": "01-12-2010 11:33", "UnitPrice": "1.06", "CustomerID": "17850", "Country": "United Kingdom"},
{"InvoiceNo": "536406", "StockCode": "71053", "Description": "WHITE METAL LANTERN", "Quantity": "8", "InvoiceDate": "01-12-2010 11:33", "UnitPrice": "3.39", "CustomerID": "17850", "Country": "United Kingdom"},
{"InvoiceNo": "536406", "StockCode": "82482", "Description": "WOODEN PICTURE FRAME WHITE FINISH", "Quantity": "6", "InvoiceDate": "01-12-2010 11:33", "UnitPrice": "2.1", "CustomerID": "17850", "Country": "United Kingdom"},
{"InvoiceNo": "536406", "StockCode": "82483", "Description": "WOOD 2 DRAWER CABINET WHITE FINISH", "Quantity": "4", "InvoiceDate": "01-12-2010 11:33", "UnitPrice": "4.95", "CustomerID": "17850", "Country": "United Kingdom"},
{"InvoiceNo": "536406", "StockCode": "82486", "Description": "WOOD S/3 CABINET ANT WHITE FINISH", "Quantity": "4", "InvoiceDate": "01-12-2010 11:33", "UnitPrice": "6.95", "CustomerID": "17850", "Country": "United Kingdom"},
{"InvoiceNo": "536406", "StockCode": "82494L", "Description": "WOODEN FRAME ANTIQUE WHITE ", "Quantity": "6", "InvoiceDate": "01-12-2010 11:33", "UnitPrice": "2.55", "CustomerID": "17850", "Country": "United Kingdom"},
{"InvoiceNo": "536406", "StockCode": "84029E", "Description": "RED WOOLLY HOTTIE WHITE HEART.", "Quantity": "6", "InvoiceDate": "01-12-2010 11:33", "UnitPrice": "3.39", "CustomerID": "17850", "Country": "United Kingdom"},
{"InvoiceNo": "536406", "StockCode": "84029G", "Description": "KNITTED UNION FLAG HOT WATER BOTTLE", "Quantity": "6", "InvoiceDate": "01-12-2010 11:33", "UnitPrice": "3.39", "CustomerID": "17850", "Country": "United Kingdom"},
{"InvoiceNo": "536406", "StockCode": "84406B", "Description": "CREAM CUPID HEARTS COAT HANGER", "Quantity": "8", "InvoiceDate": "01-12-2010 11:33", "UnitPrice": "2.75", "CustomerID": "17850", "Country": "United Kingdom"},
{"InvoiceNo": "536406", "StockCode": "85123A", "Description": "WHITE HANGING HEART T-LIGHT HOLDER", "Quantity": "8", "InvoiceDate": "01-12-2010 11:33", "UnitPrice": "2.55", "CustomerID": "17850", "Country": "United Kingdom"},
{"InvoiceNo": "536416", "StockCode": "21494", "Description": "ROTATING LEAVES T-LIGHT HOLDER", "Quantity": "12", "InvoiceDate": "01-12-2010 11:58", "UnitPrice": "1.25", "CustomerID": "13255", "Country": "United Kingdom"},
{"InvoiceNo": "536416", "StockCode": "21915", "Description": "RED  HARMONICA IN BOX ", "Quantity": "72", "InvoiceDate": "01-12-2010 11:58", "UnitPrice": "1.25", "CustomerID": "13255", "Country": "United Kingdom"},
{"InvoiceNo": "536416", "StockCode": "22767", "Description": "TRIPLE PHOTO FRAME CORNICE ", "Quantity": "4", "InvoiceDate": "01-12-2010 11:58", "UnitPrice": "9.95", "CustomerID": "13255", "Country": "United Kingdom"},
{"InvoiceNo": "536416", "StockCode": "22768", "Description": "FAMILY PHOTO FRAME CORNICE", "Quantity": "4", "InvoiceDate": "01-12-2010 11:58", "UnitPrice": "9.95", "CustomerID": "13255", "Country": "United Kingdom"},
{"InvoiceNo": "536416", "StockCode": "22938", "Description": "CUPCAKE LACE PAPER SET 6", "Quantity": "12", "InvoiceDate": "01-12-2010 11:58", "UnitPrice": "1.95", "CustomerID": "13255", "Country": "United Kingdom"},
{"InvoiceNo": "536416", "StockCode": "82494L", "Description": "WOODEN FRAME ANTIQUE WHITE ", "Quantity": "6", "InvoiceDate": "01-12-2010 11:58", "UnitPrice": "2.95", "CustomerID": "13255", "Country": "United Kingdom"},
{"InvoiceNo": "536446", "StockCode": "10133", "Description": "COLOURING PENCILS BROWN TUBE", "Quantity": "5", "InvoiceDate": "01-12-2010 12:15", "UnitPrice": "0.85", "CustomerID": "15983", "Country": "United Kingdom"},
{"InvoiceNo": "536446", "StockCode": "16014", "Description": "SMALL CHINESE STYLE SCISSOR", "Quantity": "10", "InvoiceDate": "01-12-2010 12:15", "UnitPrice": "0.42", "CustomerID": "15983", "Country": "United Kingdom"},
{"InvoiceNo": "536446", "StockCode": "16016", "Description": "LARGE CHINESE STYLE SCISSOR", "Quantity": "10", "InvoiceDate": "01-12-2010 12:15", "UnitPrice": "0.85", "CustomerID": "15983", "Country": "United Kingdom"},
{"InvoiceNo": "536446", "StockCode": "20773", "Description": "BLUE PAISLEY NOTEBOOK", "Quantity": "2", "InvoiceDate": "01-12-2010 12:15", "UnitPrice": "1.65", "CustomerID": "15983", "Country": "United Kingdom"},
{"InvoiceNo": "536446", "StockCode": "20774", "Description": "GREEN FERN NOTEBOOK", "Quantity": "2", "InvoiceDate": "01-12-2010 12:15", "UnitPrice": "1.65", "CustomerID": "15983", "Country": "United Kingdom"},
{"InvoiceNo": "536446", "StockCode": "20777", "Description": "CHRYSANTHEMUM NOTEBOOK", "Quantity": "2", "InvoiceDate": "01-12-2010 12:15", "UnitPrice": "1.65", "CustomerID": "15983", "Country": "United Kingdom"},
{"InvoiceNo": "536446", "StockCode": "21156", "Description": "RETROSPOT CHILDRENS APRON", "Quantity": "1", "InvoiceDate": "01-12-2010 12:15", "UnitPrice": "1.95", "CustomerID": "15983", "Country": "United Kingdom"},
{"InvoiceNo": "536446", "StockCode": "21156", "Description": "RETROSPOT CHILDRENS APRON", "Quantity": "3", "InvoiceDate": "01-12-2010 12:15", "UnitPrice": "1.95", "CustomerID": "15983", "Country": "United Kingdom"},
{"InvoiceNo": "536446", "StockCode": "21586", "Description": "KINGS CHOICE GIANT TUBE MATCHES", "Quantity": "4", "InvoiceDate": "01-12-2010 12:15", "UnitPrice": "2.55", "CustomerID": "15983", "Country": "United Kingdom"},
{"InvoiceNo": "536446", "StockCode": "21587", "Description": "COSY HOUR GIANT TUBE MATCHES", "Quantity": "4", "InvoiceDate": "01-12-2010 12:15", "UnitPrice": "2.55", "CustomerID": "15983", "Country": "United Kingdom"},
{"InvoiceNo": "536446", "StockCode": "21591", "Description": "COSY HOUR CIGAR BOX MATCHES ", "Quantity": "6", "InvoiceDate": "01-12-2010 12:15", "UnitPrice": "1.25", "CustomerID": "15983", "Country": "United Kingdom"},
{"InvoiceNo": "536446", "StockCode": "21651", "Description": "HANGING GLASS ETCHED TEALIGHT", "Quantity": "6", "InvoiceDate": "01-12-2010 12:15", "UnitPrice": "1.65", "CustomerID": "15983", "Country": "United Kingdom"},
{"InvoiceNo": "536446", "StockCode": "21651", "Description": "HANGING GLASS ETCHED TEALIGHT", "Quantity": "6", "InvoiceDate": "01-12-2010 12:15", "UnitPrice": "1.65", "CustomerID": "15983", "Country": "United Kingdom"},
{"InvoiceNo": "536446", "StockCode": "21890", "Description": "S/6 WOODEN SKITTLES IN COTTON BAG", "Quantity": "2", "InvoiceDate": "01-12-2010 12:15", "UnitPrice": "2.95", "CustomerID": "15983", "Country": "United Kingdom"},
{"InvoiceNo": "536446", "StockCode": "21891", "Description": "TRADITIONAL WOODEN SKIPPING ROPE", "Quantity": "2", "InvoiceDate": "01-12-2010 12:15", "UnitPrice": "1.25", "CustomerID": "15983", "Country": "United Kingdom"},
{"InvoiceNo": "536446", "StockCode": "22142", "Description": "CHRISTMAS CRAFT WHITE FAIRY ", "Quantity": "2", "InvoiceDate": "01-12-2010 12:15", "UnitPrice": "1.45", "CustomerID": "15983", "Country": "United Kingdom"},
{"InvoiceNo": "536446", "StockCode": "22144", "Description": "CHRISTMAS CRAFT LITTLE FRIENDS", "Quantity": "2", "InvoiceDate": "01-12-2010 12:15", "UnitPrice": "2.1", "CustomerID": "15983", "Country": "United Kingdom"},
{"InvoiceNo": "536446", "StockCode": "22152", "Description": "PLACE SETTING WHITE STAR", "Quantity": "24", "InvoiceDate": "01-12-2010 12:15", "UnitPrice": "0.42", "CustomerID": "15983", "Country": "United Kingdom"},
{"InvoiceNo": "536446", "StockCode": "22294", "Description": "HEART FILIGREE DOVE  SMALL", "Quantity": "48", "InvoiceDate": "01-12-2010 12:15", "UnitPrice": "1.25", "CustomerID": "15983", "Country": "United Kingdom"},
{"InvoiceNo": "536446", "StockCode": "22294", "Description": "HEART FILIGREE DOVE  SMALL", "Quantity": "24", "InvoiceDate": "01-12-2010 12:15", "UnitPrice": "1.25", "CustomerID": "15983", "Country": "United Kingdom"},
{"InvoiceNo": "536446", "StockCode": "22480", "Description": "RED TEA TOWEL CLASSIC DESIGN", "Quantity": "12", "InvoiceDate": "01-12-2010 12:15", "UnitPrice": "1.25", "CustomerID": "15983", "Country": "United Kingdom"},
{"InvoiceNo": "536446", "StockCode": "22618", "Description": "COOKING SET RETROSPOT", "Quantity": "2", "InvoiceDate": "01-12-2010 12:15", "UnitPrice": "9.95", "CustomerID": "15983", "Country": "United Kingdom"},
{"InvoiceNo": "536446", "StockCode": "22619", "Description": "SET OF 6 SOLDIER SKITTLES", "Quantity": "8", "InvoiceDate": "01-12-2010 12:15", "UnitPrice": "3.75", "CustomerID": "15983", "Country": "United Kingdom"},
{"InvoiceNo": "536446", "StockCode": "22620", "Description": "4 TRADITIONAL SPINNING TOPS", "Quantity": "6", "InvoiceDate": "01-12-2010 12:15", "UnitPrice": "1.25", "CustomerID": "15983", "Country": "United Kingdom"},
{"InvoiceNo": "536446", "StockCode": "84347", "Description": "ROTATING SILVER ANGELS T-LIGHT HLDR", "Quantity": "12", "InvoiceDate": "01-12-2010 12:15", "UnitPrice": "2.55", "CustomerID": "15983", "Country": "United Kingdom"},
{"InvoiceNo": "536446", "StockCode": "84754", "Description": "S/15 SILVER GLASS BAUBLES IN BAG", "Quantity": "24", "InvoiceDate": "01-12-2010 12:15", "UnitPrice": "1.25", "CustomerID": "15983", "Country": "United Kingdom"},
{"InvoiceNo": "536446", "StockCode": "84836", "Description": "ZINC METAL HEART DECORATION", "Quantity": "12", "InvoiceDate": "01-12-2010 12:15", "UnitPrice": "1.25", "CustomerID": "15983", "Country": "United Kingdom"},
{"InvoiceNo": "536446", "StockCode": "85172", "Description": "HYACINTH BULB T-LIGHT CANDLES", "Quantity": "32", "InvoiceDate": "01-12-2010 12:15", "UnitPrice": "0.42", "CustomerID": "15983", "Country": "United Kingdom"},
{"InvoiceNo": "536446", "StockCode": "85172", "Description": "HYACINTH BULB T-LIGHT CANDLES", "Quantity": "16", "InvoiceDate": "01-12-2010 12:15", "UnitPrice": "0.42", "CustomerID": "15983", "Country": "United Kingdom"},
{"InvoiceNo": "536446", "StockCode": "72800E", "Description": "4 IVORY DINNER CANDLES SILVER FLOCK", "Quantity": "6", "InvoiceDate": "01-12-2010 12:15", "UnitPrice": "2.55", "CustomerID": "15983", "Country": "United Kingdom"},
{"InvoiceNo": "536446", "StockCode": "84625C", "Description": "BLUE NEW BAROQUE CANDLESTICK CANDLE", "Quantity": "10", "InvoiceDate": "01-12-2010 12:15", "UnitPrice": "2.95", "CustomerID": "15983", "Country": "United Kingdom"},
{"InvoiceNo": "536446", "StockCode": "85169B", "Description": "BLACK LOVE BIRD CANDLE", "Quantity": "24", "InvoiceDate": "01-12-2010 12:15", "UnitPrice": "1.25", "CustomerID": "15983", "Country": "United Kingdom"},
{"InvoiceNo": "536466", "StockCode": "22960", "Description": "JAM MAKING SET WITH JARS", "Quantity": "6", "InvoiceDate": "01-12-2010 12:23", "UnitPrice": "4.25", "CustomerID": "14849", "Country": "United Kingdom"},
{"InvoiceNo": "536466", "StockCode": "22961", "Description": "JAM MAKING SET PRINTED", "Quantity": "12", "InvoiceDate": "01-12-2010 12:23", "UnitPrice": "1.45", "CustomerID": "14849", "Country": "United Kingdom"},
{"InvoiceNo": "C536506", "StockCode": "22960", "Description": "JAM MAKING SET WITH JARS", "Quantity": "-6", "InvoiceDate": "01-12-2010 12:38", "UnitPrice": "4.25", "CustomerID": "17897", "Country": "United Kingdom"},
{"InvoiceNo": "536526", "StockCode": "21135", "Description": "VICTORIAN  METAL POSTCARD SPRING", "Quantity": "16", "InvoiceDate": "01-12-2010 12:58", "UnitPrice": "1.69", "CustomerID": "14001", "Country": "United Kingdom"},
{"InvoiceNo": "536526", "StockCode": "21929", "Description": "JUMBO BAG PINK VINTAGE PAISLEY", "Quantity": "20", "InvoiceDate": "01-12-2010 12:58", "UnitPrice": "1.95", "CustomerID": "14001", "Country": "United Kingdom"},
{"InvoiceNo": "536526", "StockCode": "22113", "Description": "GREY HEART HOT WATER BOTTLE", "Quantity": "8", "InvoiceDate": "01-12-2010 12:58", "UnitPrice": "3.75", "CustomerID": "14001", "Country": "United Kingdom"},
{"InvoiceNo": "536526", "StockCode": "22173", "Description": "METAL 4 HOOK HANGER FRENCH CHATEAU", "Quantity": "16", "InvoiceDate": "01-12-2010 12:58", "UnitPrice": "2.95", "CustomerID": "14001", "Country": "United Kingdom"},
{"InvoiceNo": "536526", "StockCode": "22411", "Description": "JUMBO SHOPPER VINTAGE RED PAISLEY", "Quantity": "10", "InvoiceDate": "01-12-2010 12:58", "UnitPrice": "1.95", "CustomerID": "14001", "Country": "United Kingdom"},
{"InvoiceNo": "536526", "StockCode": "22624", "Description": "IVORY KITCHEN SCALES", "Quantity": "6", "InvoiceDate": "01-12-2010 12:58", "UnitPrice": "8.5", "CustomerID": "14001", "Country": "United Kingdom"},
{"InvoiceNo": "536526", "StockCode": "22625", "Description": "RED KITCHEN SCALES", "Quantity": "6", "InvoiceDate": "01-12-2010 12:58", "UnitPrice": "8.5", "CustomerID": "14001", "Country": "United Kingdom"},
{"InvoiceNo": "536526", "StockCode": "22626", "Description": "BLACK KITCHEN SCALES", "Quantity": "2", "InvoiceDate": "01-12-2010 12:58", "UnitPrice": "8.5", "CustomerID": "14001", "Country": "United Kingdom"},
{"InvoiceNo": "536526", "StockCode": "85099B", "Description": "JUMBO BAG RED RETROSPOT", "Quantity": "10", "InvoiceDate": "01-12-2010 12:58", "UnitPrice": "1.95", "CustomerID": "14001", "Country": "United Kingdom"},
{"InvoiceNo": "536536", "StockCode": "21485", "Description": "RETROSPOT HEART HOT WATER BOTTLE", "Quantity": "3", "InvoiceDate": "01-12-2010 13:45", "UnitPrice": "4.95", "CustomerID": "18144", "Country": "United Kingdom"},
{"InvoiceNo": "536536", "StockCode": "72817", "Description": "SET OF 2 CHRISTMAS DECOUPAGE CANDLE", "Quantity": "12", "InvoiceDate": "01-12-2010 13:45", "UnitPrice": "1.25", "CustomerID": "18144", "Country": "United Kingdom"},
{"InvoiceNo": "536536", "StockCode": "84879", "Description": "ASSORTED COLOUR BIRD ORNAMENT", "Quantity": "80", "InvoiceDate": "01-12-2010 13:45", "UnitPrice": "1.69", "CustomerID": "18144", "Country": "United Kingdom"},
{"InvoiceNo": "536546", "StockCode": "22145", "Description": "", "Quantity": "1", "InvoiceDate": "01-12-2010 14:33", "UnitPrice": "0", "CustomerID": "", "Country": "United Kingdom"},
{"InvoiceNo": "536556", "StockCode": "20749", "Description": "ASSORTED COLOUR MINI CASES", "Quantity": "2", "InvoiceDate": "01-12-2010 14:38", "UnitPrice": "7.95", "CustomerID": "17643", "Country": "United Kingdom"},
{"InvoiceNo": "536556", "StockCode": "21843", "Description": "RED RETROSPOT CAKE STAND", "Quantity": "1", "InvoiceDate": "01-12-2010 14:38", "UnitPrice": "10.95", "CustomerID": "17643", "Country": "United Kingdom"},
{"InvoiceNo": "536556", "StockCode": "21922", "Description": "UNION STRIPE WITH FRINGE  HAMMOCK", "Quantity": "2", "InvoiceDate": "01-12-2010 14:38", "UnitPrice": "7.95", "CustomerID": "17643", "Country": "United Kingdom"},
{"InvoiceNo": "536556", "StockCode": "22336", "Description": "DOVE DECORATION PAINTED ZINC ", "Quantity": "24", "InvoiceDate": "01-12-2010 14:38", "UnitPrice": "0.65", "CustomerID": "17643", "Country": "United Kingdom"},
{"InvoiceNo": "536556", "StockCode": "22597", "Description": "CHRISTMAS MUSICAL ZINC HEART ", "Quantity": "12", "InvoiceDate": "01-12-2010 14:38", "UnitPrice": "0.85", "CustomerID": "17643", "Country": "United Kingdom"},
{"InvoiceNo": "536556", "StockCode": "22599", "Description": "CHRISTMAS MUSICAL ZINC STAR", "Quantity": "12", "InvoiceDate": "01-12-2010 14:38", "UnitPrice": "0.85", "CustomerID": "17643", "Country": "United Kingdom"},
{"InvoiceNo": "536556", "StockCode": "22694", "Description": "WICKER STAR ", "Quantity": "6", "InvoiceDate": "01-12-2010 14:38", "UnitPrice": "2.1", "CustomerID": "17643", "Country": "United Kingdom"},
{"InvoiceNo": "536556", "StockCode": "35961", "Description": "FOLKART ZINC HEART CHRISTMAS DEC", "Quantity": "12", "InvoiceDate": "01-12-2010 14:38", "UnitPrice": "0.85", "CustomerID": "17643", "Country": "United Kingdom"},
{"InvoiceNo": "536566", "StockCode": "21668", "Description": "RED STRIPE CERAMIC DRAWER KNOB", "Quantity": "6", "InvoiceDate": "01-12-2010 15:21", "UnitPrice": "1.25", "CustomerID": "16928", "Country": "United Kingdom"},
{"InvoiceNo": "536566", "StockCode": "22771", "Description": "CLEAR DRAWER KNOB ACRYLIC EDWARDIAN", "Quantity": "10", "InvoiceDate": "01-12-2010 15:21", "UnitPrice": "1.25", "CustomerID": "16928", "Country": "United Kingdom"},
{"InvoiceNo": "536566", "StockCode": "22772", "Description": "PINK DRAWER KNOB ACRYLIC EDWARDIAN", "Quantity": "20", "InvoiceDate": "01-12-2010 15:21", "UnitPrice": "1.25", "CustomerID": "16928", "Country": "United Kingdom"},
{"InvoiceNo": "536566", "StockCode": "22773", "Description": "GREEN DRAWER KNOB ACRYLIC EDWARDIAN", "Quantity": "12", "InvoiceDate": "01-12-2010 15:21", "UnitPrice": "1.25", "CustomerID": "16928", "Country": "United Kingdom"},
{"InvoiceNo": "536566", "StockCode": "22774", "Description": "RED DRAWER KNOB ACRYLIC EDWARDIAN", "Quantity": "36", "InvoiceDate": "01-12-2010 15:21", "UnitPrice": "1.25", "CustomerID": "16928", "Country": "United Kingdom"},
{"InvoiceNo": "536566", "StockCode": "22805", "Description": "BLUE DRAWER KNOB ACRYLIC EDWARDIAN", "Quantity": "9", "InvoiceDate": "01-12-2010 15:21", "UnitPrice": "1.25", "CustomerID": "16928", "Country": "United Kingdom"},
{"InvoiceNo": "536576", "StockCode": "20727", "Description": "LUNCH BAG  BLACK SKULL.", "Quantity": "60", "InvoiceDate": "01-12-2010 16:11", "UnitPrice": "1.45", "CustomerID": "13777", "Country": "United Kingdom"},
{"InvoiceNo": "536576", "StockCode": "20971", "Description": "PINK BLUE FELT CRAFT TRINKET BOX", "Quantity": "144", "InvoiceDate": "01-12-2010 16:11", "UnitPrice": "1.06", "CustomerID": "13777", "Country": "United Kingdom"},
{"InvoiceNo": "536576", "StockCode": "21107", "Description": "CREAM SLICE FLANNEL PINK SPOT ", "Quantity": "48", "InvoiceDate": "01-12-2010 16:11", "UnitPrice": "2.55", "CustomerID": "13777", "Country": "United Kingdom"},
{"InvoiceNo": "536576", "StockCode": "21156", "Description": "RETROSPOT CHILDRENS APRON", "Quantity": "12", "InvoiceDate": "01-12-2010 16:11", "UnitPrice": "1.65", "CustomerID": "13777", "Country": "United Kingdom"},
{"InvoiceNo": "536576", "StockCode": "21354", "Description": "TOAST ITS - BEST MUM", "Quantity": "12", "InvoiceDate": "01-12-2010 16:11", "UnitPrice": "1.05", "CustomerID": "13777", "Country": "United Kingdom"},
{"InvoiceNo": "536576", "StockCode": "22041", "Description": "RECORD FRAME 7\" SINGLE SIZE ", "Quantity": "144", "InvoiceDate": "01-12-2010 16:11", "UnitPrice": "2.1", "CustomerID": "13777", "Country": "United Kingdom"},
{"InvoiceNo": "536576", "StockCode": "22095", "Description": "LADS ONLY TISSUE BOX", "Quantity": "72", "InvoiceDate": "01-12-2010 16:11", "UnitPrice": "1.25", "CustomerID": "13777", "Country": "United Kingdom"},
{"InvoiceNo": "536576", "StockCode": "82615", "Description": "PINK MARSHMALLOW SCARF KNITTING KIT", "Quantity": "36", "InvoiceDate": "01-12-2010 16:11", "UnitPrice": "2.55", "CustomerID": "13777", "Country": "United Kingdom"},
{"InvoiceNo": "536576", "StockCode": "84050", "Description": "PINK HEART SHAPE EGG FRYING PAN", "Quantity": "96", "InvoiceDate": "01-12-2010 16:11", "UnitPrice": "1.25", "CustomerID": "13777", "Country": "United Kingdom"},
{"InvoiceNo": "536576", "StockCode": "85038", "Description": "6 CHOCOLATE LOVE HEART T-LIGHTS", "Quantity": "72", "InvoiceDate": "01-12-2010 16:11", "UnitPrice": "1.69", "CustomerID": "13777", "Country": "United Kingdom"},
{"InvoiceNo": "536576", "StockCode": "85174", "Description": "S/4 CACTI CANDLES", "Quantity": "16", "InvoiceDate": "01-12-2010 16:11", "UnitPrice": "4.25", "CustomerID": "13777", "Country": "United Kingdom"},
{"InvoiceNo": "536576", "StockCode": "15056N", "Description": "EDWARDIAN PARASOL NATURAL", "Quantity": "36", "InvoiceDate": "01-12-2010 16:11", "UnitPrice": "4.25", "CustomerID": "13777", "Country": "United Kingdom"},
{"InvoiceNo": "536576", "StockCode": "35004C", "Description": "SET OF 3 COLOURED  FLYING DUCKS", "Quantity": "120", "InvoiceDate": "01-12-2010 16:11", "UnitPrice": "4.65", "CustomerID": "13777", "Country": "United Kingdom"},
{"InvoiceNo": "536576", "StockCode": "84029E", "Description": "RED WOOLLY HOTTIE WHITE HEART.", "Quantity": "96", "InvoiceDate": "01-12-2010 16:11", "UnitPrice": "2.95", "CustomerID": "13777", "Country": "United Kingdom"},
{"InvoiceNo": "536576", "StockCode": "85099B", "Description": "JUMBO BAG RED RETROSPOT", "Quantity": "30", "InvoiceDate": "01-12-2010 16:11", "UnitPrice": "1.65", "CustomerID": "13777", "Country": "United Kingdom"},
{"InvoiceNo": "536576", "StockCode": "85123A", "Description": "WHITE HANGING HEART T-LIGHT HOLDER", "Quantity": "128", "InvoiceDate": "01-12-2010 16:11", "UnitPrice": "2.55", "CustomerID": "13777", "Country": "United Kingdom"},
{"InvoiceNo": "536586", "StockCode": "22725", "Description": "ALARM CLOCK BAKELIKE CHOCOLATE", "Quantity": "4", "InvoiceDate": "01-12-2010 16:25", "UnitPrice": "3.75", "CustomerID": "18229", "Country": "United Kingdom"},
{"InvoiceNo": "536586", "StockCode": "22726", "Description": "ALARM CLOCK BAKELIKE GREEN", "Quantity": "8", "InvoiceDate": "01-12-2010 16:25", "UnitPrice": "3.75", "CustomerID": "18229", "Country": "United Kingdom"},
{"InvoiceNo": "536586", "StockCode": "22728", "Description": "ALARM CLOCK BAKELIKE PINK", "Quantity": "8", "InvoiceDate": "01-12-2010 16:25", "UnitPrice": "3.75", "CustomerID": "18229", "Country": "United Kingdom"},
{"InvoiceNo": "536586", "StockCode": "22729", "Description": "ALARM CLOCK BAKELIKE ORANGE", "Quantity": "4", "InvoiceDate": "01-12-2010 16:25", "UnitPrice": "3.75", "CustomerID": "18229", "Country": "United Kingdom"},
{"InvoiceNo": "536586", "StockCode": "22730", "Description": "ALARM CLOCK BAKELIKE IVORY", "Quantity": "4", "InvoiceDate": "01-12-2010 16:25", "UnitPrice": "3.75", "CustomerID": "18229", "Country": "United Kingdom"},
{"InvoiceNo": "536586", "StockCode": "22846", "Description": "BREAD BIN DINER STYLE RED ", "Quantity": "8", "InvoiceDate": "01-12-2010 16:25", "UnitPrice": "14.95", "CustomerID": "18229", "Country": "United Kingdom"},
{"InvoiceNo": "536586", "StockCode": "22848", "Description": "BREAD BIN DINER STYLE PINK", "Quantity": "8", "InvoiceDate": "01-12-2010 16:25", "UnitPrice": "14.95", "CustomerID": "18229", "Country": "United Kingdom"},
{"InvoiceNo": "536596", "StockCode": "21624", "Description": "VINTAGE UNION JACK DOORSTOP", "Quantity": "1", "InvoiceDate": "01-12-2010 17:29", "UnitPrice": "5.95", "CustomerID": "", "Country": "United Kingdom"},
{"InvoiceNo": "536596", "StockCode": "21967", "Description": "PACK OF 12 SKULL TISSUES", "Quantity": "1", "InvoiceDate": "01-12-2010 17:29", "UnitPrice": "0.29", "CustomerID": "", "Country": "United Kingdom"},
{"InvoiceNo": "536596", "StockCode": "22114", "Description": "HOT WATER BOTTLE TEA AND SYMPATHY", "Quantity": "1", "InvoiceDate": "01-12-2010 17:29", "UnitPrice": "3.95", "CustomerID": "", "Country": "United Kingdom"},
{"InvoiceNo": "536596", "StockCode": "22802", "Description": "FAUX FUR CHOCOLATE THROW", "Quantity": "1", "InvoiceDate": "01-12-2010 17:29", "UnitPrice": "19.95", "CustomerID": "", "Country": "United Kingdom"},
{"InvoiceNo": "536596", "StockCode": "22900", "Description": " SET 2 TEA TOWELS I LOVE LONDON ", "Quantity": "1", "InvoiceDate": "01-12-2010 17:29", "UnitPrice": "2.95", "CustomerID": "", "Country": "United Kingdom"},
{"InvoiceNo": "536596", "StockCode": "84926A", "Description": "WAKE UP COCKEREL TILE COASTER", "Quantity": "4", "InvoiceDate": "01-12-2010 17:29", "UnitPrice": "1.25", "CustomerID": "", "Country": "United Kingdom"}
]