[{"InvoiceNo": "536373", "StockCode": "20679", "Description": "EDWARDIAN PARASOL RED", "Quantity": "6", "InvoiceDate": "01-12-2010 9:02", "UnitPrice": "4.95", "CustomerID": "17850", "Country": "United Kingdom"},
{"InvoiceNo": "536373", "StockCode": "21068", "Description": "VINTAGE BILLBOARD LOVE/HATE MUG", "Quantity": "6", "InvoiceDate": "01-12-2010 9:02", "UnitPrice": "1.06", "CustomerID": "17850", "Country": "United Kingdom"},
{"InvoiceNo": "536373", "StockCode": "21071", "Description": "VINTAGE BILLBOARD DRINK ME MUG", "Quantity": "6", "InvoiceDate": "01-12-2010 9:02", "UnitPrice": "1.06", "CustomerID": "17850", "Country": "United Kingdom"},
{"InvoiceNo": "536373", "StockCode": "21730", "Description": "GLASS STAR FROSTED T-LIGHT HOLDER", "Quantity": "6", "InvoiceDate": "01-12-2010 9:02", "UnitPrice": "4.25", "CustomerID": "17850", "Country": "United Kingdom"},
{"InvoiceNo": "536373", "StockCode": "21871", "Description": "SAVE THE PLANET MUG", "Quantity": "6", "InvoiceDate": "01-12-2010 9:02", "UnitPrice": "1.06", "CustomerID": "17850", "Country": "United Kingdom"},
{"InvoiceNo": "536373", "StockCode": "22752", "Description": "SET 7 BABUSHKA NESTING BOXES", "Quantity": "2", "InvoiceDate": "01-12-2010 9:02", "UnitPrice": "7.65", "CustomerID": "17850", "Country": "United Kingdom"},
{"InvoiceNo": "536373", "StockCode": "37370", "Description": "RETRO COFFEE MUGS ASSORTED", "Quantity": "6", "InvoiceDate": "01-12-2010 9:02", "UnitPrice": "1.06", "CustomerID": "17850", "Country": "United Kingdom"},
{"InvoiceNo": "536373", "StockCode": "71053", "Description": "WHITE METAL LANTERN", "Quantity": "6", "InvoiceDate": "01-12-2010 9:02", "UnitPrice": "3.39", "CustomerID": "17850", "Country": "United Kingdom"},
{"InvoiceNo": "536373", "StockCode": "82482", "Description": "WOODEN PICTURE FRAME WHITE FINISH", "Quantity": "6", "InvoiceDate": "01-12-2010 9:02", "UnitPrice": "2.1", "CustomerID": "17850", "Country": "United Kingdom"},
{"InvoiceNo": "536373", "StockCode": "82483", "Description": "WOOD 2 DRAWER CABINET WHITE FINISH", "Quantity": "2", "InvoiceDate": "01-12-2010 9:02", "UnitPrice": "4.95", "CustomerID": "17850", "Country": "United Kingdom"},
{"InvoiceNo": "536373", "StockCode": "82486", "Description": "WOOD S/3 CABINET ANT WHITE FINISH", "Quantity": "4", "InvoiceDate": "01-12-2010 9:02", "UnitPrice": "6.95", "CustomerID": "17850", "Country": "United Kingdom"},
{"InvoiceNo": "536373", "StockCode": "82494L", "Description": "WOODEN FRAME ANTIQUE WHITE ", "Quantity": "6", "InvoiceDate": "01-12-2010 9:02", "UnitPrice": "2.55", "CustomerID": "17850", "Country": "United Kingdom"},
{"InvoiceNo": "536373", "StockCode": "84029E", "Description": "RED WOOLLY HOTTIE WHITE HEART.", "Quantity": "6", "InvoiceDate": "01-12-2010 9:02", "UnitPrice": "3.39", "CustomerID": "17850", "Country": "United Kingdom"},
{"InvoiceNo": "536373", "StockCode": "84029G", "Description": "KNITTED UNION FLAG HOT WATER BOTTLE", "Quantity": "6", "InvoiceDate": "01-12-2010 9:02", "UnitPrice": "3.39", "CustomerID": "17850", "Country": "United Kingdom"},
{"InvoiceNo": "536373", "StockCode": "84406B", "Description": "CREAM CUPID HEARTS COAT HANGER", "Quantity": "8", "InvoiceDate": "01-12-2010 9:02", "UnitPrice": "2.75", "CustomerID": "17850", "Country": "United Kingdom"},
{"InvoiceNo": "536373", "StockCode": "85123A", "Description": "WHITE HANGING HEART T-LIGHT HOLDER", "Quantity": "6", "InvoiceDate": "01-12-2010 9:02", "UnitPrice": "2.55", "CustomerID": "17850", "Country": "United Kingdom"},
{"InvoiceNo": "C536383", "StockCode": "35004C", "Description": "SET OF 3 COLOURED  FLYING DUCKS", "Quantity": "-1", "InvoiceDate": "01-12-2010 9:49", "UnitPrice": "4.65", "CustomerID": "15311", "Country": "United Kingdom"},
{"InvoiceNo": "536393", "StockCode": "22180", "Description": "RETROSPOT LAMP", "Quantity": "8", "InvoiceDate": "01-12-2010 10:37", "UnitPrice": "9.95", "CustomerID": "13747", "Country": "United Kingdom"},
{"InvoiceNo": "536403", "StockCode": "22867", "Description": "HAND WARMER BIRD DESIGN", "Quantity": "96", "InvoiceDate": "01-12-2010 11:27", "UnitPrice": "1.85", "CustomerID": "12791", "Country": "Netherlands"},
{"InvoiceNo": "536403", "StockCode": "POST", "Description": "POSTAGE", "Quantity": "1", "InvoiceDate": "01-12-2010 11:27", "UnitPrice": "15", "CustomerID": "12791", "Country": "Netherlands"},
{"InvoiceNo": "536423", "StockCode": "21479", "Description": "WHITE SKULL HOT WATER BOTTLE ", "Quantity": "8", "InvoiceDate": "01-12-2010 12:08", "UnitPrice": "3.75", "CustomerID": "18085", "Country": "United Kingdom"},
{"InvoiceNo": "536423", "StockCode": "21481", "Description": "FAWN BLUE HOT WATER BOTTLE", "Quantity": "6", "InvoiceDate": "01-12-2010 12:08", "UnitPrice": "2.95", "CustomerID": "18085", "Country": "United Kingdom"},
{"InvoiceNo": "536423", "StockCode": "21485", "Description": "RETROSPOT HEART HOT WATER BOTTLE", "Quantity": "8", "InvoiceDate": "01-12-2010 12:08", "UnitPrice": "4.95", "CustomerID": "18085", "Country": "United Kingdom"},
{"InvoiceNo": "536423", "StockCode": "22111", "Description": "SCOTTIE DOG HOT WATER BOTTLE", "Quantity": "16", "InvoiceDate": "01-12-2010 12:08", "UnitPrice": "4.95", "CustomerID": "18085", "Country": "United Kingdom"},
{"InvoiceNo": "536423", "StockCode": "22113", "Description": "GREY HEART HOT WATER BOTTLE", "Quantity": "8", "InvoiceDate": "01-12-2010 12:08", "UnitPrice": "3.75", "CustomerID": "18085", "Country": "United Kingdom"},
{"InvoiceNo": "536423", "StockCode": "22619", "Description": "SET OF 6 SOLDIER SKITTLES", "Quantity": "4", "InvoiceDate": "01-12-2010 12:08", "UnitPrice": "3.75", "CustomerID": "18085", "Country": "United Kingdom"},
{"InvoiceNo": "536423", "StockCode": "22632", "Description": "HAND WARMER RED RETROSPOT", "Quantity": "12", "InvoiceDate": "01-12-2010 12:08", "UnitPrice": "2.1", "CustomerID": "18085", "Country": "United Kingdom"},
{"InvoiceNo": "536423", "StockCode": "22837", "Description": "HOT WATER BOTTLE BABUSHKA ", "Quantity": "8", "InvoiceDate": "01-12-2010 12:08", "UnitPrice": "4.65", "CustomerID": "18085", "Country": "United Kingdom"},
{"InvoiceNo": "536423", "StockCode": "84029E", "Description": "RED WOOLLY HOTTIE WHITE HEART.", "Quantity": "8", "InvoiceDate": "01-12-2010 12:08", "UnitPrice": "3.75", "CustomerID": "18085", "Country": "United Kingdom"},
{"InvoiceNo": "536463", "StockCode": "82552", "Description": "WASHROOM METAL SIGN", "Quantity": "12", "InvoiceDate": "01-12-2010 12:22", "UnitPrice": "1.45", "CustomerID": "14849", "Country": "United Kingdom"},
{"InvoiceNo": "536523", "StockCode": "21259", "Description": "VICTORIAN SEWING BOX SMALL ", "Quantity": "2", "InvoiceDate": "01-12-2010 12:50", "UnitPrice": "5.95", "CustomerID": "12868", "Country": "United Kingdom"},
{"InvoiceNo": "536523", "StockCode": "21485", "Description": "RETROSPOT HEART HOT WATER BOTTLE", "Quantity": "3", "InvoiceDate": "01-12-2010 12:50", "UnitPrice": "4.95", "CustomerID": "12868", "Country": "United Kingdom"},
{"InvoiceNo": "536523", "StockCode": "22111", "Description": "SCOTTIE DOG HOT WATER BOTTLE", "Quantity": "3", "InvoiceDate": "01-12-2010 12:50", "UnitPrice": "4.95", "CustomerID": "12868", "Country": "United Kingdom"},
{"InvoiceNo": "536523", "StockCode": "22149", "Description": "FELTCRAFT 6 FLOWER FRIENDS", "Quantity": "6", "InvoiceDate": "01-12-2010 12:50", "UnitPrice": "2.1", "CustomerID": "12868", "Country": "United Kingdom"},
{"InvoiceNo": "536523", "StockCode": "22217", "Description": "T-LIGHT HOLDER HANGING LACE", "Quantity": "12", "InvoiceDate": "01-12-2010 12:50", "UnitPrice": "1.25", "CustomerID": "12868", "Country": "United Kingdom"},
{"InvoiceNo": "536523", "StockCode": "22219", "Description": "LOVEBIRD HANGING DECORATION WHITE ", "Quantity": "12", "InvoiceDate": "01-12-2010 12:50", "UnitPrice": "0.85", "CustomerID": "12868", "Country": "United Kingdom"},
{"InvoiceNo": "536523", "StockCode": "22227", "Description": "HANGING HEART MIRROR DECORATION ", "Quantity": "24", "InvoiceDate": "01-12-2010 12:50", "UnitPrice": "0.65", "CustomerID": "12868", "Country": "United Kingdom"},
{"InvoiceNo": "536523", "StockCode": "22294", "Description": "HEART FILIGREE DOVE  SMALL", "Quantity": "24", "InvoiceDate": "01-12-2010 12:50", "UnitPrice": "1.25", "CustomerID": "12868", "Country": "United Kingdom"},
{"InvoiceNo": "536523", "StockCode": "22468", "Description": "BABUSHKA LIGHTS STRING OF 10", "Quantity": "2", "InvoiceDate": "01-12-2010 12:50", "UnitPrice": "6.75", "CustomerID": "12868", "Country": "United Kingdom"},
{"InvoiceNo": "536523", "StockCode": "22699", "Description": "ROSES REGENCY TEACUP AND SAUCER ", "Quantity": "6", "InvoiceDate": "01-12-2010 12:50", "UnitPrice": "2.95", "CustomerID": "12868", "Country": "United Kingdom"},
{"InvoiceNo": "536523", "StockCode": "22943", "Description": "CHRISTMAS LIGHTS 10 VINTAGE BAUBLES", "Quantity": "6", "InvoiceDate": "01-12-2010 12:50", "UnitPrice": "4.95", "CustomerID": "12868", "Country": "United Kingdom"},
{"InvoiceNo": "536523", "StockCode": "22969", "Description": "HOMEMADE JAM SCENTED CANDLES", "Quantity": "12", "InvoiceDate": "01-12-2010 12:50", "UnitPrice": "1.45", "CustomerID": "12868", "Country": "United Kingdom"},
{"InvoiceNo": "536533", "StockCode": "20754", "Description": "RETROSPOT RED WASHING UP GLOVES", "Quantity": "6", "InvoiceDate": "01-12-2010 13:31", "UnitPrice": "2.1", "CustomerID": "16955", "Country": "United Kingdom"},
{"InvoiceNo": "536533", "StockCode": "21843", "Description": "RED RETROSPOT CAKE STAND", "Quantity": "1", "InvoiceDate": "01-12-2010 13:31", "UnitPrice": "10.95", "CustomerID": "16955", "Country": "United Kingdom"},
{"InvoiceNo": "536533", "StockCode": "22680", "Description": "FRENCH BLUE METAL DOOR SIGN 5", "Quantity": "20", "InvoiceDate": "01-12-2010 13:31", "UnitPrice": "1.25", "CustomerID": "16955", "Country": "United Kingdom"},
{"InvoiceNo": "536533", "StockCode": "22740", "Description": "POLKADOT PEN", "Quantity": "48", "InvoiceDate": "01-12-2010 13:31", "UnitPrice": "0.85", "CustomerID": "16955", "Country": "United Kingdom"},
{"InvoiceNo": "536533", "StockCode": "22797", "Description": "CHEST OF DRAWERS GINGHAM HEART ", "Quantity": "3", "InvoiceDate": "01-12-2010 13:31", "UnitPrice": "16.95", "CustomerID": "16955", "Country": "United Kingdom"},
{"InvoiceNo": "536533", "StockCode": "22825", "Description": "DECORATIVE PLANT POT WITH FRIEZE", "Quantity": "2", "InvoiceDate": "01-12-2010 13:31", "UnitPrice": "7.95", "CustomerID": "16955", "Country": "United Kingdom"},
{"InvoiceNo": "C536543", "StockCode": "22355", "Description": "CHARLOTTE BAG SUKI DESIGN", "Quantity": "-2", "InvoiceDate": "01-12-2010 14:30", "UnitPrice": "0.85", "CustomerID": "17841", "Country": "United Kingdom"},
{"InvoiceNo": "C536543", "StockCode": "22632", "Description": "HAND WARMER RED RETROSPOT", "Quantity": "-1", "InvoiceDate": "01-12-2010 14:30", "UnitPrice": "2.1", "CustomerID": "17841", "Country": "United Kingdom"},
{"InvoiceNo": "536553", "StockCode": "37461", "Description": "", "Quantity": "3", "InvoiceDate": "01-12-2010 14:35", "UnitPrice": "0", "CustomerID": "", "Country": "United Kingdom"},
{"InvoiceNo": "536563", "StockCode": "21452", "Description": "TOADSTOOL MONEY BOX", "Quantity": "10", "InvoiceDate": "01-12-2010 15:08", "UnitPrice": "2.95", "CustomerID": "17760", "Country": "United Kingdom"},
{"InvoiceNo": "536563", "StockCode": "21818", "Description": "GLITTER CHRISTMAS HEART ", "Quantity": "36", "InvoiceDate": "01-12-2010 15:08", "UnitPrice": "0.85", "CustomerID": "17760", "Country": "United Kingdom"},
{"InvoiceNo": "536563", "StockCode": "22798", "Description": "ANTIQUE GLASS DRESSING TABLE POT", "Quantity": "4", "InvoiceDate": "01-12-2010 15:08", "UnitPrice": "2.95", "CustomerID": "17760", "Country": "United Kingdom"},
{"InvoiceNo": "536563", "StockCode": "22800", "Description": "ANTIQUE TALL SWIRLGLASS TRINKET POT", "Quantity": "4", "InvoiceDate": "01-12-2010 15:08", "UnitPrice": "3.75", "CustomerID": "17760", "Country": "United Kingdom"},
{"InvoiceNo": "536563", "StockCode": "22909", "Description": "SET OF 20 VINTAGE CHRISTMAS NAPKINS", "Quantity": "10", "InvoiceDate": "01-12-2010 15:08", "UnitPrice": "0.85", "CustomerID": "17760", "Country": "United Kingdom"},
{"InvoiceNo": "536563", "StockCode": "22941", "Description": "CHRISTMAS LIGHTS 10 REINDEER", "Quantity": "1", "InvoiceDate": "01-12-2010 15:08", "UnitPrice": "8.5", "CustomerID": "17760", "Country": "United Kingdom"},
{"InvoiceNo": "536563", "StockCode": "22964", "Description": "3 PIECE SPACEBOY COOKIE CUTTER SET", "Quantity": "4", "InvoiceDate": "01-12-2010 15:08", "UnitPrice": "2.1", "CustomerID": "17760", "Country": "United Kingdom"},
{"InvoiceNo": "536563", "StockCode": "22976", "Description": "CIRCUS PARADE CHILDRENS EGG CUP ", "Quantity": "24", "InvoiceDate": "01-12-2010 15:08", "UnitPrice": "1.25", "CustomerID": "17760", "Country": "United Kingdom"},
{"InvoiceNo": "536563", "StockCode": "85199S", "Description": "SMALL HANGING IVORY/RED WOOD BIRD", "Quantity": "72", "InvoiceDate": "01-12-2010 15:08", "UnitPrice": "0.42", "CustomerID": "17760", "Country": "United Kingdom"},
{"InvoiceNo": "536573", "StockCode": "22178", "Description": "VICTORIAN GLASS HANGING T-LIGHT", "Quantity": "36", "InvoiceDate": "01-12-2010 15:45", "UnitPrice": "1.25", "CustomerID": "17025", "Country": "United Kingdom"},
{"InvoiceNo": "536573", "StockCode": "22791", "Description": "T-LIGHT GLASS FLUTED ANTIQUE", "Quantity": "72", "InvoiceDate": "01-12-2010 15:45", "UnitPrice": "1.06", "CustomerID": "17025", "Country": "United Kingdom"},
{"InvoiceNo": "536573", "StockCode": "84755", "Description": "COLOUR GLASS T-LIGHT HOLDER HANGING", "Quantity": "16", "InvoiceDate": "01-12-2010 15:45", "UnitPrice": "0.65", "CustomerID": "17025", "Country": "United Kingdom"},
{"InvoiceNo": "536573", "StockCode": "84970L", "Description": "SINGLE HEART ZINC T-LIGHT HOLDER", "Quantity": "12", "InvoiceDate": "01-12-2010 15:45", "UnitPrice": "0.95", "CustomerID": "17025", "Country": "United Kingdom"},
{"InvoiceNo": "536583", "StockCode": "21156", "Description": "RETROSPOT CHILDRENS APRON", "Quantity": "120", "InvoiceDate": "01-12-2010 16:21", "UnitPrice": "1.65", "CustomerID": "13777", "Country": "United Kingdom"},
{"InvoiceNo": "536593", "StockCode": "21472", "Description": "LADYBIRD + BEE RAFFIA FOOD COVER", "Quantity": "6", "InvoiceDate": "01-12-2010 17:15", "UnitPrice": "3.75", "CustomerID": "16835", "Country": "United Kingdom"},
{"InvoiceNo": "536593", "StockCode": "21524", "Description": "DOORMAT SPOTTY HOME SWEET HOME", "Quantity": "2", "InvoiceDate": "01-12-2010 17:15", "UnitPrice": "7.95", "CustomerID": "16835", "Country": "United Kingdom"},
{"InvoiceNo": "536593", "StockCode": "22222", "Description": "CAKE PLATE LOVEBIRD WHITE", "Quantity": "3", "InvoiceDate": "01-12-2010 17:15", "UnitPrice": "4.95", "CustomerID": "16835", "Country": "United Kingdom"},
{"InvoiceNo": "536593", "StockCode": "22366", "Description": "DOORMAT AIRMAIL ", "Quantity": "2", "InvoiceDate": "01-12-2010 17:15", "UnitPrice": "7.95", "CustomerID": "16835", "Country": "United Kingdom"},
{"InvoiceNo": "536593", "StockCode": "22519", "Description": "CHILDS GARDEN BRUSH PINK", "Quantity": "6", "InvoiceDate": "01-12-2010 17:15", "UnitPrice": "2.1", "CustomerID": "16835", "Country": "United Kingdom"}
]