[{"InvoiceNo": "536365", "StockCode": "21730", "Description": "GLASS STAR FROSTED T-LIGHT HOLDER", "Quantity": "6", "InvoiceDate": "01-12-2010 8:26", "UnitPrice": "4.25", "CustomerID": "17850", "Country": "United Kingdom"},
{"InvoiceNo": "536365", "StockCode": "22752", "Description": "SET 7 BABUSHKA NESTING BOXES", "Quantity": "2", "InvoiceDate": "01-12-2010 8:26", "UnitPrice": "7.65", "CustomerID": "17850", "Country": "United Kingdom"},
{"InvoiceNo": "536365", "StockCode": "71053", "Description": "WHITE METAL LANTERN", "Quantity": "6", "InvoiceDate": "01-12-2010 8:26", "UnitPrice": "3.39", "CustomerID": "17850", "Country": "United Kingdom"},
{"InvoiceNo": "536365", "StockCode": "84029E", "Description": "RED WOOLLY HOTTIE WHITE HEART.", "Quantity": "6", "InvoiceDate": "01-12-2010 8:26", "UnitPrice": "3.39", "CustomerID": "17850", "Country": "United Kingdom"},
{"InvoiceNo": "536365", "StockCode": "84029G", "Description": "KNITTED UNION FLAG HOT WATER BOTTLE", "Quantity": "6", "InvoiceDate": "01-12-2010 8:26", "UnitPrice": "3.39", "CustomerID": "17850", "Country": "United Kingdom"},
{"InvoiceNo": "536365", "StockCode": "84406B", "Description": "CREAM CUPID HEARTS COAT HANGER", "Quantity": "8", "InvoiceDate": "01-12-2010 8:26", "UnitPrice": "2.75", "CustomerID": "17850", "Country": "United Kingdom"},
{"InvoiceNo": "536365", "StockCode": "85123A", "Description": "WHITE HANGING HEART T-LIGHT HOLDER", "Quantity": "6", "InvoiceDate": "01-12-2010 8:26", "UnitPrice": "2.55", "CustomerID": "17850", "Country": "United Kingdom"},
{"InvoiceNo": "536375", "StockCode": "20679", "Description": "EDWARDIAN PARASOL RED", "Quantity": "6", "InvoiceDate": "01-12-2010 9:32", "UnitPrice": "4.95", "CustomerID": "17850", "Country": "United Kingdom"},
{"InvoiceNo": "536375", "StockCode": "21068", "Description": "VINTAGE BILLBOARD LOVE/HATE MUG", "Quantity": "6", "InvoiceDate": "01-12-2010 9:32", "UnitPrice": "1.06", "CustomerID": "17850", "Country": "United Kingdom"},
{"InvoiceNo": "536375", "StockCode": "21071", "Description": "VINTAGE BILLBOARD DRINK ME MUG", "Quantity": "6", "InvoiceDate": "01-12-2010 9:32", "UnitPrice": "1.06", "CustomerID": "17850", "Country": "United Kingdom"},
{"InvoiceNo": "536375", "StockCode": "21730", "Description": "GLASS STAR FROSTED T-LIGHT HOLDER", "Quantity": "6", "InvoiceDate": "01-12-2010 9:32", "UnitPrice": "4.25", "CustomerID": "17850", "Country": "United Kingdom"},
{"InvoiceNo": "536375", "StockCode": "21871", "Description": "SAVE THE PLANET MUG", "Quantity": "6", "InvoiceDate": "01-12-2010 9:32", "UnitPrice": "1.06", "CustomerID": "17850", "Country": "United Kingdom"},
{"InvoiceNo": "536375", "StockCode": "22752", "Description": "SET 7 BABUSHKA NESTING BOXES", "Quantity": "2", "InvoiceDate": "01-12-2010 9:32", "UnitPrice": "7.65", "CustomerID": "17850", "Country": "United Kingdom"},
{"InvoiceNo": "536375", "StockCode": "37370", "Description": "RETRO COFFEE MUGS ASSORTED", "Quantity": "6", "InvoiceDate": "01-12-2010 9:32", "UnitPrice": "1.06", "CustomerID": "17850", "Country": "United Kingdom"},
{"InvoiceNo": "536375", "StockCode": "71053", "Description": "WHITE METAL LANTERN", "Quantity": "6", "InvoiceDate": "01-12-2010 9:32", "UnitPrice": "3.39", "CustomerID": "17850", "Country": "United Kingdom"},
{"InvoiceNo": "536375", "StockCode": "82482", "Description": "WOODEN PICTURE FRAME WHITE FINISH", "Quantity": "6", "InvoiceDate": "01-12-2010 9:32", "UnitPrice": "2.1", "CustomerID": "17850", "Country": "United Kingdom"},
{"InvoiceNo": "536375", "StockCode": "82483", "Description": "WOOD 2 DRAWER CABINET WHITE FINISH", "Quantity": "2", "InvoiceDate": "01-12-2010 9:32", "UnitPrice": "4.95", "CustomerID": "17850", "Country": "United Kingdom"},
{"InvoiceNo": "536375", "StockCode": "82486", "Description": "WOOD S/3 CABINET ANT WHITE FINISH", "Quantity": "4", "InvoiceDate": "01-12-2010 9:32", "UnitPrice": "6.95", "CustomerID": "17850", "Country": "United Kingdom"},
{"InvoiceNo": "536375", "StockCode": "82494L", "Description": "WOODEN FRAME ANTIQUE WHITE ", "Quantity": "6", "InvoiceDate": "01-12-2010 9:32", "UnitPrice": "2.55", "CustomerID": "17850", "Country": "United Kingdom"},
{"InvoiceNo": "536375", "StockCode": "84029E", "Description": "RED WOOLLY HOTTIE WHITE HEART.", "Quantity": "6", "InvoiceDate": "01-12-2010 9:32", "UnitPrice": "3.39", "CustomerID": "17850", "Country": "United Kingdom"},
{"InvoiceNo": "536375", "StockCode": "84029G", "Description": "KNITTED UNION FLAG HOT WATER BOTTLE", "Quantity": "6", "InvoiceDate": "01-12-2010 9:32", "UnitPrice": "3.39", "CustomerID": "17850", "Country": "United Kingdom"},
{"InvoiceNo": "536375", "StockCode": "84406B", "Description": "CREAM CUPID HEARTS COAT HANGER", "Quantity": "8", "InvoiceDate": "01-12-2010 9:32", "UnitPrice": "2.75", "CustomerID": "17850", "Country": "United Kingdom"},
{"InvoiceNo": "536375", "StockCode": "85123A", "Description": "WHITE HANGING HEART T-LIGHT HOLDER", "Quantity": "6", "InvoiceDate": "01-12-2010 9:32", "UnitPrice": "2.55", "CustomerID": "17850", "Country": "United Kingdom"},
{"InvoiceNo": "536385", "StockCode": "22168", "Description": "ORGANISER WOOD ANTIQUE WHITE ", "Quantity": "2", "InvoiceDate": "01-12-2010 9:56", "UnitPrice": "8.5", "CustomerID": "17420", "Country": "United Kingdom"},
{"InvoiceNo": "536385", "StockCode": "22662", "Description": "LUNCH BAG DOLLY GIRL DESIGN", "Quantity": "10", "InvoiceDate": "01-12-2010 9:56", "UnitPrice": "1.65", "CustomerID": "17420", "Country": "United Kingdom"},
{"InvoiceNo": "536385", "StockCode": "22663", "Description": "JUMBO BAG DOLLY GIRL DESIGN", "Quantity": "10", "InvoiceDate": "01-12-2010 9:56", "UnitPrice": "1.95", "CustomerID": "17420", "Country": "United Kingdom"},
{"InvoiceNo": "536385", "StockCode": "22783", "Description": "SET 3 WICKER OVAL BASKETS W LIDS", "Quantity": "1", "InvoiceDate": "01-12-2010 9:56", "UnitPrice": "19.95", "CustomerID": "17420", "Country": "United Kingdom"},
{"InvoiceNo": "536385", "StockCode": "22960", "Description": "JAM MAKING SET WITH JARS", "Quantity": "6", "InvoiceDate": "01-12-2010 9:56", "UnitPrice": "4.25", "CustomerID": "17420", "Country": "United Kingdom"},
{"InvoiceNo": "536385", "StockCode": "22961", "Description": "JAM MAKING SET PRINTED", "Quantity": "12", "InvoiceDate": "01-12-2010 9:56", "UnitPrice": "1.45", "CustomerID": "17420", "Country": "United Kingdom"},
{"InvoiceNo": "536385", "StockCode": "85049A", "Description": "TRADITIONAL CHRISTMAS RIBBONS", "Quantity": "12", "InvoiceDate": "01-12-2010 9:56", "UnitPrice": "1.25", "CustomerID": "17420", "Country": "United Kingdom"},
{"InvoiceNo": "536395", "StockCode": "21212", "Description": "PACK OF 72 RETROSPOT CAKE CASES", "Quantity": "24", "InvoiceDate": "01-12-2010 10:47", "UnitPrice": "0.55", "CustomerID": "13767", "Country": "United Kingdom"},
{"InvoiceNo": "536395", "StockCode": "21314", "Description": "SMALL GLASS HEART TRINKET POT", "Quantity": "8", "InvoiceDate": "01-12-2010 10:47", "UnitPrice": "2.1", "CustomerID": "13767", "Country": "United Kingdom"},
{"InvoiceNo": "536395", "StockCode": "21484", "Description": "CHICK GREY HOT WATER BOTTLE", "Quantity": "8", "InvoiceDate": "01-12-2010 10:47", "UnitPrice": "3.45", "CustomerID": "13767", "Country": "United Kingdom"},
{"InvoiceNo": "536395", "StockCode": "21977", "Description": "PACK OF 60 PINK PAISLEY CAKE CASES", "Quantity": "24", "InvoiceDate": "01-12-2010 10:47", "UnitPrice": "0.55", "CustomerID": "13767", "Country": "United Kingdom"},
{"InvoiceNo": "536395", "StockCode": "22114", "Description": "HOT WATER BOTTLE TEA AND SYMPATHY", "Quantity": "8", "InvoiceDate": "01-12-2010 10:47", "UnitPrice": "3.95", "CustomerID": "13767", "Country": "United Kingdom"},
{"InvoiceNo": "536395", "StockCode": "22188", "Description": "BLACK HEART CARD HOLDER", "Quantity": "8", "InvoiceDate": "01-12-2010 10:47", "UnitPrice": "3.95", "CustomerID": "13767", "Country": "United Kingdom"},
{"InvoiceNo": "536395", "StockCode": "22726", "Description": "ALARM CLOCK BAKELIKE GREEN", "Quantity": "8", "InvoiceDate": "01-12-2010 10:47", "UnitPrice": "3.75", "CustomerID": "13767", "Country": "United Kingdom"},
{"InvoiceNo": "536395", "StockCode": "22727", "Description": "ALARM CLOCK BAKELIKE RED ", "Quantity": "8", "InvoiceDate": "01-12-2010 10:47", "UnitPrice": "3.75", "CustomerID": "13767", "Country": "United Kingdom"},
{"InvoiceNo": "536395", "StockCode": "22729", "Description": "ALARM CLOCK BAKELIKE ORANGE", "Quantity": "8", "InvoiceDate": "01-12-2010 10:47", "UnitPrice": "3.75", "CustomerID": "13767", "Country": "United Kingdom"},
{"InvoiceNo": "536395", "StockCode": "22730", "Description": "ALARM CLOCK BAKELIKE IVORY", "Quantity": "4", "InvoiceDate": "01-12-2010 10:47", "UnitPrice": "3.75", "CustomerID": "13767", "Country": "United Kingdom"},
{"InvoiceNo": "536395", "StockCode": "22866", "Description": "HAND WARMER SCOTTY DOG DESIGN", "Quantity": "48", "InvoiceDate": "01-12-2010 10:47", "UnitPrice": "2.1", "CustomerID": "13767", "Country": "United Kingdom"},
{"InvoiceNo": "536395", "StockCode": "22867", "Description": "HAND WARMER BIRD DESIGN", "Quantity": "48", "InvoiceDate": "01-12-2010 10:47", "UnitPrice": "2.1", "CustomerID": "13767", "Country": "United Kingdom"},
{"InvoiceNo": "536395", "StockCode": "84879", "Description": "ASSORTED COLOUR BIRD ORNAMENT", "Quantity": "32", "InvoiceDate": "01-12-2010 10:47", "UnitPrice": "1.69", "CustomerID": "13767", "Country": "United Kingdom"},
{"InvoiceNo": "536395", "StockCode": "84991", "Description": "60 TEATIME FAIRY CAKE CASES", "Quantity": "24", "InvoiceDate": "01-12-2010 10:47", "UnitPrice": "0.55", "CustomerID": "13767", "Country": "United Kingdom"},
{"InvoiceNo": "536405", "StockCode": "20914", "Description": "SET/5 RED RETROSPOT LID GLASS BOWLS", "Quantity": "128", "InvoiceDate": "01-12-2010 11:32", "UnitPrice": "2.55", "CustomerID": "14045", "Country": "United Kingdom"},
{"InvoiceNo": "536415", "StockCode": "21212", "Description": "PACK OF 72 RETROSPOT CAKE CASES", "Quantity": "2", "InvoiceDate": "01-12-2010 11:57", "UnitPrice": "0.55", "CustomerID": "12838", "Country": "United Kingdom"},
{"InvoiceNo": "536415", "StockCode": "21790", "Description": "VINTAGE SNAP CARDS", "Quantity": "3", "InvoiceDate": "01-12-2010 11:57", "UnitPrice": "0.85", "CustomerID": "12838", "Country": "United Kingdom"},
{"InvoiceNo": "536415", "StockCode": "21791", "Description": "VINTAGE HEADS AND TAILS CARD GAME ", "Quantity": "3", "InvoiceDate": "01-12-2010 11:57", "UnitPrice": "1.25", "CustomerID": "12838", "Country": "United Kingdom"},
{"InvoiceNo": "536415", "StockCode": "21916", "Description": "SET 12 RETRO WHITE CHALK STICKS", "Quantity": "2", "InvoiceDate": "01-12-2010 11:57", "UnitPrice": "0.42", "CustomerID": "12838", "Country": "United Kingdom"},
{"InvoiceNo": "536415", "StockCode": "21976", "Description": "PACK OF 60 MUSHROOM CAKE CASES", "Quantity": "2", "InvoiceDate": "01-12-2010 11:57", "UnitPrice": "0.55", "CustomerID": "12838", "Country": "United Kingdom"},
{"InvoiceNo": "536415", "StockCode": "21977", "Description": "PACK OF 60 PINK PAISLEY CAKE CASES", "Quantity": "3", "InvoiceDate": "01-12-2010 11:57", "UnitPrice": "0.55", "CustomerID": "12838", "Country": "United Kingdom"},
{"InvoiceNo": "536415", "StockCode": "21986", "Description": "PACK OF 12 PINK POLKADOT TISSUES", "Quantity": "12", "InvoiceDate": "01-12-2010 11:57", "UnitPrice": "0.29", "CustomerID": "12838", "Country": "United Kingdom"},
{"InvoiceNo": "536415", "StockCode": "22086", "Description": "PAPER CHAIN KIT 50'S CHRISTMAS ", "Quantity": "6", "InvoiceDate": "01-12-2010 11:57", "UnitPrice": "2.95", "CustomerID": "12838", "Country": "United Kingdom"},
{"InvoiceNo": "536415", "StockCode": "22130", "Description": "PARTY CONE CHRISTMAS DECORATION ", "Quantity": "6", "InvoiceDate": "01-12-2010 11:57", "UnitPrice": "0.85", "CustomerID": "12838", "Country": "United Kingdom"},
{"InvoiceNo": "536415", "StockCode": "22147", "Description": "FELTCRAFT BUTTERFLY HEARTS", "Quantity": "4", "InvoiceDate": "01-12-2010 11:57", "UnitPrice": "1.45", "CustomerID": "12838", "Country": "United Kingdom"},
{"InvoiceNo": "536415", "StockCode": "22149", "Description": "FELTCRAFT 6 FLOWER FRIENDS", "Quantity": "4", "InvoiceDate": "01-12-2010 11:57", "UnitPrice": "2.1", "CustomerID": "12838", "Country": "United Kingdom"},
{"InvoiceNo": "536415", "StockCode": "22186", "Description": "RED STAR CARD HOLDER", "Quantity": "5", "InvoiceDate": "01-12-2010 11:57", "UnitPrice": "2.95", "CustomerID": "12838", "Country": "United Kingdom"},
{"InvoiceNo": "536415", "StockCode": "22321", "Description": "BIRD DECORATION RED RETROSPOT", "Quantity": "12", "InvoiceDate": "01-12-2010 11:57", "UnitPrice": "0.85", "CustomerID": "12838", "Country": "United Kingdom"},
{"InvoiceNo": "536415", "StockCode": "22367", "Description": "CHILDRENS APRON SPACEBOY DESIGN", "Quantity": "3", "InvoiceDate": "01-12-2010 11:57", "UnitPrice": "1.95", "CustomerID": "12838", "Country": "United Kingdom"},
{"InvoiceNo": "536415", "StockCode": "22469", "Description": "HEART OF WICKER SMALL", "Quantity": "5", "InvoiceDate": "01-12-2010 11:57", "UnitPrice": "1.65", "CustomerID": "12838", "Country": "United Kingdom"},
{"InvoiceNo": "536415", "StockCode": "22470", "Description": "HEART OF WICKER LARGE", "Quantity": "1", "InvoiceDate": "01-12-2010 11:57", "UnitPrice": "2.95", "CustomerID": "12838", "Country": "United Kingdom"},
{"InvoiceNo": "536415", "StockCode": "22472", "Description": "TV DINNER TRAY DOLLY GIRL", "Quantity": "2", "InvoiceDate": "01-12-2010 11:57", "UnitPrice": "4.95", "CustomerID": "12838", "Country": "United Kingdom"},
{"InvoiceNo": "536415", "StockCode": "22529", "Description": "MAGIC DRAWING SLATE GO TO THE FAIR ", "Quantity": "3", "InvoiceDate": "01-12-2010 11:57", "UnitPrice": "0.42", "CustomerID": "12838", "Country": "United Kingdom"},
{"InvoiceNo": "536415", "StockCode": "22530", "Description": "MAGIC DRAWING SLATE DOLLY GIRL ", "Quantity": "3", "InvoiceDate": "01-12-2010 11:57", "UnitPrice": "0.42", "CustomerID": "12838", "Country": "United Kingdom"},
{"InvoiceNo": "536415", "StockCode": "22531", "Description": "MAGIC DRAWING SLATE CIRCUS PARADE  ", "Quantity": "3", "InvoiceDate": "01-12-2010 11:57", "UnitPrice": "0.42", "CustomerID": "12838", "Country": "United Kingdom"},
{"InvoiceNo": "536415", "StockCode": "22534", "Description": "MAGIC DRAWING SLATE SPACEBOY ", "Quantity": "3", "InvoiceDate": "01-12-2010 11:57", "UnitPrice": "0.42", "CustomerID": "12838", "Country": "United Kingdom"},
{"InvoiceNo": "536415", "StockCode": "22551", "Description": "PLASTERS IN TIN SPACEBOY", "Quantity": "3", "InvoiceDate": "01-12-2010 11:57", "UnitPrice": "1.65", "CustomerID": "12838", "Country": "United Kingdom"},
{"InvoiceNo": "536415", "StockCode": "22554", "Description": "PLASTERS IN TIN WOODLAND ANIMALS", "Quantity": "3", "InvoiceDate": "01-12-2010 11:57", "UnitPrice": "1.65", "CustomerID": "12838", "Country": "United Kingdom"},
{"InvoiceNo": "536415", "StockCode": "22557", "Description": "PLASTERS IN TIN VINTAGE PAISLEY ", "Quantity": "3", "InvoiceDate": "01-12-2010 11:57", "UnitPrice": "1.65", "CustomerID": "12838", "Country": "United Kingdom"},
{"InvoiceNo": "536415", "StockCode": "22565", "Description": "FELTCRAFT HAIRBANDS PINK AND WHITE ", "Quantity": "3", "InvoiceDate": "01-12-2010 11:57", "UnitPrice": "0.85", "CustomerID": "12838", "Country": "United Kingdom"},
{"InvoiceNo": "536415", "StockCode": "22566", "Description": "FELTCRAFT HAIRBAND PINK AND PURPLE", "Quantity": "3", "InvoiceDate": "01-12-2010 11:57", "UnitPrice": "0.85", "CustomerID": "12838", "Country": "United Kingdom"},
{"InvoiceNo": "536415", "StockCode": "22580", "Description": "ADVENT CALENDAR GINGHAM SACK", "Quantity": "1", "InvoiceDate": "01-12-2010 11:57", "UnitPrice": "5.95", "CustomerID": "12838", "Country": "United Kingdom"},
{"InvoiceNo": "536415", "StockCode": "22587", "Description": "FELTCRAFT HAIRBAND RED AND BLUE", "Quantity": "4", "InvoiceDate": "01-12-2010 11:57", "UnitPrice": "0.85", "CustomerID": "12838", "Country": "United Kingdom"},
{"InvoiceNo": "536415", "StockCode": "22593", "Description": "CHRISTMAS GINGHAM STAR", "Quantity": "4", "InvoiceDate": "01-12-2010 11:57", "UnitPrice": "0.85", "CustomerID": "12838", "Country": "United Kingdom"},
{"InvoiceNo": "536415", "StockCode": "22594", "Description": "CHRISTMAS GINGHAM TREE", "Quantity": "5", "InvoiceDate": "01-12-2010 11:57", "UnitPrice": "0.85", "CustomerID": "12838", "Country": "United Kingdom"},
{"InvoiceNo": "536415", "StockCode": "22595", "Description": "CHRISTMAS GINGHAM HEART", "Quantity": "6", "InvoiceDate": "01-12-2010 11:57", "UnitPrice": "0.85", "CustomerID": "12838", "Country": "United Kingdom"},
{"InvoiceNo": "536415", "StockCode": "22616", "Description": "PACK OF 12 LONDON TISSUES ", "Quantity": "12", "InvoiceDate": "01-12-2010 11:57", "UnitPrice": "0.29", "CustomerID": "12838", "Country": "United Kingdom"},
{"InvoiceNo": "536415", "StockCode": "22632", "Description": "HAND WARMER RED RETROSPOT", "Quantity": "3", "InvoiceDate": "01-12-2010 11:57", "UnitPrice": "2.1", "CustomerID": "12838", "Country": "United Kingdom"},
{"InvoiceNo": "536415", "StockCode": "22694", "Description": "WICKER STAR ", "Quantity": "5", "InvoiceDate": "01-12-2010 11:57", "UnitPrice": "2.1", "CustomerID": "12838", "Country": "United Kingdom"},
{"InvoiceNo": "536415", "StockCode": "22695", "Description": "WICKER WREATH SMALL", "Quantity": "3", "InvoiceDate": "01-12-2010 11:57", "UnitPrice": "1.45", "CustomerID": "12838", "Country": "United Kingdom"},
{"InvoiceNo": "536415", "StockCode": "22736", "Description": "RIBBON REEL MAKING SNOWMEN ", "Quantity": "3", "InvoiceDate": "01-12-2010 11:57", "UnitPrice": "1.65", "CustomerID": "12838", "Country": "United Kingdom"},
{"InvoiceNo": "536415", "StockCode": "22738", "Description": "RIBBON REEL SNOWY VILLAGE", "Quantity": "3", "InvoiceDate": "01-12-2010 11:57", "UnitPrice": "1.65", "CustomerID": "12838", "Country": "United Kingdom"},
{"InvoiceNo": "536415", "StockCode": "22739", "Description": "RIBBON REEL CHRISTMAS SOCK BAUBLE", "Quantity": "3", "InvoiceDate": "01-12-2010 11:57", "UnitPrice": "1.65", "CustomerID": "12838", "Country": "United Kingdom"},
{"InvoiceNo": "536415", "StockCode": "22749", "Description": "FELTCRAFT PRINCESS CHARLOTTE DOLL", "Quantity": "2", "InvoiceDate": "01-12-2010 11:57", "UnitPrice": "3.75", "CustomerID": "12838", "Country": "United Kingdom"},
{"InvoiceNo": "536415", "StockCode": "22750", "Description": "FELTCRAFT PRINCESS LOLA DOLL", "Quantity": "2", "InvoiceDate": "01-12-2010 11:57", "UnitPrice": "3.75", "CustomerID": "12838", "Country": "United Kingdom"},
{"InvoiceNo": "536415", "StockCode": "22775", "Description": "PURPLE DRAWERKNOB ACRYLIC EDWARDIAN", "Quantity": "1", "InvoiceDate": "01-12-2010 11:57", "UnitPrice": "1.25", "CustomerID": "12838", "Country": "United Kingdom"},
{"InvoiceNo": "536415", "StockCode": "22807", "Description": "SET OF 6 T-LIGHTS TOADSTOOLS", "Quantity": "12", "InvoiceDate": "01-12-2010 11:57", "UnitPrice": "2.95", "CustomerID": "12838", "Country": "United Kingdom"},
{"InvoiceNo": "536415", "StockCode": "22834", "Description": "HAND WARMER BABUSHKA DESIGN", "Quantity": "3", "InvoiceDate": "01-12-2010 11:57", "UnitPrice": "2.1", "CustomerID": "12838", "Country": "United Kingdom"},
{"InvoiceNo": "536415", "StockCode": "22837", "Description": "HOT WATER BOTTLE BABUSHKA ", "Quantity": "3", "InvoiceDate": "01-12-2010 11:57", "UnitPrice": "4.65", "CustomerID": "12838", "Country": "United Kingdom"},
{"InvoiceNo": "536415", "StockCode": "22865", "Description": "HAND WARMER OWL DESIGN", "Quantity": "3", "InvoiceDate": "01-12-2010 11:57", "UnitPrice": "2.1", "CustomerID": "12838", "Country": "United Kingdom"},
{"InvoiceNo": "536415", "StockCode": "22867", "Description": "HAND WARMER BIRD DESIGN", "Quantity": "3", "InvoiceDate": "01-12-2010 11:57", "UnitPrice": "2.1", "CustomerID": "12838", "Country": "United Kingdom"},
{"InvoiceNo": "536415", "StockCode": "22899", "Description": "CHILDREN'S APRON DOLLY GIRL ", "Quantity": "2", "InvoiceDate": "01-12-2010 11:57", "UnitPrice": "2.1", "CustomerID": "12838", "Country": "United Kingdom"},
{"InvoiceNo": "536415", "StockCode": "22900", "Description": " SET 2 TEA TOWELS I LOVE LONDON ", "Quantity": "3", "InvoiceDate": "01-12-2010 11:57", "UnitPrice": "2.95", "CustomerID": "12838", "Country": "United Kingdom"},
{"InvoiceNo": "536415", "StockCode": "22909", "Description": "SET OF 20 VINTAGE CHRISTMAS NAPKINS", "Quantity": "5", "InvoiceDate": "01-12-2010 11:57", "UnitPrice": "0.85", "CustomerID": "12838", "Country": "United Kingdom"},
{"InvoiceNo": "536415", "StockCode": "22910", "Description": "PAPER CHAIN KIT VINTAGE CHRISTMAS", "Quantity": "5", "InvoiceDate": "01-12-2010 11:57", "UnitPrice": "2.95", "CustomerID": "12838", "Country": "United Kingdom"},
{"InvoiceNo": "536415", "StockCode": "22940", "Description": "FELTCRAFT CHRISTMAS FAIRY", "Quantity": "2", "InvoiceDate": "01-12-2010 11:57", "UnitPrice": "4.25", "CustomerID": "12838", "Country": "United Kingdom"},
{"InvoiceNo": "536415", "StockCode": "22941", "Description": "CHRISTMAS LIGHTS 10 REINDEER", "Quantity": "3", "InvoiceDate": "01-12-2010 11:57", "UnitPrice": "8.5", "CustomerID": "12838", "Country": "United Kingdom"},
{"InvoiceNo": "536415", "StockCode": "22942", "Description": "CHRISTMAS LIGHTS 10 SANTAS ", "Quantity": "3", "InvoiceDate": "01-12-2010 11:57", "UnitPrice": "8.5", "CustomerID": "12838", "Country": "United Kingdom"},
{"InvoiceNo": "536415", "StockCode": "22951", "Description": "60 CAKE CASES DOLLY GIRL DESIGN", "Quantity": "2", "InvoiceDate": "01-12-2010 11:57", "UnitPrice": "0.55", "CustomerID": "12838", "Country": "United Kingdom"},
{"InvoiceNo": "536415", "StockCode": "22952", "Description": "60 CAKE CASES VINTAGE CHRISTMAS", "Quantity": "10", "InvoiceDate": "01-12-2010 11:57", "UnitPrice": "0.55", "CustomerID": "12838", "Country": "United Kingdom"},
{"InvoiceNo": "536415", "StockCode": "22961", "Description": "JAM MAKING SET PRINTED", "Quantity": "3", "InvoiceDate": "01-12-2010 11:57", "UnitPrice": "1.45", "CustomerID": "12838", "Country": "United Kingdom"},
{"InvoiceNo": "536415", "StockCode": "35591T", "Description": "TURQUOISE CHRISTMAS TREE ", "Quantity": "2", "InvoiceDate": "01-12-2010 11:57", "UnitPrice": "1.25", "CustomerID": "12838", "Country": "United Kingdom"},
{"InvoiceNo": "536415", "StockCode": "84032B", "Description": "CHARLIE + LOLA RED HOT WATER BOTTLE", "Quantity": "3", "InvoiceDate": "01-12-2010 11:57", "UnitPrice": "2.95", "CustomerID": "12838", "Country": "United Kingdom"},
{"InvoiceNo": "536415", "StockCode": "85049H", "Description": "URBAN BLACK RIBBONS ", "Quantity": "2", "InvoiceDate": "01-12-2010 11:57", "UnitPrice": "1.25", "CustomerID": "12838", "Country": "United Kingdom"},
{"InvoiceNo": "536425", "StockCode": "21411", "Description": "GINGHAM HEART  DOORSTOP RED", "Quantity": "3", "InvoiceDate": "01-12-2010 12:08", "UnitPrice": "4.25", "CustomerID": "13758", "Country": "United Kingdom"},
{"InvoiceNo": "536425", "StockCode": "21556", "Description": "CERAMIC STRAWBERRY MONEY BOX", "Quantity": "6", "InvoiceDate": "01-12-2010 12:08", "UnitPrice": "2.55", "CustomerID": "13758", "Country": "United Kingdom"},
{"InvoiceNo": "536425", "StockCode": "22449", "Description": "SILK PURSE BABUSHKA PINK", "Quantity": "6", "InvoiceDate": "01-12-2010 12:08", "UnitPrice": "3.35", "CustomerID": "13758", "Country": "United Kingdom"},
{"InvoiceNo": "536425", "StockCode": "22451", "Description": "SILK PURSE BABUSHKA RED", "Quantity": "6", "InvoiceDate": "01-12-2010 12:08", "UnitPrice": "3.35", "CustomerID": "13758", "Country": "United Kingdom"},
{"InvoiceNo": "536425", "StockCode": "22508", "Description": "DOORSTOP RETROSPOT HEART", "Quantity": "8", "InvoiceDate": "01-12-2010 12:08", "UnitPrice": "3.75", "CustomerID": "13758", "Country": "United Kingdom"},
{"InvoiceNo": "536425", "StockCode": "22511", "Description": "RETROSPOT BABUSHKA DOORSTOP", "Quantity": "4", "InvoiceDate": "01-12-2010 12:08", "UnitPrice": "3.75", "CustomerID": "13758", "Country": "United Kingdom"},
{"InvoiceNo": "536425", "StockCode": "22585", "Description": "PACK OF 6 BIRDY GIFT TAGS", "Quantity": "12", "InvoiceDate": "01-12-2010 12:08", "UnitPrice": "1.25", "CustomerID": "13758", "Country": "United Kingdom"},
{"InvoiceNo": "536425", "StockCode": "22637", "Description": "PIGGY BANK RETROSPOT ", "Quantity": "12", "InvoiceDate": "01-12-2010 12:08", "UnitPrice": "2.55", "CustomerID": "13758", "Country": "United Kingdom"},
{"InvoiceNo": "536425", "StockCode": "22644", "Description": "CERAMIC CHERRY CAKE MONEY BANK", "Quantity": "12", "InvoiceDate": "01-12-2010 12:08", "UnitPrice": "1.45", "CustomerID": "13758", "Country": "United Kingdom"},
{"InvoiceNo": "536425", "StockCode": "22645", "Description": "CERAMIC HEART FAIRY CAKE MONEY BANK", "Quantity": "12", "InvoiceDate": "01-12-2010 12:08", "UnitPrice": "1.45", "CustomerID": "13758", "Country": "United Kingdom"},
{"InvoiceNo": "536425", "StockCode": "22646", "Description": "CERAMIC STRAWBERRY CAKE MONEY BANK", "Quantity": "12", "InvoiceDate": "01-12-2010 12:08", "UnitPrice": "1.45", "CustomerID": "13758", "Country": "United Kingdom"},
{"InvoiceNo": "536425", "StockCode": "22650", "Description": "CERAMIC PIRATE CHEST MONEY BANK", "Quantity": "12", "InvoiceDate": "01-12-2010 12:08", "UnitPrice": "1.45", "CustomerID": "13758", "Country": "United Kingdom"},
{"InvoiceNo": "536425", "StockCode": "22768", "Description": "FAMILY PHOTO FRAME CORNICE", "Quantity": "2", "InvoiceDate": "01-12-2010 12:08", "UnitPrice": "9.95", "CustomerID": "13758", "Country": "United Kingdom"},
{"InvoiceNo": "536425", "StockCode": "22829", "Description": "SWEETHEART WIRE WALL TIDY", "Quantity": "2", "InvoiceDate": "01-12-2010 12:08", "UnitPrice": "9.95", "CustomerID": "13758", "Country": "United Kingdom"},
{"InvoiceNo": "536425", "StockCode": "22837", "Description": "HOT WATER BOTTLE BABUSHKA ", "Quantity": "8", "InvoiceDate": "01-12-2010 12:08", "UnitPrice": "4.65", "CustomerID": "13758", "Country": "United Kingdom"},
{"InvoiceNo": "536425", "StockCode": "22961", "Description": "JAM MAKING SET PRINTED", "Quantity": "12", "InvoiceDate": "01-12-2010 12:08", "UnitPrice": "1.45", "CustomerID": "13758", "Country": "United Kingdom"},
{"InvoiceNo": "536425", "StockCode": "79321", "Description": "CHILLI LIGHTS", "Quantity": "8", "InvoiceDate": "01-12-2010 12:08", "UnitPrice": "4.95", "CustomerID": "13758", "Country": "United Kingdom"},
{"InvoiceNo": "536525", "StockCode": "20750", "Description": "RED RETROSPOT MINI CASES", "Quantity": "10", "InvoiceDate": "01-12-2010 12:54", "UnitPrice": "7.95", "CustomerID": "14078", "Country": "United Kingdom"},
{"InvoiceNo": "536525", "StockCode": "20973", "Description": "12 PENCIL SMALL TUBE WOODLAND", "Quantity": "2", "InvoiceDate": "01-12-2010 12:54", "UnitPrice": "0.65", "CustomerID": "14078", "Country": "United Kingdom"},
{"InvoiceNo": "536525", "StockCode": "20974", "Description": "12 PENCILS SMALL TUBE SKULL", "Quantity": "3", "InvoiceDate": "01-12-2010 12:54", "UnitPrice": "0.65", "CustomerID": "14078", "Country": "United Kingdom"},
{"InvoiceNo": "536525", "StockCode": "21324", "Description": "HANGING MEDINA LANTERN SMALL", "Quantity": "2", "InvoiceDate": "01-12-2010 12:54", "UnitPrice": "2.95", "CustomerID": "14078", "Country": "United Kingdom"},
{"InvoiceNo": "536525", "StockCode": "21791", "Description": "VINTAGE HEADS AND TAILS CARD GAME ", "Quantity": "1", "InvoiceDate": "01-12-2010 12:54", "UnitPrice": "1.25", "CustomerID": "14078", "Country": "United Kingdom"},
{"InvoiceNo": "536525", "StockCode": "21826", "Description": "EIGHT PIECE DINOSAUR SET", "Quantity": "2", "InvoiceDate": "01-12-2010 12:54", "UnitPrice": "1.25", "CustomerID": "14078", "Country": "United Kingdom"},
{"InvoiceNo": "536525", "StockCode": "22149", "Description": "FELTCRAFT 6 FLOWER FRIENDS", "Quantity": "1", "InvoiceDate": "01-12-2010 12:54", "UnitPrice": "2.1", "CustomerID": "14078", "Country": "United Kingdom"},
{"InvoiceNo": "536525", "StockCode": "22423", "Description": "REGENCY CAKESTAND 3 TIER", "Quantity": "2", "InvoiceDate": "01-12-2010 12:54", "UnitPrice": "12.75", "CustomerID": "14078", "Country": "United Kingdom"},
{"InvoiceNo": "536525", "StockCode": "22428", "Description": "ENAMEL FIRE BUCKET CREAM", "Quantity": "1", "InvoiceDate": "01-12-2010 12:54", "UnitPrice": "6.95", "CustomerID": "14078", "Country": "United Kingdom"},
{"InvoiceNo": "536525", "StockCode": "22429", "Description": "ENAMEL MEASURING JUG CREAM", "Quantity": "1", "InvoiceDate": "01-12-2010 12:54", "UnitPrice": "4.25", "CustomerID": "14078", "Country": "United Kingdom"},
{"InvoiceNo": "536525", "StockCode": "22548", "Description": "HEADS AND TAILS SPORTING FUN", "Quantity": "1", "InvoiceDate": "01-12-2010 12:54", "UnitPrice": "1.25", "CustomerID": "14078", "Country": "United Kingdom"},
{"InvoiceNo": "536525", "StockCode": "15044B", "Description": "BLUE PAPER PARASOL ", "Quantity": "1", "InvoiceDate": "01-12-2010 12:54", "UnitPrice": "2.95", "CustomerID": "14078", "Country": "United Kingdom"},
{"InvoiceNo": "536525", "StockCode": "17164B", "Description": "ASS COL SMALL SAND GECKO P'WEIGHT", "Quantity": "2", "InvoiceDate": "01-12-2010 12:54", "UnitPrice": "0.42", "CustomerID": "14078", "Country": "United Kingdom"},
{"InvoiceNo": "536535", "StockCode": "20685", "Description": "DOORMAT RED RETROSPOT", "Quantity": "2", "InvoiceDate": "01-12-2010 13:38", "UnitPrice": "7.95", "CustomerID": "15605", "Country": "United Kingdom"},
{"InvoiceNo": "536535", "StockCode": "21156", "Description": "RETROSPOT CHILDRENS APRON", "Quantity": "8", "InvoiceDate": "01-12-2010 13:38", "UnitPrice": "1.95", "CustomerID": "15605", "Country": "United Kingdom"},
{"InvoiceNo": "536535", "StockCode": "21485", "Description": "RETROSPOT HEART HOT WATER BOTTLE", "Quantity": "3", "InvoiceDate": "01-12-2010 13:38", "UnitPrice": "4.95", "CustomerID": "15605", "Country": "United Kingdom"},
{"InvoiceNo": "536535", "StockCode": "21523", "Description": "DOORMAT FANCY FONT HOME SWEET HOME", "Quantity": "2", "InvoiceDate": "01-12-2010 13:38", "UnitPrice": "7.95", "CustomerID": "15605", "Country": "United Kingdom"},
{"InvoiceNo": "536535", "StockCode": "22118", "Description": "JOY WOODEN BLOCK LETTERS", "Quantity": "3", "InvoiceDate": "01-12-2010 13:38", "UnitPrice": "4.95", "CustomerID": "15605", "Country": "United Kingdom"},
{"InvoiceNo": "536535", "StockCode": "22119", "Description": "PEACE WOODEN BLOCK LETTERS", "Quantity": "3", "InvoiceDate": "01-12-2010 13:38", "UnitPrice": "6.95", "CustomerID": "15605", "Country": "United Kingdom"},
{"InvoiceNo": "536535", "StockCode": "22121", "Description": "NOEL WOODEN BLOCK LETTERS ", "Quantity": "3", "InvoiceDate": "01-12-2010 13:38", "UnitPrice": "5.95", "CustomerID": "15605", "Country": "United Kingdom"},
{"InvoiceNo": "536535", "StockCode": "22219", "Description": "LOVEBIRD HANGING DECORATION WHITE ", "Quantity": "12", "InvoiceDate": "01-12-2010 13:38", "UnitPrice": "0.85", "CustomerID": "15605", "Country": "United Kingdom"},
{"InvoiceNo": "536535", "StockCode": "22311", "Description": "OFFICE MUG WARMER BLACK+SILVER ", "Quantity": "6", "InvoiceDate": "01-12-2010 13:38", "UnitPrice": "2.95", "CustomerID": "15605", "Country": "United Kingdom"},
{"InvoiceNo": "536535", "StockCode": "22418", "Description": "10 COLOUR SPACEBOY PEN", "Quantity": "24", "InvoiceDate": "01-12-2010 13:38", "UnitPrice": "0.85", "CustomerID": "15605", "Country": "United Kingdom"},
{"InvoiceNo": "536535", "StockCode": "22943", "Description": "CHRISTMAS LIGHTS 10 VINTAGE BAUBLES", "Quantity": "3", "InvoiceDate": "01-12-2010 13:38", "UnitPrice": "4.95", "CustomerID": "15605", "Country": "United Kingdom"},
{"InvoiceNo": "536535", "StockCode": "48194", "Description": "DOORMAT HEARTS", "Quantity": "2", "InvoiceDate": "01-12-2010 13:38", "UnitPrice": "7.95", "CustomerID": "15605", "Country": "United Kingdom"},
{"InvoiceNo": "536545", "StockCode": "21134", "Description": "", "Quantity": "1", "InvoiceDate": "01-12-2010 14:32", "UnitPrice": "0", "CustomerID": "", "Country": "United Kingdom"},
{"InvoiceNo": "536555", "StockCode": "20697", "Description": "LITTLE GREEN MONSTER SOFT TOY", "Quantity": "1", "InvoiceDate": "01-12-2010 14:37", "UnitPrice": "2.55", "CustomerID": "", "Country": "United Kingdom"},
{"InvoiceNo": "536555", "StockCode": "22716", "Description": "CARD CIRCUS PARADE", "Quantity": "1", "InvoiceDate": "01-12-2010 14:37", "UnitPrice": "0.42", "CustomerID": "", "Country": "United Kingdom"},
{"InvoiceNo": "536565", "StockCode": "21369", "Description": "MIRRORED WALL ART SPLODGES", "Quantity": "1", "InvoiceDate": "01-12-2010 15:15", "UnitPrice": "3.75", "CustomerID": "", "Country": "United Kingdom"},
{"InvoiceNo": "536565", "StockCode": "21372", "Description": "MIRRORED WALL ART TABLE LAMP", "Quantity": "1", "InvoiceDate": "01-12-2010 15:15", "UnitPrice": "2.95", "CustomerID": "", "Country": "United Kingdom"},
{"InvoiceNo": "536575", "StockCode": "21107", "Description": "CREAM SLICE FLANNEL PINK SPOT ", "Quantity": "72", "InvoiceDate": "01-12-2010 16:01", "UnitPrice": "2.55", "CustomerID": "13777", "Country": "United Kingdom"},
{"InvoiceNo": "536575", "StockCode": "21232", "Description": "STRAWBERRY CERAMIC TRINKET BOX", "Quantity": "144", "InvoiceDate": "01-12-2010 16:01", "UnitPrice": "1.25", "CustomerID": "13777", "Country": "United Kingdom"},
{"InvoiceNo": "536575", "StockCode": "21864", "Description": "UNION JACK FLAG PASSPORT COVER ", "Quantity": "72", "InvoiceDate": "01-12-2010 16:01", "UnitPrice": "1.69", "CustomerID": "13777", "Country": "United Kingdom"},
{"InvoiceNo": "536575", "StockCode": "22095", "Description": "LADS ONLY TISSUE BOX", "Quantity": "252", "InvoiceDate": "01-12-2010 16:01", "UnitPrice": "1.25", "CustomerID": "13777", "Country": "United Kingdom"},
{"InvoiceNo": "536575", "StockCode": "84050", "Description": "PINK HEART SHAPE EGG FRYING PAN", "Quantity": "72", "InvoiceDate": "01-12-2010 16:01", "UnitPrice": "1.25", "CustomerID": "13777", "Country": "United Kingdom"},
{"InvoiceNo": "536575", "StockCode": "15056P", "Description": "EDWARDIAN PARASOL PINK", "Quantity": "48", "InvoiceDate": "01-12-2010 16:01", "UnitPrice": "4.6", "CustomerID": "13777", "Country": "United Kingdom"},
{"InvoiceNo": "536575", "StockCode": "85099B", "Description": "JUMBO BAG RED RETROSPOT", "Quantity": "70", "InvoiceDate": "01-12-2010 16:01", "UnitPrice": "1.65", "CustomerID": "13777", "Country": "United Kingdom"},
{"InvoiceNo": "536575", "StockCode": "85123A", "Description": "WHITE HANGING HEART T-LIGHT HOLDER", "Quantity": "128", "InvoiceDate": "01-12-2010 16:01", "UnitPrice": "2.55", "CustomerID": "13777", "Country": "United Kingdom"},
{"InvoiceNo": "536585", "StockCode": "37449", "Description": "CERAMIC CAKE STAND + HANGING CAKES", "Quantity": "2", "InvoiceDate": "01-12-2010 16:24", "UnitPrice": "9.95", "CustomerID": "17460", "Country": "United Kingdom"},
{"InvoiceNo": "536595", "StockCode": "20679", "Description": "EDWARDIAN PARASOL RED", "Quantity": "1", "InvoiceDate": "01-12-2010 17:24", "UnitPrice": "5.95", "CustomerID": "13576", "Country": "United Kingdom"},
{"InvoiceNo": "536595", "StockCode": "20765", "Description": "CHRYSANTHEMUM SKETCHBOOK ", "Quantity": "2", "InvoiceDate": "01-12-2010 17:24", "UnitPrice": "3.75", "CustomerID": "13576", "Country": "United Kingdom"},
{"InvoiceNo": "536595", "StockCode": "21137", "Description": "BLACK RECORD COVER FRAME", "Quantity": "60", "InvoiceDate": "01-12-2010 17:24", "UnitPrice": "3.39", "CustomerID": "13576", "Country": "United Kingdom"},
{"InvoiceNo": "536595", "StockCode": "21577", "Description": "SAVE THE PLANET COTTON TOTE BAG", "Quantity": "1", "InvoiceDate": "01-12-2010 17:24", "UnitPrice": "2.25", "CustomerID": "13576", "Country": "United Kingdom"},
{"InvoiceNo": "536595", "StockCode": "21705", "Description": "BAG 500g SWIRLY MARBLES", "Quantity": "5", "InvoiceDate": "01-12-2010 17:24", "UnitPrice": "1.65", "CustomerID": "13576", "Country": "United Kingdom"},
{"InvoiceNo": "536595", "StockCode": "21756", "Description": "BATH BUILDING BLOCK WORD", "Quantity": "4", "InvoiceDate": "01-12-2010 17:24", "UnitPrice": "5.95", "CustomerID": "13576", "Country": "United Kingdom"},
{"InvoiceNo": "536595", "StockCode": "21877", "Description": "HOME SWEET HOME MUG", "Quantity": "1", "InvoiceDate": "01-12-2010 17:24", "UnitPrice": "1.25", "CustomerID": "13576", "Country": "United Kingdom"},
{"InvoiceNo": "536595", "StockCode": "22041", "Description": "RECORD FRAME 7\" SINGLE SIZE ", "Quantity": "24", "InvoiceDate": "01-12-2010 17:24", "UnitPrice": "2.55", "CustomerID": "13576", "Country": "United Kingdom"},
{"InvoiceNo": "536595", "StockCode": "22121", "Description": "NOEL WOODEN BLOCK LETTERS ", "Quantity": "4", "InvoiceDate": "01-12-2010 17:24", "UnitPrice": "5.95", "CustomerID": "13576", "Country": "United Kingdom"},
{"InvoiceNo": "536595", "StockCode": "22524", "Description": "CHILDRENS GARDEN GLOVES BLUE", "Quantity": "1", "InvoiceDate": "01-12-2010 17:24", "UnitPrice": "1.25", "CustomerID": "13576", "Country": "United Kingdom"},
{"InvoiceNo": "536595", "StockCode": "22694", "Description": "WICKER STAR ", "Quantity": "5", "InvoiceDate": "01-12-2010 17:24", "UnitPrice": "2.1", "CustomerID": "13576", "Country": "United Kingdom"}
]